Fitter report for version1
Wed Jan 21 20:15:46 2026
Quartus Prime Version 24.1std.0 Build 1077 03/04/2025 SC Lite Edition


---------------------
; Table of Contents ;
---------------------
  1. Legal Notice
  2. Fitter Summary
  3. Fitter Settings
  4. Parallel Compilation
  5. Fitter Netlist Optimizations
  6. Incremental Compilation Preservation Summary
  7. Incremental Compilation Partition Settings
  8. Incremental Compilation Placement Preservation
  9. Pin-Out File
 10. Fitter Resource Usage Summary
 11. Fitter Partition Statistics
 12. Input Pins
 13. Output Pins
 14. I/O Bank Usage
 15. All Package Pins
 16. I/O Assignment Warnings
 17. Fitter Resource Utilization by Entity
 18. Delay Chain Summary
 19. Pad To Core Delay Chain Fanout
 20. Control Signals
 21. Global & Other Fast Signals
 22. Non-Global High Fan-Out Signals
 23. Routing Usage Summary
 24. I/O Rules Summary
 25. I/O Rules Details
 26. I/O Rules Matrix
 27. Fitter Device Options
 28. Operating Settings and Conditions
 29. Estimated Delay Added for Hold Timing Summary
 30. Estimated Delay Added for Hold Timing Details
 31. Fitter Messages
 32. Fitter Suppressed Messages



----------------
; Legal Notice ;
----------------
Copyright (C) 2025  Altera Corporation. All rights reserved.
Your use of Altera Corporation's design tools, logic functions 
and other software and tools, and any partner logic 
functions, and any output files from any of the foregoing 
(including device programming or simulation files), and any 
associated documentation or information are expressly subject 
to the terms and conditions of the Altera Program License 
Subscription Agreement, the Altera Quartus Prime License Agreement,
the Altera IP License Agreement, or other applicable license
agreement, including, without limitation, that your use is for
the sole purpose of programming logic devices manufactured by
Altera and sold by Altera or its authorized distributors.  Please
refer to the Altera Software License Subscription Agreements 
on the Quartus Prime software download page.



+-----------------------------------------------------------------------------------+
; Fitter Summary                                                                    ;
+---------------------------------+-------------------------------------------------+
; Fitter Status                   ; Successful - Wed Jan 21 20:15:46 2026           ;
; Quartus Prime Version           ; 24.1std.0 Build 1077 03/04/2025 SC Lite Edition ;
; Revision Name                   ; version1                                        ;
; Top-level Entity Name           ; keccak_prg_xof_adapter                          ;
; Family                          ; Cyclone V                                       ;
; Device                          ; 5CGXFC9E7F35C8                                  ;
; Timing Models                   ; Final                                           ;
; Logic utilization (in ALMs)     ; 4,701 / 113,560 ( 4 % )                         ;
; Total registers                 ; 2769                                            ;
; Total pins                      ; 31 / 616 ( 5 % )                                ;
; Total virtual pins              ; 0                                               ;
; Total block memory bits         ; 0 / 12,492,800 ( 0 % )                          ;
; Total RAM Blocks                ; 0 / 1,220 ( 0 % )                               ;
; Total DSP Blocks                ; 0 / 342 ( 0 % )                                 ;
; Total HSSI RX PCSs              ; 0 / 12 ( 0 % )                                  ;
; Total HSSI PMA RX Deserializers ; 0 / 12 ( 0 % )                                  ;
; Total HSSI TX PCSs              ; 0 / 12 ( 0 % )                                  ;
; Total HSSI PMA TX Serializers   ; 0 / 12 ( 0 % )                                  ;
; Total PLLs                      ; 0 / 20 ( 0 % )                                  ;
; Total DLLs                      ; 0 / 4 ( 0 % )                                   ;
+---------------------------------+-------------------------------------------------+


+----------------------------------------------------------------------------------------------------------------------------------------------------+
; Fitter Settings                                                                                                                                    ;
+--------------------------------------------------------------------+---------------------------------------+---------------------------------------+
; Option                                                             ; Setting                               ; Default Value                         ;
+--------------------------------------------------------------------+---------------------------------------+---------------------------------------+
; Device                                                             ; 5CGXFC9E7F35C8                        ;                                       ;
; Minimum Core Junction Temperature                                  ; 0                                     ;                                       ;
; Maximum Core Junction Temperature                                  ; 85                                    ;                                       ;
; Use smart compilation                                              ; Off                                   ; Off                                   ;
; Enable parallel Assembler and Timing Analyzer during compilation   ; On                                    ; On                                    ;
; Enable compact report table                                        ; Off                                   ; Off                                   ;
; Router Timing Optimization Level                                   ; Normal                                ; Normal                                ;
; Perform Clocking Topology Analysis During Routing                  ; Off                                   ; Off                                   ;
; Placement Effort Multiplier                                        ; 1.0                                   ; 1.0                                   ;
; Device initialization clock source                                 ; INIT_INTOSC                           ; INIT_INTOSC                           ;
; Optimize Hold Timing                                               ; All Paths                             ; All Paths                             ;
; Optimize Multi-Corner Timing                                       ; On                                    ; On                                    ;
; Auto RAM to MLAB Conversion                                        ; On                                    ; On                                    ;
; Equivalent RAM and MLAB Power Up                                   ; Auto                                  ; Auto                                  ;
; Equivalent RAM and MLAB Paused Read Capabilities                   ; Care                                  ; Care                                  ;
; Power Optimization During Fitting                                  ; Normal compilation                    ; Normal compilation                    ;
; SSN Optimization                                                   ; Off                                   ; Off                                   ;
; Optimize Timing                                                    ; Normal compilation                    ; Normal compilation                    ;
; Optimize Timing for ECOs                                           ; Off                                   ; Off                                   ;
; Regenerate Full Fit Report During ECO Compiles                     ; Off                                   ; Off                                   ;
; Optimize IOC Register Placement for Timing                         ; Normal                                ; Normal                                ;
; Final Placement Optimizations                                      ; Automatically                         ; Automatically                         ;
; Fitter Aggressive Routability Optimizations                        ; Automatically                         ; Automatically                         ;
; Fitter Initial Placement Seed                                      ; 1                                     ; 1                                     ;
; Periphery to Core Placement and Routing Optimization               ; Off                                   ; Off                                   ;
; Weak Pull-Up Resistor                                              ; Off                                   ; Off                                   ;
; Enable Bus-Hold Circuitry                                          ; Off                                   ; Off                                   ;
; Auto Packed Registers                                              ; Auto                                  ; Auto                                  ;
; Auto Delay Chains                                                  ; On                                    ; On                                    ;
; Auto Delay Chains for High Fanout Input Pins                       ; Off                                   ; Off                                   ;
; Treat Bidirectional Pin as Output Pin                              ; Off                                   ; Off                                   ;
; Perform Physical Synthesis for Combinational Logic for Fitting     ; Off                                   ; Off                                   ;
; Perform Physical Synthesis for Combinational Logic for Performance ; Off                                   ; Off                                   ;
; Perform Register Duplication for Performance                       ; Off                                   ; Off                                   ;
; Perform Register Retiming for Performance                          ; Off                                   ; Off                                   ;
; Perform Asynchronous Signal Pipelining                             ; Off                                   ; Off                                   ;
; Fitter Effort                                                      ; Auto Fit                              ; Auto Fit                              ;
; Physical Synthesis Effort Level                                    ; Normal                                ; Normal                                ;
; Logic Cell Insertion - Logic Duplication                           ; Auto                                  ; Auto                                  ;
; Auto Register Duplication                                          ; Auto                                  ; Auto                                  ;
; Auto Global Clock                                                  ; On                                    ; On                                    ;
; Auto Global Register Control Signals                               ; On                                    ; On                                    ;
; Reserve all unused pins                                            ; As input tri-stated with weak pull-up ; As input tri-stated with weak pull-up ;
; Synchronizer Identification                                        ; Auto                                  ; Auto                                  ;
; Enable Beneficial Skew Optimization                                ; On                                    ; On                                    ;
; Optimize Design for Metastability                                  ; On                                    ; On                                    ;
; Active Serial clock source                                         ; FREQ_100MHz                           ; FREQ_100MHz                           ;
; Force Fitter to Avoid Periphery Placement Warnings                 ; Off                                   ; Off                                   ;
; Clamping Diode                                                     ; Off                                   ; Off                                   ;
; Enable input tri-state on active configuration pins in user mode   ; Off                                   ; Off                                   ;
; Advanced Physical Optimization                                     ; On                                    ; On                                    ;
+--------------------------------------------------------------------+---------------------------------------+---------------------------------------+


+------------------------------------------+
; Parallel Compilation                     ;
+----------------------------+-------------+
; Processors                 ; Number      ;
+----------------------------+-------------+
; Number detected on machine ; 12          ;
; Maximum allowed            ; 6           ;
;                            ;             ;
; Average used               ; 1.10        ;
; Maximum used               ; 6           ;
;                            ;             ;
; Usage by Processor         ; % Time Used ;
;     Processor 1            ; 100.0%      ;
;     Processor 2            ;   2.1%      ;
;     Processor 3            ;   2.1%      ;
;     Processor 4            ;   2.0%      ;
;     Processor 5            ;   1.8%      ;
;     Processor 6            ;   1.8%      ;
+----------------------------+-------------+


+------------------------------------------------------------------------------------------------------------------------------------------------------------------+
; Fitter Netlist Optimizations                                                                                                                                     ;
+--------------------+---------+-----------+----------------------------+-----------+----------------+------------------+------------------+-----------------------+
; Node               ; Action  ; Operation ; Reason                     ; Node Port ; Node Port Name ; Destination Node ; Destination Port ; Destination Port Name ;
+--------------------+---------+-----------+----------------------------+-----------+----------------+------------------+------------------+-----------------------+
; clk~inputCLKENA0   ; Created ; Placement ; Fitter Periphery Placement ;           ;                ;                  ;                  ;                       ;
; rst_n~inputCLKENA0 ; Created ; Placement ; Fitter Periphery Placement ;           ;                ;                  ;                  ;                       ;
+--------------------+---------+-----------+----------------------------+-----------+----------------+------------------+------------------+-----------------------+


+----------------------------------------------------------------------------------------------------+
; Incremental Compilation Preservation Summary                                                       ;
+---------------------+----------------------+----------------------------+--------------------------+
; Type                ; Total [A + B]        ; From Design Partitions [A] ; From Rapid Recompile [B] ;
+---------------------+----------------------+----------------------------+--------------------------+
; Placement (by node) ;                      ;                            ;                          ;
;     -- Requested    ; 0.00 % ( 0 / 10011 ) ; 0.00 % ( 0 / 10011 )       ; 0.00 % ( 0 / 10011 )     ;
;     -- Achieved     ; 0.00 % ( 0 / 10011 ) ; 0.00 % ( 0 / 10011 )       ; 0.00 % ( 0 / 10011 )     ;
;                     ;                      ;                            ;                          ;
; Routing (by net)    ;                      ;                            ;                          ;
;     -- Requested    ; 0.00 % ( 0 / 0 )     ; 0.00 % ( 0 / 0 )           ; 0.00 % ( 0 / 0 )         ;
;     -- Achieved     ; 0.00 % ( 0 / 0 )     ; 0.00 % ( 0 / 0 )           ; 0.00 % ( 0 / 0 )         ;
+---------------------+----------------------+----------------------------+--------------------------+


+----------------------------------------------------------------------------------------------------------------------------------------------------------------------------------------+
; Incremental Compilation Partition Settings                                                                                                                                             ;
+--------------------------------+----------------+-------------------+-------------------------+------------------------+------------------------------+--------------------------------+
; Partition Name                 ; Partition Type ; Netlist Type Used ; Preservation Level Used ; Netlist Type Requested ; Preservation Level Requested ; Contents                       ;
+--------------------------------+----------------+-------------------+-------------------------+------------------------+------------------------------+--------------------------------+
; Top                            ; User-created   ; Source File       ; N/A                     ; Source File            ; N/A                          ;                                ;
; hard_block:auto_generated_inst ; Auto-generated ; Source File       ; N/A                     ; Source File            ; N/A                          ; hard_block:auto_generated_inst ;
+--------------------------------+----------------+-------------------+-------------------------+------------------------+------------------------------+--------------------------------+


+------------------------------------------------------------------------------------------------------------------------------------+
; Incremental Compilation Placement Preservation                                                                                     ;
+--------------------------------+-----------------------+-------------------------+-------------------+---------------------+-------+
; Partition Name                 ; Preservation Achieved ; Preservation Level Used ; Netlist Type Used ; Preservation Method ; Notes ;
+--------------------------------+-----------------------+-------------------------+-------------------+---------------------+-------+
; Top                            ; 0.00 % ( 0 / 10011 )  ; N/A                     ; Source File       ; N/A                 ;       ;
; hard_block:auto_generated_inst ; 0.00 % ( 0 / 0 )      ; N/A                     ; Source File       ; N/A                 ;       ;
+--------------------------------+-----------------------+-------------------------+-------------------+---------------------+-------+


+--------------+
; Pin-Out File ;
+--------------+
The pin-out file can be found in C:/Users/aldri/OneDrive/Documents/RBL/quartus_workspace/g5/output_files/version1.pin.


+---------------------------------------------------------------------------------------------+
; Fitter Resource Usage Summary                                                               ;
+-------------------------------------------------------------+-----------------------+-------+
; Resource                                                    ; Usage                 ; %     ;
+-------------------------------------------------------------+-----------------------+-------+
; Logic utilization (ALMs needed / total ALMs on device)      ; 4,701 / 113,560       ; 4 %   ;
; ALMs needed [=A-B+C]                                        ; 4,701                 ;       ;
;     [A] ALMs used in final placement [=a+b+c+d]             ; 4,982 / 113,560       ; 4 %   ;
;         [a] ALMs used for LUT logic and registers           ; 1,367                 ;       ;
;         [b] ALMs used for LUT logic                         ; 3,597                 ;       ;
;         [c] ALMs used for registers                         ; 18                    ;       ;
;         [d] ALMs used for memory (up to half of total ALMs) ; 0                     ;       ;
;     [B] Estimate of ALMs recoverable by dense packing       ; 420 / 113,560         ; < 1 % ;
;     [C] Estimate of ALMs unavailable [=a+b+c+d]             ; 139 / 113,560         ; < 1 % ;
;         [a] Due to location constrained logic               ; 0                     ;       ;
;         [b] Due to LAB-wide signal conflicts                ; 1                     ;       ;
;         [c] Due to LAB input limits                         ; 138                   ;       ;
;         [d] Due to virtual I/Os                             ; 0                     ;       ;
;                                                             ;                       ;       ;
; Difficulty packing design                                   ; Low                   ;       ;
;                                                             ;                       ;       ;
; Total LABs:  partially or completely used                   ; 619 / 11,356          ; 5 %   ;
;     -- Logic LABs                                           ; 619                   ;       ;
;     -- Memory LABs (up to half of total LABs)               ; 0                     ;       ;
;                                                             ;                       ;       ;
; Combinational ALUT usage for logic                          ; 7,178                 ;       ;
;     -- 7 input functions                                    ; 0                     ;       ;
;     -- 6 input functions                                    ; 1,627                 ;       ;
;     -- 5 input functions                                    ; 2,441                 ;       ;
;     -- 4 input functions                                    ; 765                   ;       ;
;     -- <=3 input functions                                  ; 2,345                 ;       ;
; Combinational ALUT usage for route-throughs                 ; 8                     ;       ;
;                                                             ;                       ;       ;
; Dedicated logic registers                                   ; 2,769                 ;       ;
;     -- By type:                                             ;                       ;       ;
;         -- Primary logic registers                          ; 2,769 / 227,120       ; 1 %   ;
;         -- Secondary logic registers                        ; 0 / 227,120           ; 0 %   ;
;     -- By function:                                         ;                       ;       ;
;         -- Design implementation registers                  ; 2,769                 ;       ;
;         -- Routing optimization registers                   ; 0                     ;       ;
;                                                             ;                       ;       ;
; Virtual pins                                                ; 0                     ;       ;
; I/O pins                                                    ; 31 / 616              ; 5 %   ;
;     -- Clock pins                                           ; 2 / 16                ; 13 %  ;
;     -- Dedicated input pins                                 ; 0 / 35                ; 0 %   ;
;                                                             ;                       ;       ;
; M10K blocks                                                 ; 0 / 1,220             ; 0 %   ;
; Total MLAB memory bits                                      ; 0                     ;       ;
; Total block memory bits                                     ; 0 / 12,492,800        ; 0 %   ;
; Total block memory implementation bits                      ; 0 / 12,492,800        ; 0 %   ;
;                                                             ;                       ;       ;
; Total DSP Blocks                                            ; 0 / 342               ; 0 %   ;
;                                                             ;                       ;       ;
; Fractional PLLs                                             ; 0 / 8                 ; 0 %   ;
; Global signals                                              ; 2                     ;       ;
;     -- Global clocks                                        ; 2 / 16                ; 13 %  ;
;     -- Quadrant clocks                                      ; 0 / 88                ; 0 %   ;
;     -- Horizontal periphery clocks                          ; 0 / 24                ; 0 %   ;
; SERDES Transmitters                                         ; 0 / 140               ; 0 %   ;
; SERDES Receivers                                            ; 0 / 140               ; 0 %   ;
; JTAGs                                                       ; 0 / 1                 ; 0 %   ;
; ASMI blocks                                                 ; 0 / 1                 ; 0 %   ;
; CRC blocks                                                  ; 0 / 1                 ; 0 %   ;
; Remote update blocks                                        ; 0 / 1                 ; 0 %   ;
; Oscillator blocks                                           ; 0 / 1                 ; 0 %   ;
; Hard IPs                                                    ; 0 / 2                 ; 0 %   ;
; Standard RX PCSs                                            ; 0 / 12                ; 0 %   ;
; HSSI PMA RX Deserializers                                   ; 0 / 12                ; 0 %   ;
; Standard TX PCSs                                            ; 0 / 12                ; 0 %   ;
; HSSI PMA TX Serializers                                     ; 0 / 12                ; 0 %   ;
; Channel PLLs                                                ; 0 / 12                ; 0 %   ;
; Impedance control blocks                                    ; 0 / 3                 ; 0 %   ;
; Hard Memory Controllers                                     ; 0 / 2                 ; 0 %   ;
; Average interconnect usage (total/H/V)                      ; 3.2% / 3.2% / 3.5%    ;       ;
; Peak interconnect usage (total/H/V)                         ; 67.8% / 68.5% / 65.7% ;       ;
; Maximum fan-out                                             ; 2769                  ;       ;
; Highest non-global fan-out                                  ; 1625                  ;       ;
; Total fan-out                                               ; 44030                 ;       ;
; Average fan-out                                             ; 4.39                  ;       ;
+-------------------------------------------------------------+-----------------------+-------+


+-----------------------------------------------------------------------------------------------------------------------+
; Fitter Partition Statistics                                                                                           ;
+-------------------------------------------------------------+------------------------+--------------------------------+
; Statistic                                                   ; Top                    ; hard_block:auto_generated_inst ;
+-------------------------------------------------------------+------------------------+--------------------------------+
; Logic utilization (ALMs needed / total ALMs on device)      ; 4701 / 113560 ( 4 % )  ; 0 / 113560 ( 0 % )             ;
; ALMs needed [=A-B+C]                                        ; 4701                   ; 0                              ;
;     [A] ALMs used in final placement [=a+b+c+d]             ; 4982 / 113560 ( 4 % )  ; 0 / 113560 ( 0 % )             ;
;         [a] ALMs used for LUT logic and registers           ; 1367                   ; 0                              ;
;         [b] ALMs used for LUT logic                         ; 3597                   ; 0                              ;
;         [c] ALMs used for registers                         ; 18                     ; 0                              ;
;         [d] ALMs used for memory (up to half of total ALMs) ; 0                      ; 0                              ;
;     [B] Estimate of ALMs recoverable by dense packing       ; 420 / 113560 ( < 1 % ) ; 0 / 113560 ( 0 % )             ;
;     [C] Estimate of ALMs unavailable [=a+b+c+d]             ; 139 / 113560 ( < 1 % ) ; 0 / 113560 ( 0 % )             ;
;         [a] Due to location constrained logic               ; 0                      ; 0                              ;
;         [b] Due to LAB-wide signal conflicts                ; 1                      ; 0                              ;
;         [c] Due to LAB input limits                         ; 138                    ; 0                              ;
;         [d] Due to virtual I/Os                             ; 0                      ; 0                              ;
;                                                             ;                        ;                                ;
; Difficulty packing design                                   ; Low                    ; Low                            ;
;                                                             ;                        ;                                ;
; Total LABs:  partially or completely used                   ; 619 / 11356 ( 5 % )    ; 0 / 11356 ( 0 % )              ;
;     -- Logic LABs                                           ; 619                    ; 0                              ;
;     -- Memory LABs (up to half of total LABs)               ; 0                      ; 0                              ;
;                                                             ;                        ;                                ;
; Combinational ALUT usage for logic                          ; 7178                   ; 0                              ;
;     -- 7 input functions                                    ; 0                      ; 0                              ;
;     -- 6 input functions                                    ; 1627                   ; 0                              ;
;     -- 5 input functions                                    ; 2441                   ; 0                              ;
;     -- 4 input functions                                    ; 765                    ; 0                              ;
;     -- <=3 input functions                                  ; 2345                   ; 0                              ;
; Combinational ALUT usage for route-throughs                 ; 8                      ; 0                              ;
; Memory ALUT usage                                           ; 0                      ; 0                              ;
;     -- 64-address deep                                      ; 0                      ; 0                              ;
;     -- 32-address deep                                      ; 0                      ; 0                              ;
;                                                             ;                        ;                                ;
; Dedicated logic registers                                   ; 0                      ; 0                              ;
;     -- By type:                                             ;                        ;                                ;
;         -- Primary logic registers                          ; 2769 / 227120 ( 1 % )  ; 0 / 227120 ( 0 % )             ;
;         -- Secondary logic registers                        ; 0 / 227120 ( 0 % )     ; 0 / 227120 ( 0 % )             ;
;     -- By function:                                         ;                        ;                                ;
;         -- Design implementation registers                  ; 2769                   ; 0                              ;
;         -- Routing optimization registers                   ; 0                      ; 0                              ;
;                                                             ;                        ;                                ;
;                                                             ;                        ;                                ;
; Virtual pins                                                ; 0                      ; 0                              ;
; I/O pins                                                    ; 31                     ; 0                              ;
; I/O registers                                               ; 0                      ; 0                              ;
; Total block memory bits                                     ; 0                      ; 0                              ;
; Total block memory implementation bits                      ; 0                      ; 0                              ;
; Clock enable block                                          ; 2 / 128 ( 1 % )        ; 0 / 128 ( 0 % )                ;
;                                                             ;                        ;                                ;
; Connections                                                 ;                        ;                                ;
;     -- Input Connections                                    ; 0                      ; 0                              ;
;     -- Registered Input Connections                         ; 0                      ; 0                              ;
;     -- Output Connections                                   ; 0                      ; 0                              ;
;     -- Registered Output Connections                        ; 0                      ; 0                              ;
;                                                             ;                        ;                                ;
; Internal Connections                                        ;                        ;                                ;
;     -- Total Connections                                    ; 44030                  ; 0                              ;
;     -- Registered Connections                               ; 11580                  ; 0                              ;
;                                                             ;                        ;                                ;
; External Connections                                        ;                        ;                                ;
;     -- Top                                                  ; 0                      ; 0                              ;
;     -- hard_block:auto_generated_inst                       ; 0                      ; 0                              ;
;                                                             ;                        ;                                ;
; Partition Interface                                         ;                        ;                                ;
;     -- Input Ports                                          ; 4                      ; 0                              ;
;     -- Output Ports                                         ; 27                     ; 0                              ;
;     -- Bidir Ports                                          ; 0                      ; 0                              ;
;                                                             ;                        ;                                ;
; Registered Ports                                            ;                        ;                                ;
;     -- Registered Input Ports                               ; 0                      ; 0                              ;
;     -- Registered Output Ports                              ; 0                      ; 0                              ;
;                                                             ;                        ;                                ;
; Port Connectivity                                           ;                        ;                                ;
;     -- Input Ports driven by GND                            ; 0                      ; 0                              ;
;     -- Output Ports driven by GND                           ; 0                      ; 0                              ;
;     -- Input Ports driven by VCC                            ; 0                      ; 0                              ;
;     -- Output Ports driven by VCC                           ; 0                      ; 0                              ;
;     -- Input Ports with no Source                           ; 0                      ; 0                              ;
;     -- Output Ports with no Source                          ; 0                      ; 0                              ;
;     -- Input Ports with no Fanout                           ; 0                      ; 0                              ;
;     -- Output Ports with no Fanout                          ; 0                      ; 0                              ;
+-------------------------------------------------------------+------------------------+--------------------------------+


+--------------------------------------------------------------------------------------------------------------------------------------------------------------------------------------------------------------------------------------------------------------------------------------+
; Input Pins                                                                                                                                                                                                                                                                           ;
+-------+-------+----------+--------------+--------------+--------------+-----------------------+--------------------+--------+----------------+-----------------+----------+--------------+--------------+-------------+---------------------------+----------------------+-----------+
; Name  ; Pin # ; I/O Bank ; X coordinate ; Y coordinate ; Z coordinate ; Combinational Fan-Out ; Registered Fan-Out ; Global ; Input Register ; PCI I/O Enabled ; Bus Hold ; Weak Pull Up ; I/O Standard ; Termination ; Termination Control Block ; Location assigned by ; Slew Rate ;
+-------+-------+----------+--------------+--------------+--------------+-----------------------+--------------------+--------+----------------+-----------------+----------+--------------+--------------+-------------+---------------------------+----------------------+-----------+
; clk   ; V27   ; 5B       ; 121          ; 51           ; 60           ; 2769                  ; 0                  ; yes    ; no             ; no              ; no       ; Off          ; 2.5 V        ; Off         ; --                        ; Fitter               ; no        ;
; ready ; K22   ; 7A       ; 96           ; 115          ; 17           ; 5                     ; 0                  ; no     ; no             ; no              ; no       ; Off          ; 2.5 V        ; Off         ; --                        ; Fitter               ; no        ;
; rst_n ; W27   ; 5B       ; 121          ; 43           ; 60           ; 2761                  ; 0                  ; yes    ; no             ; no              ; no       ; Off          ; 2.5 V        ; Off         ; --                        ; Fitter               ; no        ;
; start ; E25   ; 7A       ; 96           ; 115          ; 51           ; 4                     ; 0                  ; no     ; no             ; no              ; no       ; Off          ; 2.5 V        ; Off         ; --                        ; Fitter               ; no        ;
+-------+-------+----------+--------------+--------------+--------------+-----------------------+--------------------+--------+----------------+-----------------+----------+--------------+--------------+-------------+---------------------------+----------------------+-----------+


+-------------------------------------------------------------------------------------------------------------------------------------------------------------------------------------------------------------------------------------------------------------------------------------------------------------------------------------------------------------------------------------------------------------------------------------------------------------------------------------------------------+
; Output Pins                                                                                                                                                                                                                                                                                                                                                                                                                                                                                           ;
+------------------+-------+----------+--------------+--------------+--------------+-----------------+------------------------+-----------+-----------------+------------+---------------+----------+--------------+--------------+------------------+-----------------------------------+---------------------------+----------------------------+-----------------------------+---------------------+-----------------------------+----------------------+----------------------+---------------------+
; Name             ; Pin # ; I/O Bank ; X coordinate ; Y coordinate ; Z coordinate ; Output Register ; Output Enable Register ; Slew Rate ; PCI I/O Enabled ; Open Drain ; TRI Primitive ; Bus Hold ; Weak Pull Up ; I/O Standard ; Current Strength ; Termination                       ; Termination Control Block ; Output Buffer Pre-emphasis ; Voltage Output Differential ; Output Buffer Delay ; Output Buffer Delay Control ; Location assigned by ; Output Enable Source ; Output Enable Group ;
+------------------+-------+----------+--------------+--------------+--------------+-----------------+------------------------+-----------+-----------------+------------+---------------+----------+--------------+--------------+------------------+-----------------------------------+---------------------------+----------------------------+-----------------------------+---------------------+-----------------------------+----------------------+----------------------+---------------------+
; exhausted        ; E29   ; 7A       ; 100          ; 115          ; 34           ; no              ; no                     ; 1         ; no              ; no         ; no            ; no       ; Off          ; 2.5 V        ; Default          ; Series 50 Ohm without Calibration ; --                        ; no                         ; no                          ; 0                   ; Off                         ; Fitter               ; -                    ; -                   ;
; prg_bits[0]      ; H29   ; 6A       ; 121          ; 93           ; 37           ; no              ; no                     ; 1         ; no              ; no         ; no            ; no       ; Off          ; 2.5 V        ; Default          ; Series 50 Ohm without Calibration ; --                        ; no                         ; no                          ; 0                   ; Off                         ; Fitter               ; -                    ; -                   ;
; prg_bits[1]      ; H28   ; 6A       ; 121          ; 93           ; 54           ; no              ; no                     ; 1         ; no              ; no         ; no            ; no       ; Off          ; 2.5 V        ; Default          ; Series 50 Ohm without Calibration ; --                        ; no                         ; no                          ; 0                   ; Off                         ; Fitter               ; -                    ; -                   ;
; prg_bits[2]      ; A23   ; 7A       ; 69           ; 115          ; 34           ; no              ; no                     ; 1         ; no              ; no         ; no            ; no       ; Off          ; 2.5 V        ; Default          ; Series 50 Ohm without Calibration ; --                        ; no                         ; no                          ; 0                   ; Off                         ; Fitter               ; -                    ; -                   ;
; prg_bits[3]      ; P25   ; 6A       ; 121          ; 93           ; 20           ; no              ; no                     ; 1         ; no              ; no         ; no            ; no       ; Off          ; 2.5 V        ; Default          ; Series 50 Ohm without Calibration ; --                        ; no                         ; no                          ; 0                   ; Off                         ; Fitter               ; -                    ; -                   ;
; prg_bits[4]      ; B20   ; 7A       ; 65           ; 115          ; 40           ; no              ; no                     ; 1         ; no              ; no         ; no            ; no       ; Off          ; 2.5 V        ; Default          ; Series 50 Ohm without Calibration ; --                        ; no                         ; no                          ; 0                   ; Off                         ; Fitter               ; -                    ; -                   ;
; prg_bits[5]      ; M18   ; 7A       ; 67           ; 115          ; 0            ; no              ; no                     ; 1         ; no              ; no         ; no            ; no       ; Off          ; 2.5 V        ; Default          ; Series 50 Ohm without Calibration ; --                        ; no                         ; no                          ; 0                   ; Off                         ; Fitter               ; -                    ; -                   ;
; prg_bits[6]      ; L18   ; 7A       ; 67           ; 115          ; 17           ; no              ; no                     ; 1         ; no              ; no         ; no            ; no       ; Off          ; 2.5 V        ; Default          ; Series 50 Ohm without Calibration ; --                        ; no                         ; no                          ; 0                   ; Off                         ; Fitter               ; -                    ; -                   ;
; prg_bits[7]      ; D19   ; 7A       ; 67           ; 115          ; 51           ; no              ; no                     ; 1         ; no              ; no         ; no            ; no       ; Off          ; 2.5 V        ; Default          ; Series 50 Ohm without Calibration ; --                        ; no                         ; no                          ; 0                   ; Off                         ; Fitter               ; -                    ; -                   ;
; prg_bits[8]      ; P24   ; 6A       ; 121          ; 93           ; 3            ; no              ; no                     ; 1         ; no              ; no         ; no            ; no       ; Off          ; 2.5 V        ; Default          ; Series 50 Ohm without Calibration ; --                        ; no                         ; no                          ; 0                   ; Off                         ; Fitter               ; -                    ; -                   ;
; sample_count[0]  ; F22   ; 7A       ; 94           ; 115          ; 17           ; no              ; no                     ; 1         ; no              ; no         ; no            ; no       ; Off          ; 2.5 V        ; Default          ; Series 50 Ohm without Calibration ; --                        ; no                         ; no                          ; 0                   ; Off                         ; Fitter               ; -                    ; -                   ;
; sample_count[10] ; N23   ; 7A       ; 92           ; 115          ; 17           ; no              ; no                     ; 1         ; no              ; no         ; no            ; no       ; Off          ; 2.5 V        ; Default          ; Series 50 Ohm without Calibration ; --                        ; no                         ; no                          ; 0                   ; Off                         ; Fitter               ; -                    ; -                   ;
; sample_count[11] ; F21   ; 7A       ; 86           ; 115          ; 0            ; no              ; no                     ; 1         ; no              ; no         ; no            ; no       ; Off          ; 2.5 V        ; Default          ; Series 50 Ohm without Calibration ; --                        ; no                         ; no                          ; 0                   ; Off                         ; Fitter               ; -                    ; -                   ;
; sample_count[12] ; H21   ; 7A       ; 90           ; 115          ; 57           ; no              ; no                     ; 1         ; no              ; no         ; no            ; no       ; Off          ; 2.5 V        ; Default          ; Series 50 Ohm without Calibration ; --                        ; no                         ; no                          ; 0                   ; Off                         ; Fitter               ; -                    ; -                   ;
; sample_count[13] ; D26   ; 7A       ; 92           ; 115          ; 51           ; no              ; no                     ; 1         ; no              ; no         ; no            ; no       ; Off          ; 2.5 V        ; Default          ; Series 50 Ohm without Calibration ; --                        ; no                         ; no                          ; 0                   ; Off                         ; Fitter               ; -                    ; -                   ;
; sample_count[14] ; H22   ; 7A       ; 90           ; 115          ; 40           ; no              ; no                     ; 1         ; no              ; no         ; no            ; no       ; Off          ; 2.5 V        ; Default          ; Series 50 Ohm without Calibration ; --                        ; no                         ; no                          ; 0                   ; Off                         ; Fitter               ; -                    ; -                   ;
; sample_count[15] ; B28   ; 7A       ; 90           ; 115          ; 74           ; no              ; no                     ; 1         ; no              ; no         ; no            ; no       ; Off          ; 2.5 V        ; Default          ; Series 50 Ohm without Calibration ; --                        ; no                         ; no                          ; 0                   ; Off                         ; Fitter               ; -                    ; -                   ;
; sample_count[1]  ; E22   ; 7A       ; 88           ; 115          ; 34           ; no              ; no                     ; 1         ; no              ; no         ; no            ; no       ; Off          ; 2.5 V        ; Default          ; Series 50 Ohm without Calibration ; --                        ; no                         ; no                          ; 0                   ; Off                         ; Fitter               ; -                    ; -                   ;
; sample_count[2]  ; C29   ; 7A       ; 94           ; 115          ; 34           ; no              ; no                     ; 1         ; no              ; no         ; no            ; no       ; Off          ; 2.5 V        ; Default          ; Series 50 Ohm without Calibration ; --                        ; no                         ; no                          ; 0                   ; Off                         ; Fitter               ; -                    ; -                   ;
; sample_count[3]  ; F23   ; 7A       ; 94           ; 115          ; 0            ; no              ; no                     ; 1         ; no              ; no         ; no            ; no       ; Off          ; 2.5 V        ; Default          ; Series 50 Ohm without Calibration ; --                        ; no                         ; no                          ; 0                   ; Off                         ; Fitter               ; -                    ; -                   ;
; sample_count[4]  ; M23   ; 7A       ; 92           ; 115          ; 0            ; no              ; no                     ; 1         ; no              ; no         ; no            ; no       ; Off          ; 2.5 V        ; Default          ; Series 50 Ohm without Calibration ; --                        ; no                         ; no                          ; 0                   ; Off                         ; Fitter               ; -                    ; -                   ;
; sample_count[5]  ; E27   ; 7A       ; 92           ; 115          ; 34           ; no              ; no                     ; 1         ; no              ; no         ; no            ; no       ; Off          ; 2.5 V        ; Default          ; Series 50 Ohm without Calibration ; --                        ; no                         ; no                          ; 0                   ; Off                         ; Fitter               ; -                    ; -                   ;
; sample_count[6]  ; L21   ; 7A       ; 88           ; 115          ; 0            ; no              ; no                     ; 1         ; no              ; no         ; no            ; no       ; Off          ; 2.5 V        ; Default          ; Series 50 Ohm without Calibration ; --                        ; no                         ; no                          ; 0                   ; Off                         ; Fitter               ; -                    ; -                   ;
; sample_count[7]  ; C28   ; 7A       ; 94           ; 115          ; 51           ; no              ; no                     ; 1         ; no              ; no         ; no            ; no       ; Off          ; 2.5 V        ; Default          ; Series 50 Ohm without Calibration ; --                        ; no                         ; no                          ; 0                   ; Off                         ; Fitter               ; -                    ; -                   ;
; sample_count[8]  ; L20   ; 7A       ; 88           ; 115          ; 17           ; no              ; no                     ; 1         ; no              ; no         ; no            ; no       ; Off          ; 2.5 V        ; Default          ; Series 50 Ohm without Calibration ; --                        ; no                         ; no                          ; 0                   ; Off                         ; Fitter               ; -                    ; -                   ;
; sample_count[9]  ; B29   ; 7A       ; 90           ; 115          ; 91           ; no              ; no                     ; 1         ; no              ; no         ; no            ; no       ; Off          ; 2.5 V        ; Default          ; Series 50 Ohm without Calibration ; --                        ; no                         ; no                          ; 0                   ; Off                         ; Fitter               ; -                    ; -                   ;
; valid            ; E23   ; 7A       ; 88           ; 115          ; 51           ; no              ; no                     ; 1         ; no              ; no         ; no            ; no       ; Off          ; 2.5 V        ; Default          ; Series 50 Ohm without Calibration ; --                        ; no                         ; no                          ; 0                   ; Off                         ; Fitter               ; -                    ; -                   ;
+------------------+-------+----------+--------------+--------------+--------------+-----------------+------------------------+-----------+-----------------+------------+---------------+----------+--------------+--------------+------------------+-----------------------------------+---------------------------+----------------------------+-----------------------------+---------------------+-----------------------------+----------------------+----------------------+---------------------+


+----------------------------------------------------------------------------+
; I/O Bank Usage                                                             ;
+----------+------------------+---------------+--------------+---------------+
; I/O Bank ; Usage            ; VCCIO Voltage ; VREF Voltage ; VCCPD Voltage ;
+----------+------------------+---------------+--------------+---------------+
; B3L      ; 0 / 14 ( 0 % )   ; --            ; --           ; --            ;
; B2L      ; 0 / 14 ( 0 % )   ; --            ; --           ; --            ;
; B1L      ; 0 / 14 ( 0 % )   ; --            ; --           ; --            ;
; B0L      ; 0 / 14 ( 0 % )   ; --            ; --           ; --            ;
; 3A       ; 0 / 48 ( 0 % )   ; 2.5V          ; --           ; 2.5V          ;
; 3B       ; 0 / 48 ( 0 % )   ; 2.5V          ; --           ; 2.5V          ;
; 4A       ; 0 / 96 ( 0 % )   ; 2.5V          ; --           ; 2.5V          ;
; 5A       ; 0 / 48 ( 0 % )   ; 2.5V          ; --           ; 2.5V          ;
; 5B       ; 2 / 48 ( 4 % )   ; 2.5V          ; --           ; 2.5V          ;
; 6A       ; 4 / 80 ( 5 % )   ; 2.5V          ; --           ; 2.5V          ;
; 7A       ; 25 / 96 ( 26 % ) ; 2.5V          ; --           ; 2.5V          ;
; 8A       ; 0 / 96 ( 0 % )   ; 2.5V          ; --           ; 2.5V          ;
+----------+------------------+---------------+--------------+---------------+


+-----------------------------------------------------------------------------------------------------------------------------------------------------------------------------+
; All Package Pins                                                                                                                                                            ;
+----------+------------+----------+---------------------------------+--------+--------------+---------------------+--------------+-----------------+----------+--------------+
; Location ; Pad Number ; I/O Bank ; Pin Name/Usage                  ; Dir.   ; I/O Standard ; Voltage             ; I/O Type     ; User Assignment ; Bus Hold ; Weak Pull Up ;
+----------+------------+----------+---------------------------------+--------+--------------+---------------------+--------------+-----------------+----------+--------------+
; A2       ; 604        ; 8A       ; RESERVED_INPUT_WITH_WEAK_PULLUP ;        ;              ;                     ; Column I/O   ;                 ; no       ; On           ;
; A3       ; 594        ; 8A       ; RESERVED_INPUT_WITH_WEAK_PULLUP ;        ;              ;                     ; Column I/O   ;                 ; no       ; On           ;
; A4       ;            ;          ; GND                             ; gnd    ;              ;                     ; --           ;                 ; --       ; --           ;
; A5       ; 582        ; 8A       ; RESERVED_INPUT_WITH_WEAK_PULLUP ;        ;              ;                     ; Column I/O   ;                 ; no       ; On           ;
; A6       ; 566        ; 8A       ; RESERVED_INPUT_WITH_WEAK_PULLUP ;        ;              ;                     ; Column I/O   ;                 ; no       ; On           ;
; A7       ; 564        ; 8A       ; RESERVED_INPUT_WITH_WEAK_PULLUP ;        ;              ;                     ; Column I/O   ;                 ; no       ; On           ;
; A8       ; 569        ; 8A       ; RESERVED_INPUT_WITH_WEAK_PULLUP ;        ;              ;                     ; Column I/O   ;                 ; no       ; On           ;
; A9       ;            ;          ; GND                             ; gnd    ;              ;                     ; --           ;                 ; --       ; --           ;
; A10      ; 562        ; 8A       ; RESERVED_INPUT_WITH_WEAK_PULLUP ;        ;              ;                     ; Column I/O   ;                 ; no       ; On           ;
; A11      ; 550        ; 8A       ; RESERVED_INPUT_WITH_WEAK_PULLUP ;        ;              ;                     ; Column I/O   ;                 ; no       ; On           ;
; A12      ; 548        ; 8A       ; RESERVED_INPUT_WITH_WEAK_PULLUP ;        ;              ;                     ; Column I/O   ;                 ; no       ; On           ;
; A13      ; 554        ; 8A       ; RESERVED_INPUT_WITH_WEAK_PULLUP ;        ;              ;                     ; Column I/O   ;                 ; no       ; On           ;
; A14      ;            ; 8A       ; VCCIO8A                         ; power  ;              ; 2.5V                ; --           ;                 ; --       ; --           ;
; A15      ; 546        ; 8A       ; RESERVED_INPUT_WITH_WEAK_PULLUP ;        ;              ;                     ; Column I/O   ;                 ; no       ; On           ;
; A16      ; 542        ; 8A       ; RESERVED_INPUT_WITH_WEAK_PULLUP ;        ;              ;                     ; Column I/O   ;                 ; no       ; On           ;
; A17      ; 540        ; 8A       ; RESERVED_INPUT_WITH_WEAK_PULLUP ;        ;              ;                     ; Column I/O   ;                 ; no       ; On           ;
; A18      ; 538        ; 8A       ; RESERVED_INPUT_WITH_WEAK_PULLUP ;        ;              ;                     ; Column I/O   ;                 ; no       ; On           ;
; A19      ;            ;          ; GND                             ; gnd    ;              ;                     ; --           ;                 ; --       ; --           ;
; A20      ; 530        ; 7A       ; RESERVED_INPUT_WITH_WEAK_PULLUP ;        ;              ;                     ; Column I/O   ;                 ; no       ; On           ;
; A21      ; 528        ; 7A       ; RESERVED_INPUT_WITH_WEAK_PULLUP ;        ;              ;                     ; Column I/O   ;                 ; no       ; On           ;
; A22      ; 522        ; 7A       ; RESERVED_INPUT_WITH_WEAK_PULLUP ;        ;              ;                     ; Column I/O   ;                 ; no       ; On           ;
; A23      ; 520        ; 7A       ; prg_bits[2]                     ; output ; 2.5 V        ;                     ; Column I/O   ; N               ; no       ; Off          ;
; A24      ;            ; 7A       ; VCCIO7A                         ; power  ;              ; 2.5V                ; --           ;                 ; --       ; --           ;
; A25      ; 514        ; 7A       ; RESERVED_INPUT_WITH_WEAK_PULLUP ;        ;              ;                     ; Column I/O   ;                 ; no       ; On           ;
; A26      ; 512        ; 7A       ; RESERVED_INPUT_WITH_WEAK_PULLUP ;        ;              ;                     ; Column I/O   ;                 ; no       ; On           ;
; A27      ; 502        ; 7A       ; RESERVED_INPUT_WITH_WEAK_PULLUP ;        ;              ;                     ; Column I/O   ;                 ; no       ; On           ;
; A28      ; 500        ; 7A       ; RESERVED_INPUT_WITH_WEAK_PULLUP ;        ;              ;                     ; Column I/O   ;                 ; no       ; On           ;
; A29      ;            ;          ; GND                             ; gnd    ;              ;                     ; --           ;                 ; --       ; --           ;
; A30      ;            ;          ; NC                              ;        ;              ;                     ; --           ;                 ; --       ; --           ;
; A31      ;            ;          ; NC                              ;        ;              ;                     ; --           ;                 ; --       ; --           ;
; A32      ;            ;          ; NC                              ;        ;              ;                     ; --           ;                 ; --       ; --           ;
; A33      ;            ;          ; NC                              ;        ;              ;                     ; --           ;                 ; --       ; --           ;
; AA1      ; 37         ; B1L      ; GND                             ;        ;              ;                     ; --           ;                 ; --       ; --           ;
; AA2      ; 36         ; B1L      ; GND                             ;        ;              ;                     ; --           ;                 ; --       ; --           ;
; AA3      ;            ;          ; GND                             ; gnd    ;              ;                     ; --           ;                 ; --       ; --           ;
; AA4      ;            ;          ; GND                             ; gnd    ;              ;                     ; --           ;                 ; --       ; --           ;
; AA5      ;            ;          ; GND                             ; gnd    ;              ;                     ; --           ;                 ; --       ; --           ;
; AA6      ;            ;          ; GND                             ; gnd    ;              ;                     ; --           ;                 ; --       ; --           ;
; AA7      ;            ; --       ; VCCL_GXBL                       ; power  ;              ; 1.1V                ; --           ;                 ; --       ; --           ;
; AA8      ;            ;          ; GND                             ; gnd    ;              ;                     ; --           ;                 ; --       ; --           ;
; AA9      ;            ; --       ; VCCE_GXBL                       ; power  ;              ; 1.1V                ; --           ;                 ; --       ; --           ;
; AA10     ;            ;          ; GND                             ; gnd    ;              ;                     ; --           ;                 ; --       ; --           ;
; AA11     ; 54         ; B0L      ; GND                             ;        ;              ;                     ; Row I/O      ;                 ; --       ; --           ;
; AA12     ;            ;          ; GND                             ; gnd    ;              ;                     ; --           ;                 ; --       ; --           ;
; AA13     ;            ; --       ; VCC                             ; power  ;              ; 1.1V                ; --           ;                 ; --       ; --           ;
; AA14     ;            ;          ; GND                             ; gnd    ;              ;                     ; --           ;                 ; --       ; --           ;
; AA15     ; 112        ; 3A       ; RESERVED_INPUT_WITH_WEAK_PULLUP ;        ;              ;                     ; Column I/O   ;                 ; no       ; On           ;
; AA16     ; 136        ; 3B       ; RESERVED_INPUT_WITH_WEAK_PULLUP ;        ;              ;                     ; Column I/O   ;                 ; no       ; On           ;
; AA17     ; 150        ; 3B       ; RESERVED_INPUT_WITH_WEAK_PULLUP ;        ;              ;                     ; Column I/O   ;                 ; no       ; On           ;
; AA18     ; 152        ; 3B       ; RESERVED_INPUT_WITH_WEAK_PULLUP ;        ;              ;                     ; Column I/O   ;                 ; no       ; On           ;
; AA19     ;            ;          ; GND                             ; gnd    ;              ;                     ; --           ;                 ; --       ; --           ;
; AA20     ; 214        ; 4A       ; RESERVED_INPUT_WITH_WEAK_PULLUP ;        ;              ;                     ; Column I/O   ;                 ; no       ; On           ;
; AA21     ; 267        ; 5A       ; RESERVED_INPUT_WITH_WEAK_PULLUP ;        ;              ;                     ; Row I/O      ;                 ; no       ; On           ;
; AA22     ; 269        ; 5A       ; RESERVED_INPUT_WITH_WEAK_PULLUP ;        ;              ;                     ; Row I/O      ;                 ; no       ; On           ;
; AA23     ; 282        ; 5A       ; RESERVED_INPUT_WITH_WEAK_PULLUP ;        ;              ;                     ; Row I/O      ;                 ; no       ; On           ;
; AA24     ;            ; 5A       ; VCCIO5A                         ; power  ;              ; 2.5V                ; --           ;                 ; --       ; --           ;
; AA25     ; 276        ; 5A       ; RESERVED_INPUT_WITH_WEAK_PULLUP ;        ;              ;                     ; Row I/O      ;                 ; no       ; On           ;
; AA26     ;            ; 5A       ; VCCPD5A                         ; power  ;              ; 2.5V                ; --           ;                 ; --       ; --           ;
; AA27     ; 290        ; 5A       ; RESERVED_INPUT_WITH_WEAK_PULLUP ;        ;              ;                     ; Row I/O      ;                 ; no       ; On           ;
; AA28     ; 292        ; 5A       ; RESERVED_INPUT_WITH_WEAK_PULLUP ;        ;              ;                     ; Row I/O      ;                 ; no       ; On           ;
; AA29     ;            ;          ; GND                             ; gnd    ;              ;                     ; --           ;                 ; --       ; --           ;
; AA30     ; 288        ; 5A       ; RESERVED_INPUT_WITH_WEAK_PULLUP ;        ;              ;                     ; Row I/O      ;                 ; no       ; On           ;
; AA31     ; 323        ; 5B       ; RESERVED_INPUT_WITH_WEAK_PULLUP ;        ;              ;                     ; Row I/O      ;                 ; no       ; On           ;
; AA32     ; 306        ; 5B       ; RESERVED_INPUT_WITH_WEAK_PULLUP ;        ;              ;                     ; Row I/O      ;                 ; no       ; On           ;
; AA33     ; 357        ; 6A       ; RESERVED_INPUT_WITH_WEAK_PULLUP ;        ;              ;                     ; Row I/O      ;                 ; no       ; On           ;
; AA34     ;            ;          ; GND                             ; gnd    ;              ;                     ; --           ;                 ; --       ; --           ;
; AB1      ;            ;          ; GND                             ; gnd    ;              ;                     ; --           ;                 ; --       ; --           ;
; AB2      ;            ;          ; GND                             ; gnd    ;              ;                     ; --           ;                 ; --       ; --           ;
; AB3      ; 38         ; B1L      ; GXB_NC                          ;        ;              ;                     ; --           ;                 ; --       ; --           ;
; AB4      ; 39         ; B1L      ; GXB_NC                          ;        ;              ;                     ; --           ;                 ; --       ; --           ;
; AB5      ;            ;          ; GND                             ; gnd    ;              ;                     ; --           ;                 ; --       ; --           ;
; AB6      ;            ;          ; GND                             ; gnd    ;              ;                     ; --           ;                 ; --       ; --           ;
; AB7      ;            ;          ; GND                             ; gnd    ;              ;                     ; --           ;                 ; --       ; --           ;
; AB8      ;            ; --       ; VCCH_GXBL                       ; power  ;              ; 2.5V                ; --           ;                 ; --       ; --           ;
; AB9      ;            ;          ; GND                             ; gnd    ;              ;                     ; --           ;                 ; --       ; --           ;
; AB10     ; 55         ; B0L      ; GND                             ;        ;              ;                     ; Row I/O      ;                 ; --       ; --           ;
; AB11     ;            ;          ; GND                             ; gnd    ;              ;                     ; --           ;                 ; --       ; --           ;
; AB12     ;            ;          ; GND                             ; gnd    ;              ;                     ; --           ;                 ; --       ; --           ;
; AB13     ; 86         ; 3A       ; RESERVED_INPUT_WITH_WEAK_PULLUP ;        ;              ;                     ; Column I/O   ;                 ; no       ; On           ;
; AB14     ; 88         ; 3A       ; RESERVED_INPUT_WITH_WEAK_PULLUP ;        ;              ;                     ; Column I/O   ;                 ; no       ; On           ;
; AB15     ; 110        ; 3A       ; RESERVED_INPUT_WITH_WEAK_PULLUP ;        ;              ;                     ; Column I/O   ;                 ; no       ; On           ;
; AB16     ; 134        ; 3B       ; RESERVED_INPUT_WITH_WEAK_PULLUP ;        ;              ;                     ; Column I/O   ;                 ; no       ; On           ;
; AB17     ;            ; 3B       ; VCCIO3B                         ; power  ;              ; 2.5V                ; --           ;                 ; --       ; --           ;
; AB18     ; 158        ; 3B       ; RESERVED_INPUT_WITH_WEAK_PULLUP ;        ;              ;                     ; Column I/O   ;                 ; no       ; On           ;
; AB19     ; 168        ; 4A       ; RESERVED_INPUT_WITH_WEAK_PULLUP ;        ;              ;                     ; Column I/O   ;                 ; no       ; On           ;
; AB20     ; 206        ; 4A       ; RESERVED_INPUT_WITH_WEAK_PULLUP ;        ;              ;                     ; Column I/O   ;                 ; no       ; On           ;
; AB21     ; 208        ; 4A       ; RESERVED_INPUT_WITH_WEAK_PULLUP ;        ;              ;                     ; Column I/O   ;                 ; no       ; On           ;
; AB22     ;            ;          ; GND                             ; gnd    ;              ;                     ; --           ;                 ; --       ; --           ;
; AB23     ; 265        ; 5A       ; RESERVED_INPUT_WITH_WEAK_PULLUP ;        ;              ;                     ; Row I/O      ;                 ; no       ; On           ;
; AB24     ; 263        ; 5A       ; RESERVED_INPUT_WITH_WEAK_PULLUP ;        ;              ;                     ; Row I/O      ;                 ; no       ; On           ;
; AB25     ; 274        ; 5A       ; RESERVED_INPUT_WITH_WEAK_PULLUP ;        ;              ;                     ; Row I/O      ;                 ; no       ; On           ;
; AB26     ;            ; 5A       ; VCCPD5A                         ; power  ;              ; 2.5V                ; --           ;                 ; --       ; --           ;
; AB27     ;            ; 5A       ; VCCIO5A                         ; power  ;              ; 2.5V                ; --           ;                 ; --       ; --           ;
; AB28     ; 278        ; 5A       ; RESERVED_INPUT_WITH_WEAK_PULLUP ;        ;              ;                     ; Row I/O      ;                 ; no       ; On           ;
; AB29     ; 280        ; 5A       ; RESERVED_INPUT_WITH_WEAK_PULLUP ;        ;              ;                     ; Row I/O      ;                 ; no       ; On           ;
; AB30     ; 286        ; 5A       ; RESERVED_INPUT_WITH_WEAK_PULLUP ;        ;              ;                     ; Row I/O      ;                 ; no       ; On           ;
; AB31     ; 325        ; 5B       ; RESERVED_INPUT_WITH_WEAK_PULLUP ;        ;              ;                     ; Row I/O      ;                 ; no       ; On           ;
; AB32     ;            ;          ; GND                             ; gnd    ;              ;                     ; --           ;                 ; --       ; --           ;
; AB33     ; 351        ; 5B       ; RESERVED_INPUT_WITH_WEAK_PULLUP ;        ;              ;                     ; Row I/O      ;                 ; no       ; On           ;
; AB34     ; 353        ; 5B       ; RESERVED_INPUT_WITH_WEAK_PULLUP ;        ;              ;                     ; Row I/O      ;                 ; no       ; On           ;
; AC1      ; 41         ; B1L      ; GND                             ;        ;              ;                     ; --           ;                 ; --       ; --           ;
; AC2      ; 40         ; B1L      ; GND                             ;        ;              ;                     ; --           ;                 ; --       ; --           ;
; AC3      ;            ;          ; GND                             ; gnd    ;              ;                     ; --           ;                 ; --       ; --           ;
; AC4      ;            ;          ; GND                             ; gnd    ;              ;                     ; --           ;                 ; --       ; --           ;
; AC5      ;            ;          ; GND                             ; gnd    ;              ;                     ; --           ;                 ; --       ; --           ;
; AC6      ;            ;          ; GND                             ; gnd    ;              ;                     ; --           ;                 ; --       ; --           ;
; AC7      ;            ; --       ; VCCL_GXBL                       ; power  ;              ; 1.1V                ; --           ;                 ; --       ; --           ;
; AC8      ;            ;          ; GND                             ; gnd    ;              ;                     ; --           ;                 ; --       ; --           ;
; AC9      ;            ; --       ; VCCE_GXBL                       ; power  ;              ; 1.1V                ; --           ;                 ; --       ; --           ;
; AC10     ;            ;          ; GND                             ; gnd    ;              ;                     ; --           ;                 ; --       ; --           ;
; AC11     ;            ; --       ; VCCA_FPLL                       ; power  ;              ; 2.5V                ; --           ;                 ; --       ; --           ;
; AC12     ; 78         ; 3A       ; RESERVED_INPUT_WITH_WEAK_PULLUP ;        ;              ;                     ; Column I/O   ;                 ; no       ; On           ;
; AC13     ; 80         ; 3A       ; RESERVED_INPUT_WITH_WEAK_PULLUP ;        ;              ;                     ; Column I/O   ;                 ; no       ; On           ;
; AC14     ; 102        ; 3A       ; RESERVED_INPUT_WITH_WEAK_PULLUP ;        ;              ;                     ; Column I/O   ;                 ; no       ; On           ;
; AC15     ;            ;          ; GND                             ; gnd    ;              ;                     ; --           ;                 ; --       ; --           ;
; AC16     ; 128        ; 3B       ; RESERVED_INPUT_WITH_WEAK_PULLUP ;        ;              ;                     ; Column I/O   ;                 ; no       ; On           ;
; AC17     ; 142        ; 3B       ; RESERVED_INPUT_WITH_WEAK_PULLUP ;        ;              ;                     ; Column I/O   ;                 ; no       ; On           ;
; AC18     ; 160        ; 3B       ; RESERVED_INPUT_WITH_WEAK_PULLUP ;        ;              ;                     ; Column I/O   ;                 ; no       ; On           ;
; AC19     ; 166        ; 4A       ; RESERVED_INPUT_WITH_WEAK_PULLUP ;        ;              ;                     ; Column I/O   ;                 ; no       ; On           ;
; AC20     ;            ; 4A       ; VCCIO4A                         ; power  ;              ; 2.5V                ; --           ;                 ; --       ; --           ;
; AC21     ; 232        ; 4A       ; RESERVED_INPUT_WITH_WEAK_PULLUP ;        ;              ;                     ; Column I/O   ;                 ; no       ; On           ;
; AC22     ; 248        ; 4A       ; RESERVED_INPUT_WITH_WEAK_PULLUP ;        ;              ;                     ; Column I/O   ;                 ; no       ; On           ;
; AC23     ; 259        ; 5A       ; RESERVED_INPUT_WITH_WEAK_PULLUP ;        ;              ;                     ; Row I/O      ;                 ; no       ; On           ;
; AC24     ; 261        ; 5A       ; RESERVED_INPUT_WITH_WEAK_PULLUP ;        ;              ;                     ; Row I/O      ;                 ; no       ; On           ;
; AC25     ;            ;          ; GND                             ; gnd    ;              ;                     ; --           ;                 ; --       ; --           ;
; AC26     ; 264        ; 5A       ; RESERVED_INPUT_WITH_WEAK_PULLUP ;        ;              ;                     ; Row I/O      ;                 ; no       ; On           ;
; AC27     ; 262        ; 5A       ; RESERVED_INPUT_WITH_WEAK_PULLUP ;        ;              ;                     ; Row I/O      ;                 ; no       ; On           ;
; AC28     ; 270        ; 5A       ; RESERVED_INPUT_WITH_WEAK_PULLUP ;        ;              ;                     ; Row I/O      ;                 ; no       ; On           ;
; AC29     ; 272        ; 5A       ; RESERVED_INPUT_WITH_WEAK_PULLUP ;        ;              ;                     ; Row I/O      ;                 ; no       ; On           ;
; AC30     ;            ; 5B       ; VCCIO5B                         ; power  ;              ; 2.5V                ; --           ;                 ; --       ; --           ;
; AC31     ; 318        ; 5B       ; RESERVED_INPUT_WITH_WEAK_PULLUP ;        ;              ;                     ; Row I/O      ;                 ; no       ; On           ;
; AC32     ; 320        ; 5B       ; RESERVED_INPUT_WITH_WEAK_PULLUP ;        ;              ;                     ; Row I/O      ;                 ; no       ; On           ;
; AC33     ; 342        ; 5B       ; RESERVED_INPUT_WITH_WEAK_PULLUP ;        ;              ;                     ; Row I/O      ;                 ; no       ; On           ;
; AC34     ; 344        ; 5B       ; RESERVED_INPUT_WITH_WEAK_PULLUP ;        ;              ;                     ; Row I/O      ;                 ; no       ; On           ;
; AD1      ;            ;          ; GND                             ; gnd    ;              ;                     ; --           ;                 ; --       ; --           ;
; AD2      ;            ;          ; GND                             ; gnd    ;              ;                     ; --           ;                 ; --       ; --           ;
; AD3      ; 42         ; B0L      ; GXB_NC                          ;        ;              ;                     ; --           ;                 ; --       ; --           ;
; AD4      ; 43         ; B0L      ; GXB_NC                          ;        ;              ;                     ; --           ;                 ; --       ; --           ;
; AD5      ;            ;          ; GND                             ; gnd    ;              ;                     ; --           ;                 ; --       ; --           ;
; AD6      ;            ;          ; GND                             ; gnd    ;              ;                     ; --           ;                 ; --       ; --           ;
; AD7      ;            ;          ; GND                             ; gnd    ;              ;                     ; --           ;                 ; --       ; --           ;
; AD8      ;            ; --       ; VCCE_GXBL                       ; power  ;              ; 1.1V                ; --           ;                 ; --       ; --           ;
; AD9      ;            ;          ; GND                             ; gnd    ;              ;                     ; --           ;                 ; --       ; --           ;
; AD10     ;            ;          ; GND                             ; gnd    ;              ;                     ; --           ;                 ; --       ; --           ;
; AD11     ; 66         ; 3A       ; RESERVED_INPUT_WITH_WEAK_PULLUP ;        ;              ;                     ; Column I/O   ;                 ; no       ; On           ;
; AD12     ; 68         ; 3A       ; RESERVED_INPUT_WITH_WEAK_PULLUP ;        ;              ;                     ; Column I/O   ;                 ; no       ; On           ;
; AD13     ;            ; 3A       ; VCCIO3A                         ; power  ;              ; 2.5V                ; --           ;                 ; --       ; --           ;
; AD14     ; 96         ; 3A       ; RESERVED_INPUT_WITH_WEAK_PULLUP ;        ;              ;                     ; Column I/O   ;                 ; no       ; On           ;
; AD15     ; 104        ; 3A       ; RESERVED_INPUT_WITH_WEAK_PULLUP ;        ;              ;                     ; Column I/O   ;                 ; no       ; On           ;
; AD16     ; 126        ; 3B       ; RESERVED_INPUT_WITH_WEAK_PULLUP ;        ;              ;                     ; Column I/O   ;                 ; no       ; On           ;
; AD17     ; 144        ; 3B       ; RESERVED_INPUT_WITH_WEAK_PULLUP ;        ;              ;                     ; Column I/O   ;                 ; no       ; On           ;
; AD18     ;            ;          ; GND                             ; gnd    ;              ;                     ; --           ;                 ; --       ; --           ;
; AD19     ; 184        ; 4A       ; RESERVED_INPUT_WITH_WEAK_PULLUP ;        ;              ;                     ; Column I/O   ;                 ; no       ; On           ;
; AD20     ; 192        ; 4A       ; RESERVED_INPUT_WITH_WEAK_PULLUP ;        ;              ;                     ; Column I/O   ;                 ; no       ; On           ;
; AD21     ; 230        ; 4A       ; RESERVED_INPUT_WITH_WEAK_PULLUP ;        ;              ;                     ; Column I/O   ;                 ; no       ; On           ;
; AD22     ; 246        ; 4A       ; RESERVED_INPUT_WITH_WEAK_PULLUP ;        ;              ;                     ; Column I/O   ;                 ; no       ; On           ;
; AD23     ;            ; 4A       ; VCCIO4A                         ; power  ;              ; 2.5V                ; --           ;                 ; --       ; --           ;
; AD24     ; 258        ; 5A       ; RESERVED_INPUT_WITH_WEAK_PULLUP ;        ;              ;                     ; Row I/O      ;                 ; no       ; On           ;
; AD25     ; 260        ; 5A       ; RESERVED_INPUT_WITH_WEAK_PULLUP ;        ;              ;                     ; Row I/O      ;                 ; no       ; On           ;
; AD26     ;            ; --       ; VCCA_FPLL                       ; power  ;              ; 2.5V                ; --           ;                 ; --       ; --           ;
; AD27     ;            ; --       ; VCCPGM                          ; power  ;              ; 1.8V/2.5V/3.0V/3.3V ; --           ;                 ; --       ; --           ;
; AD28     ;            ;          ; GND                             ; gnd    ;              ;                     ; --           ;                 ; --       ; --           ;
; AD29     ; 268        ; 5A       ; RESERVED_INPUT_WITH_WEAK_PULLUP ;        ;              ;                     ; Row I/O      ;                 ; no       ; On           ;
; AD30     ; 309        ; 5B       ; RESERVED_INPUT_WITH_WEAK_PULLUP ;        ;              ;                     ; Row I/O      ;                 ; no       ; On           ;
; AD31     ; 331        ; 5B       ; RESERVED_INPUT_WITH_WEAK_PULLUP ;        ;              ;                     ; Row I/O      ;                 ; no       ; On           ;
; AD32     ; 333        ; 5B       ; RESERVED_INPUT_WITH_WEAK_PULLUP ;        ;              ;                     ; Row I/O      ;                 ; no       ; On           ;
; AD33     ;            ; 5B       ; VCCIO5B                         ; power  ;              ; 2.5V                ; --           ;                 ; --       ; --           ;
; AD34     ; 349        ; 5B       ; RESERVED_INPUT_WITH_WEAK_PULLUP ;        ;              ;                     ; Row I/O      ;                 ; no       ; On           ;
; AE1      ; 45         ; B0L      ; GND                             ;        ;              ;                     ; --           ;                 ; --       ; --           ;
; AE2      ; 44         ; B0L      ; GND                             ;        ;              ;                     ; --           ;                 ; --       ; --           ;
; AE3      ;            ;          ; GND                             ; gnd    ;              ;                     ; --           ;                 ; --       ; --           ;
; AE4      ;            ;          ; GND                             ; gnd    ;              ;                     ; --           ;                 ; --       ; --           ;
; AE5      ;            ;          ; GND                             ; gnd    ;              ;                     ; --           ;                 ; --       ; --           ;
; AE6      ;            ;          ; GND                             ; gnd    ;              ;                     ; --           ;                 ; --       ; --           ;
; AE7      ;            ;          ; GND                             ; gnd    ;              ;                     ; --           ;                 ; --       ; --           ;
; AE8      ;            ;          ; GND                             ; gnd    ;              ;                     ; --           ;                 ; --       ; --           ;
; AE9      ;            ;          ; GND                             ; gnd    ;              ;                     ; --           ;                 ; --       ; --           ;
; AE10     ; 62         ; 3A       ; #TDI                            ; input  ;              ;                     ; --           ;                 ; --       ; --           ;
; AE11     ;            ;          ; GND                             ; gnd    ;              ;                     ; --           ;                 ; --       ; --           ;
; AE12     ;            ; --       ; VCC_AUX                         ; power  ;              ; 2.5V                ; --           ;                 ; --       ; --           ;
; AE13     ;            ; 3A       ; VCCPD3A                         ; power  ;              ; 2.5V                ; --           ;                 ; --       ; --           ;
; AE14     ; 94         ; 3A       ; RESERVED_INPUT_WITH_WEAK_PULLUP ;        ;              ;                     ; Column I/O   ;                 ; no       ; On           ;
; AE15     ;            ; 3A       ; VCCPD3A                         ; power  ;              ; 2.5V                ; --           ;                 ; --       ; --           ;
; AE16     ;            ; 3B       ; VCCIO3B                         ; power  ;              ; 2.5V                ; --           ;                 ; --       ; --           ;
; AE17     ;            ; 3B, 4A   ; VCCPD3B4A                       ; power  ;              ; 2.5V                ; --           ;                 ; --       ; --           ;
; AE18     ;            ; --       ; VCC_AUX                         ; power  ;              ; 2.5V                ; --           ;                 ; --       ; --           ;
; AE19     ; 182        ; 4A       ; RESERVED_INPUT_WITH_WEAK_PULLUP ;        ;              ;                     ; Column I/O   ;                 ; no       ; On           ;
; AE20     ; 190        ; 4A       ; RESERVED_INPUT_WITH_WEAK_PULLUP ;        ;              ;                     ; Column I/O   ;                 ; no       ; On           ;
; AE21     ;            ;          ; GND                             ; gnd    ;              ;                     ; --           ;                 ; --       ; --           ;
; AE22     ;            ; 3B, 4A   ; VCCPD3B4A                       ; power  ;              ; 2.5V                ; --           ;                 ; --       ; --           ;
; AE23     ; 240        ; 4A       ; RESERVED_INPUT_WITH_WEAK_PULLUP ;        ;              ;                     ; Column I/O   ;                 ; no       ; On           ;
; AE24     ;            ; --       ; VCC_AUX                         ; power  ;              ; 2.5V                ; --           ;                 ; --       ; --           ;
; AE25     ; 254        ; 4A       ; RESERVED_INPUT_WITH_WEAK_PULLUP ;        ;              ;                     ; Column I/O   ;                 ; no       ; On           ;
; AE26     ;            ; 5A       ; VCCIO5A                         ; power  ;              ; 2.5V                ; --           ;                 ; --       ; --           ;
; AE27     ;            ; 5A       ; VREFB5AN0                       ; power  ;              ;                     ; --           ;                 ; --       ; --           ;
; AE28     ; 279        ; 5A       ; RESERVED_INPUT_WITH_WEAK_PULLUP ;        ;              ;                     ; Row I/O      ;                 ; no       ; On           ;
; AE29     ; 266        ; 5A       ; RESERVED_INPUT_WITH_WEAK_PULLUP ;        ;              ;                     ; Row I/O      ;                 ; no       ; On           ;
; AE30     ; 307        ; 5B       ; RESERVED_INPUT_WITH_WEAK_PULLUP ;        ;              ;                     ; Row I/O      ;                 ; no       ; On           ;
; AE31     ;            ;          ; GND                             ; gnd    ;              ;                     ; --           ;                 ; --       ; --           ;
; AE32     ; 335        ; 5B       ; RESERVED_INPUT_WITH_WEAK_PULLUP ;        ;              ;                     ; Row I/O      ;                 ; no       ; On           ;
; AE33     ; 345        ; 5B       ; RESERVED_INPUT_WITH_WEAK_PULLUP ;        ;              ;                     ; Row I/O      ;                 ; no       ; On           ;
; AE34     ; 347        ; 5B       ; RESERVED_INPUT_WITH_WEAK_PULLUP ;        ;              ;                     ; Row I/O      ;                 ; no       ; On           ;
; AF1      ;            ;          ; GND                             ; gnd    ;              ;                     ; --           ;                 ; --       ; --           ;
; AF2      ;            ;          ; GND                             ; gnd    ;              ;                     ; --           ;                 ; --       ; --           ;
; AF3      ; 46         ; B0L      ; GXB_NC                          ;        ;              ;                     ; --           ;                 ; --       ; --           ;
; AF4      ; 47         ; B0L      ; GXB_NC                          ;        ;              ;                     ; --           ;                 ; --       ; --           ;
; AF5      ;            ;          ; GND                             ; gnd    ;              ;                     ; --           ;                 ; --       ; --           ;
; AF6      ;            ;          ; GND                             ; gnd    ;              ;                     ; --           ;                 ; --       ; --           ;
; AF7      ;            ;          ; GND                             ; gnd    ;              ;                     ; --           ;                 ; --       ; --           ;
; AF8      ;            ;          ; NC                              ;        ;              ;                     ; --           ;                 ; --       ; --           ;
; AF9      ;            ; 3A       ; VCCIO3A                         ; power  ;              ; 2.5V                ; --           ;                 ; --       ; --           ;
; AF10     ; 64         ; 3A       ; ^DCLK                           ;        ;              ;                     ; Weak Pull Up ;                 ; --       ; On           ;
; AF11     ; 56         ; 3A       ; #TDO                            ; output ;              ;                     ; --           ;                 ; --       ; --           ;
; AF12     ;            ; --       ; VCCPGM                          ; power  ;              ; 1.8V/2.5V/3.0V/3.3V ; --           ;                 ; --       ; --           ;
; AF13     ; 76         ; 3A       ; RESERVED_INPUT_WITH_WEAK_PULLUP ;        ;              ;                     ; Column I/O   ;                 ; no       ; On           ;
; AF14     ;            ;          ; GND                             ; gnd    ;              ;                     ; --           ;                 ; --       ; --           ;
; AF15     ;            ; 3B, 4A   ; VCCPD3B4A                       ; power  ;              ; 2.5V                ; --           ;                 ; --       ; --           ;
; AF16     ;            ; 3B, 4A   ; VCCPD3B4A                       ; power  ;              ; 2.5V                ; --           ;                 ; --       ; --           ;
; AF17     ;            ;          ; DNU                             ;        ;              ;                     ; --           ;                 ; --       ; --           ;
; AF18     ; 176        ; 4A       ; RESERVED_INPUT_WITH_WEAK_PULLUP ;        ;              ;                     ; Column I/O   ;                 ; no       ; On           ;
; AF19     ;            ; 4A       ; VCCIO4A                         ; power  ;              ; 2.5V                ; --           ;                 ; --       ; --           ;
; AF20     ;            ; 3B, 4A   ; VCCPD3B4A                       ; power  ;              ; 2.5V                ; --           ;                 ; --       ; --           ;
; AF21     ;            ; 3B, 4A   ; VCCPD3B4A                       ; power  ;              ; 2.5V                ; --           ;                 ; --       ; --           ;
; AF22     ; 224        ; 4A       ; RESERVED_INPUT_WITH_WEAK_PULLUP ;        ;              ;                     ; Column I/O   ;                 ; no       ; On           ;
; AF23     ; 238        ; 4A       ; RESERVED_INPUT_WITH_WEAK_PULLUP ;        ;              ;                     ; Column I/O   ;                 ; no       ; On           ;
; AF24     ;            ;          ; GND                             ; gnd    ;              ;                     ; --           ;                 ; --       ; --           ;
; AF25     ; 256        ; 4A       ; RESERVED_INPUT_WITH_WEAK_PULLUP ;        ;              ;                     ; Column I/O   ;                 ; no       ; On           ;
; AF26     ; 277        ; 5A       ; RESERVED_INPUT_WITH_WEAK_PULLUP ;        ;              ;                     ; Row I/O      ;                 ; no       ; On           ;
; AF27     ; 275        ; 5A       ; RESERVED_INPUT_WITH_WEAK_PULLUP ;        ;              ;                     ; Row I/O      ;                 ; no       ; On           ;
; AF28     ; 281        ; 5A       ; RESERVED_INPUT_WITH_WEAK_PULLUP ;        ;              ;                     ; Row I/O      ;                 ; no       ; On           ;
; AF29     ;            ; 5A       ; VCCIO5A                         ; power  ;              ; 2.5V                ; --           ;                 ; --       ; --           ;
; AF30     ; 296        ; 5A       ; RESERVED_INPUT_WITH_WEAK_PULLUP ;        ;              ;                     ; Row I/O      ;                 ; no       ; On           ;
; AF31     ; 317        ; 5B       ; RESERVED_INPUT_WITH_WEAK_PULLUP ;        ;              ;                     ; Row I/O      ;                 ; no       ; On           ;
; AF32     ; 337        ; 5B       ; RESERVED_INPUT_WITH_WEAK_PULLUP ;        ;              ;                     ; Row I/O      ;                 ; no       ; On           ;
; AF33     ; 343        ; 5B       ; RESERVED_INPUT_WITH_WEAK_PULLUP ;        ;              ;                     ; Row I/O      ;                 ; no       ; On           ;
; AF34     ;            ;          ; GND                             ; gnd    ;              ;                     ; --           ;                 ; --       ; --           ;
; AG1      ; 49         ; B0L      ; GND                             ;        ;              ;                     ; --           ;                 ; --       ; --           ;
; AG2      ; 48         ; B0L      ; GND                             ;        ;              ;                     ; --           ;                 ; --       ; --           ;
; AG3      ;            ;          ; GND                             ; gnd    ;              ;                     ; --           ;                 ; --       ; --           ;
; AG4      ;            ;          ; GND                             ; gnd    ;              ;                     ; --           ;                 ; --       ; --           ;
; AG5      ;            ;          ; GND                             ; gnd    ;              ;                     ; --           ;                 ; --       ; --           ;
; AG6      ;            ;          ; GND                             ; gnd    ;              ;                     ; --           ;                 ; --       ; --           ;
; AG7      ;            ;          ; GND                             ; gnd    ;              ;                     ; --           ;                 ; --       ; --           ;
; AG8      ;            ;          ; NC                              ;        ;              ;                     ; --           ;                 ; --       ; --           ;
; AG9      ;            ;          ; DNU                             ;        ;              ;                     ; --           ;                 ; --       ; --           ;
; AG10     ; 57         ; 3A       ; ^nCSO, DATA4                    ;        ;              ;                     ; Weak Pull Up ;                 ; --       ; On           ;
; AG11     ; 58         ; 3A       ; #TMS                            ; input  ;              ;                     ; --           ;                 ; --       ; --           ;
; AG12     ;            ; 3A       ; VCCIO3A                         ; power  ;              ; 2.5V                ; --           ;                 ; --       ; --           ;
; AG13     ; 74         ; 3A       ; RESERVED_INPUT_WITH_WEAK_PULLUP ;        ;              ;                     ; Column I/O   ;                 ; no       ; On           ;
; AG14     ; 101        ; 3A       ; RESERVED_INPUT_WITH_WEAK_PULLUP ;        ;              ;                     ; Column I/O   ;                 ; no       ; On           ;
; AG15     ; 118        ; 3B       ; RESERVED_INPUT_WITH_WEAK_PULLUP ;        ;              ;                     ; Column I/O   ;                 ; no       ; On           ;
; AG16     ; 120        ; 3B       ; RESERVED_INPUT_WITH_WEAK_PULLUP ;        ;              ;                     ; Column I/O   ;                 ; no       ; On           ;
; AG17     ;            ;          ; GND                             ; gnd    ;              ;                     ; --           ;                 ; --       ; --           ;
; AG18     ; 174        ; 4A       ; RESERVED_INPUT_WITH_WEAK_PULLUP ;        ;              ;                     ; Column I/O   ;                 ; no       ; On           ;
; AG19     ; 173        ; 4A       ; RESERVED_INPUT_WITH_WEAK_PULLUP ;        ;              ;                     ; Column I/O   ;                 ; no       ; On           ;
; AG20     ;            ; 4A       ; VREFB4AN0                       ; power  ;              ;                     ; --           ;                 ; --       ; --           ;
; AG21     ; 222        ; 4A       ; RESERVED_INPUT_WITH_WEAK_PULLUP ;        ;              ;                     ; Column I/O   ;                 ; no       ; On           ;
; AG22     ;            ; 4A       ; VCCIO4A                         ; power  ;              ; 2.5V                ; --           ;                 ; --       ; --           ;
; AG23     ; 229        ; 4A       ; RESERVED_INPUT_WITH_WEAK_PULLUP ;        ;              ;                     ; Column I/O   ;                 ; no       ; On           ;
; AG24     ; 245        ; 4A       ; RESERVED_INPUT_WITH_WEAK_PULLUP ;        ;              ;                     ; Column I/O   ;                 ; no       ; On           ;
; AG25     ; 253        ; 4A       ; RESERVED_INPUT_WITH_WEAK_PULLUP ;        ;              ;                     ; Column I/O   ;                 ; no       ; On           ;
; AG26     ; 251        ; 4A       ; RESERVED_INPUT_WITH_WEAK_PULLUP ;        ;              ;                     ; Column I/O   ;                 ; no       ; On           ;
; AG27     ;            ;          ; GND                             ; gnd    ;              ;                     ; --           ;                 ; --       ; --           ;
; AG28     ; 283        ; 5A       ; RESERVED_INPUT_WITH_WEAK_PULLUP ;        ;              ;                     ; Row I/O      ;                 ; no       ; On           ;
; AG29     ; 287        ; 5A       ; RESERVED_INPUT_WITH_WEAK_PULLUP ;        ;              ;                     ; Row I/O      ;                 ; no       ; On           ;
; AG30     ; 294        ; 5A       ; RESERVED_INPUT_WITH_WEAK_PULLUP ;        ;              ;                     ; Row I/O      ;                 ; no       ; On           ;
; AG31     ; 315        ; 5B       ; RESERVED_INPUT_WITH_WEAK_PULLUP ;        ;              ;                     ; Row I/O      ;                 ; no       ; On           ;
; AG32     ;            ; 5B       ; VCCIO5B                         ; power  ;              ; 2.5V                ; --           ;                 ; --       ; --           ;
; AG33     ; 329        ; 5B       ; RESERVED_INPUT_WITH_WEAK_PULLUP ;        ;              ;                     ; Row I/O      ;                 ; no       ; On           ;
; AG34     ; 339        ; 5B       ; RESERVED_INPUT_WITH_WEAK_PULLUP ;        ;              ;                     ; Row I/O      ;                 ; no       ; On           ;
; AH1      ;            ;          ; GND                             ; gnd    ;              ;                     ; --           ;                 ; --       ; --           ;
; AH2      ;            ;          ; GND                             ; gnd    ;              ;                     ; --           ;                 ; --       ; --           ;
; AH3      ; 50         ; B0L      ; GXB_NC                          ;        ;              ;                     ; --           ;                 ; --       ; --           ;
; AH4      ; 51         ; B0L      ; GXB_NC                          ;        ;              ;                     ; --           ;                 ; --       ; --           ;
; AH5      ;            ;          ; GND                             ; gnd    ;              ;                     ; --           ;                 ; --       ; --           ;
; AH6      ;            ;          ; NC                              ;        ;              ;                     ; --           ;                 ; --       ; --           ;
; AH7      ;            ;          ; NC                              ;        ;              ;                     ; --           ;                 ; --       ; --           ;
; AH8      ; 61         ; 3A       ; ^AS_DATA2, DATA2                ;        ;              ;                     ; Weak Pull Up ;                 ; --       ; On           ;
; AH9      ; 65         ; 3A       ; ^AS_DATA0, ASDO, DATA0          ;        ;              ;                     ; Weak Pull Up ;                 ; --       ; On           ;
; AH10     ;            ;          ; GND                             ; gnd    ;              ;                     ; --           ;                 ; --       ; --           ;
; AH11     ;            ; 3A       ; VREFB3AN0                       ; power  ;              ;                     ; --           ;                 ; --       ; --           ;
; AH12     ; 72         ; 3A       ; RESERVED_INPUT_WITH_WEAK_PULLUP ;        ;              ;                     ; Column I/O   ;                 ; no       ; On           ;
; AH13     ; 93         ; 3A       ; RESERVED_INPUT_WITH_WEAK_PULLUP ;        ;              ;                     ; Column I/O   ;                 ; no       ; On           ;
; AH14     ; 99         ; 3A       ; RESERVED_INPUT_WITH_WEAK_PULLUP ;        ;              ;                     ; Column I/O   ;                 ; no       ; On           ;
; AH15     ;            ; 3B       ; VCCIO3B                         ; power  ;              ; 2.5V                ; --           ;                 ; --       ; --           ;
; AH16     ; 141        ; 3B       ; RESERVED_INPUT_WITH_WEAK_PULLUP ;        ;              ;                     ; Column I/O   ;                 ; no       ; On           ;
; AH17     ; 157        ; 3B       ; RESERVED_INPUT_WITH_WEAK_PULLUP ;        ;              ;                     ; Column I/O   ;                 ; no       ; On           ;
; AH18     ;            ; 3B       ; VREFB3BN0                       ; power  ;              ;                     ; --           ;                 ; --       ; --           ;
; AH19     ; 171        ; 4A       ; RESERVED_INPUT_WITH_WEAK_PULLUP ;        ;              ;                     ; Column I/O   ;                 ; no       ; On           ;
; AH20     ;            ;          ; GND                             ; gnd    ;              ;                     ; --           ;                 ; --       ; --           ;
; AH21     ; 203        ; 4A       ; RESERVED_INPUT_WITH_WEAK_PULLUP ;        ;              ;                     ; Column I/O   ;                 ; no       ; On           ;
; AH22     ; 205        ; 4A       ; RESERVED_INPUT_WITH_WEAK_PULLUP ;        ;              ;                     ; Column I/O   ;                 ; no       ; On           ;
; AH23     ; 227        ; 4A       ; RESERVED_INPUT_WITH_WEAK_PULLUP ;        ;              ;                     ; Column I/O   ;                 ; no       ; On           ;
; AH24     ; 243        ; 4A       ; RESERVED_INPUT_WITH_WEAK_PULLUP ;        ;              ;                     ; Column I/O   ;                 ; no       ; On           ;
; AH25     ;            ; 4A       ; VCCIO4A                         ; power  ;              ; 2.5V                ; --           ;                 ; --       ; --           ;
; AH26     ; 252        ; 4A       ; RESERVED_INPUT_WITH_WEAK_PULLUP ;        ;              ;                     ; Column I/O   ;                 ; no       ; On           ;
; AH27     ; 257        ; 4A       ; RESERVED_INPUT_WITH_WEAK_PULLUP ;        ;              ;                     ; Column I/O   ;                 ; no       ; On           ;
; AH28     ; 285        ; 5A       ; RESERVED_INPUT_WITH_WEAK_PULLUP ;        ;              ;                     ; Row I/O      ;                 ; no       ; On           ;
; AH29     ; 289        ; 5A       ; RESERVED_INPUT_WITH_WEAK_PULLUP ;        ;              ;                     ; Row I/O      ;                 ; no       ; On           ;
; AH30     ;            ;          ; GND                             ; gnd    ;              ;                     ; --           ;                 ; --       ; --           ;
; AH31     ; 302        ; 5A       ; RESERVED_INPUT_WITH_WEAK_PULLUP ;        ;              ;                     ; Row I/O      ;                 ; no       ; On           ;
; AH32     ; 311        ; 5B       ; RESERVED_INPUT_WITH_WEAK_PULLUP ;        ;              ;                     ; Row I/O      ;                 ; no       ; On           ;
; AH33     ; 327        ; 5B       ; RESERVED_INPUT_WITH_WEAK_PULLUP ;        ;              ;                     ; Row I/O      ;                 ; no       ; On           ;
; AH34     ; 341        ; 5B       ; RESERVED_INPUT_WITH_WEAK_PULLUP ;        ;              ;                     ; Row I/O      ;                 ; no       ; On           ;
; AJ1      ; 53         ; B0L      ; GND                             ;        ;              ;                     ; --           ;                 ; --       ; --           ;
; AJ2      ; 52         ; B0L      ; GND                             ;        ;              ;                     ; --           ;                 ; --       ; --           ;
; AJ3      ;            ;          ; GND                             ; gnd    ;              ;                     ; --           ;                 ; --       ; --           ;
; AJ4      ;            ;          ; GND                             ; gnd    ;              ;                     ; --           ;                 ; --       ; --           ;
; AJ5      ;            ;          ; GND                             ; gnd    ;              ;                     ; --           ;                 ; --       ; --           ;
; AJ6      ; 59         ; 3A       ; ^AS_DATA3, DATA3                ;        ;              ;                     ; Weak Pull Up ;                 ; --       ; On           ;
; AJ7      ; 63         ; 3A       ; ^AS_DATA1, DATA1                ;        ;              ;                     ; Weak Pull Up ;                 ; --       ; On           ;
; AJ8      ;            ; 3A       ; VCCIO3A                         ; power  ;              ; 2.5V                ; --           ;                 ; --       ; --           ;
; AJ9      ; 81         ; 3A       ; RESERVED_INPUT_WITH_WEAK_PULLUP ;        ;              ;                     ; Column I/O   ;                 ; no       ; On           ;
; AJ10     ; 85         ; 3A       ; RESERVED_INPUT_WITH_WEAK_PULLUP ;        ;              ;                     ; Column I/O   ;                 ; no       ; On           ;
; AJ11     ; 70         ; 3A       ; RESERVED_INPUT_WITH_WEAK_PULLUP ;        ;              ;                     ; Column I/O   ;                 ; no       ; On           ;
; AJ12     ; 91         ; 3A       ; RESERVED_INPUT_WITH_WEAK_PULLUP ;        ;              ;                     ; Column I/O   ;                 ; no       ; On           ;
; AJ13     ;            ;          ; GND                             ; gnd    ;              ;                     ; --           ;                 ; --       ; --           ;
; AJ14     ; 109        ; 3A       ; RESERVED_INPUT_WITH_WEAK_PULLUP ;        ;              ;                     ; Column I/O   ;                 ; no       ; On           ;
; AJ15     ; 125        ; 3B       ; RESERVED_INPUT_WITH_WEAK_PULLUP ;        ;              ;                     ; Column I/O   ;                 ; no       ; On           ;
; AJ16     ; 139        ; 3B       ; RESERVED_INPUT_WITH_WEAK_PULLUP ;        ;              ;                     ; Column I/O   ;                 ; no       ; On           ;
; AJ17     ; 155        ; 3B       ; RESERVED_INPUT_WITH_WEAK_PULLUP ;        ;              ;                     ; Column I/O   ;                 ; no       ; On           ;
; AJ18     ;            ; 4A       ; VCCIO4A                         ; power  ;              ; 2.5V                ; --           ;                 ; --       ; --           ;
; AJ19     ; 172        ; 4A       ; RESERVED_INPUT_WITH_WEAK_PULLUP ;        ;              ;                     ; Column I/O   ;                 ; no       ; On           ;
; AJ20     ; 200        ; 4A       ; RESERVED_INPUT_WITH_WEAK_PULLUP ;        ;              ;                     ; Column I/O   ;                 ; no       ; On           ;
; AJ21     ; 199        ; 4A       ; RESERVED_INPUT_WITH_WEAK_PULLUP ;        ;              ;                     ; Column I/O   ;                 ; no       ; On           ;
; AJ22     ; 201        ; 4A       ; RESERVED_INPUT_WITH_WEAK_PULLUP ;        ;              ;                     ; Column I/O   ;                 ; no       ; On           ;
; AJ23     ;            ;          ; GND                             ; gnd    ;              ;                     ; --           ;                 ; --       ; --           ;
; AJ24     ; 221        ; 4A       ; RESERVED_INPUT_WITH_WEAK_PULLUP ;        ;              ;                     ; Column I/O   ;                 ; no       ; On           ;
; AJ25     ; 237        ; 4A       ; RESERVED_INPUT_WITH_WEAK_PULLUP ;        ;              ;                     ; Column I/O   ;                 ; no       ; On           ;
; AJ26     ; 250        ; 4A       ; RESERVED_INPUT_WITH_WEAK_PULLUP ;        ;              ;                     ; Column I/O   ;                 ; no       ; On           ;
; AJ27     ; 255        ; 4A       ; RESERVED_INPUT_WITH_WEAK_PULLUP ;        ;              ;                     ; Column I/O   ;                 ; no       ; On           ;
; AJ28     ;            ; 4A       ; VCCIO4A                         ; power  ;              ; 2.5V                ; --           ;                 ; --       ; --           ;
; AJ29     ; 244        ; 4A       ; RESERVED_INPUT_WITH_WEAK_PULLUP ;        ;              ;                     ; Column I/O   ;                 ; no       ; On           ;
; AJ30     ; 293        ; 5A       ; RESERVED_INPUT_WITH_WEAK_PULLUP ;        ;              ;                     ; Row I/O      ;                 ; no       ; On           ;
; AJ31     ; 304        ; 5A       ; RESERVED_INPUT_WITH_WEAK_PULLUP ;        ;              ;                     ; Row I/O      ;                 ; no       ; On           ;
; AJ32     ; 313        ; 5B       ; RESERVED_INPUT_WITH_WEAK_PULLUP ;        ;              ;                     ; Row I/O      ;                 ; no       ; On           ;
; AJ33     ;            ;          ; GND                             ; gnd    ;              ;                     ; --           ;                 ; --       ; --           ;
; AJ34     ; 328        ; 5B       ; RESERVED_INPUT_WITH_WEAK_PULLUP ;        ;              ;                     ; Row I/O      ;                 ; no       ; On           ;
; AK1      ;            ;          ; GND                             ; gnd    ;              ;                     ; --           ;                 ; --       ; --           ;
; AK2      ;            ;          ; GND                             ; gnd    ;              ;                     ; --           ;                 ; --       ; --           ;
; AK3      ;            ;          ; GND                             ; gnd    ;              ;                     ; --           ;                 ; --       ; --           ;
; AK4      ;            ;          ; NC                              ;        ;              ;                     ; --           ;                 ; --       ; --           ;
; AK5      ; 60         ; 3A       ; #TCK                            ; input  ;              ;                     ; --           ;                 ; --       ; --           ;
; AK6      ;            ;          ; GND                             ; gnd    ;              ;                     ; --           ;                 ; --       ; --           ;
; AK7      ; 73         ; 3A       ; RESERVED_INPUT_WITH_WEAK_PULLUP ;        ;              ;                     ; Column I/O   ;                 ; no       ; On           ;
; AK8      ; 77         ; 3A       ; RESERVED_INPUT_WITH_WEAK_PULLUP ;        ;              ;                     ; Column I/O   ;                 ; no       ; On           ;
; AK9      ; 79         ; 3A       ; RESERVED_INPUT_WITH_WEAK_PULLUP ;        ;              ;                     ; Column I/O   ;                 ; no       ; On           ;
; AK10     ; 83         ; 3A       ; RESERVED_INPUT_WITH_WEAK_PULLUP ;        ;              ;                     ; Column I/O   ;                 ; no       ; On           ;
; AK11     ;            ; 3A       ; VCCIO3A                         ; power  ;              ; 2.5V                ; --           ;                 ; --       ; --           ;
; AK12     ; 111        ; 3A       ; RESERVED_INPUT_WITH_WEAK_PULLUP ;        ;              ;                     ; Column I/O   ;                 ; no       ; On           ;
; AK13     ; 113        ; 3A       ; RESERVED_INPUT_WITH_WEAK_PULLUP ;        ;              ;                     ; Column I/O   ;                 ; no       ; On           ;
; AK14     ; 107        ; 3A       ; RESERVED_INPUT_WITH_WEAK_PULLUP ;        ;              ;                     ; Column I/O   ;                 ; no       ; On           ;
; AK15     ; 123        ; 3B       ; RESERVED_INPUT_WITH_WEAK_PULLUP ;        ;              ;                     ; Column I/O   ;                 ; no       ; On           ;
; AK16     ;            ;          ; GND                             ; gnd    ;              ;                     ; --           ;                 ; --       ; --           ;
; AK17     ; 153        ; 3B       ; RESERVED_INPUT_WITH_WEAK_PULLUP ;        ;              ;                     ; Column I/O   ;                 ; no       ; On           ;
; AK18     ; 161        ; 3B       ; RESERVED_INPUT_WITH_WEAK_PULLUP ;        ;              ;                     ; Column I/O   ;                 ; no       ; On           ;
; AK19     ; 170        ; 4A       ; RESERVED_INPUT_WITH_WEAK_PULLUP ;        ;              ;                     ; Column I/O   ;                 ; no       ; On           ;
; AK20     ; 198        ; 4A       ; RESERVED_INPUT_WITH_WEAK_PULLUP ;        ;              ;                     ; Column I/O   ;                 ; no       ; On           ;
; AK21     ;            ; 4A       ; VCCIO4A                         ; power  ;              ; 2.5V                ; --           ;                 ; --       ; --           ;
; AK22     ; 196        ; 4A       ; RESERVED_INPUT_WITH_WEAK_PULLUP ;        ;              ;                     ; Column I/O   ;                 ; no       ; On           ;
; AK23     ; 213        ; 4A       ; RESERVED_INPUT_WITH_WEAK_PULLUP ;        ;              ;                     ; Column I/O   ;                 ; no       ; On           ;
; AK24     ; 219        ; 4A       ; RESERVED_INPUT_WITH_WEAK_PULLUP ;        ;              ;                     ; Column I/O   ;                 ; no       ; On           ;
; AK25     ; 235        ; 4A       ; RESERVED_INPUT_WITH_WEAK_PULLUP ;        ;              ;                     ; Column I/O   ;                 ; no       ; On           ;
; AK26     ;            ;          ; GND                             ; gnd    ;              ;                     ; --           ;                 ; --       ; --           ;
; AK27     ; 234        ; 4A       ; RESERVED_INPUT_WITH_WEAK_PULLUP ;        ;              ;                     ; Column I/O   ;                 ; no       ; On           ;
; AK28     ; 236        ; 4A       ; RESERVED_INPUT_WITH_WEAK_PULLUP ;        ;              ;                     ; Column I/O   ;                 ; no       ; On           ;
; AK29     ; 242        ; 4A       ; RESERVED_INPUT_WITH_WEAK_PULLUP ;        ;              ;                     ; Column I/O   ;                 ; no       ; On           ;
; AK30     ; 291        ; 5A       ; RESERVED_INPUT_WITH_WEAK_PULLUP ;        ;              ;                     ; Row I/O      ;                 ; no       ; On           ;
; AK31     ;            ; 5A       ; VCCIO5A                         ; power  ;              ; 2.5V                ; --           ;                 ; --       ; --           ;
; AK32     ; 301        ; 5A       ; RESERVED_INPUT_WITH_WEAK_PULLUP ;        ;              ;                     ; Row I/O      ;                 ; no       ; On           ;
; AK33     ; 305        ; 5A       ; RESERVED_INPUT_WITH_WEAK_PULLUP ;        ;              ;                     ; Row I/O      ;                 ; no       ; On           ;
; AK34     ; 326        ; 5B       ; RESERVED_INPUT_WITH_WEAK_PULLUP ;        ;              ;                     ; Row I/O      ;                 ; no       ; On           ;
; AL1      ;            ;          ; NC                              ;        ;              ;                     ; --           ;                 ; --       ; --           ;
; AL2      ;            ;          ; NC                              ;        ;              ;                     ; --           ;                 ; --       ; --           ;
; AL3      ;            ;          ; NC                              ;        ;              ;                     ; --           ;                 ; --       ; --           ;
; AL4      ;            ;          ; NC                              ;        ;              ;                     ; --           ;                 ; --       ; --           ;
; AL5      ;            ;          ; GND                             ; gnd    ;              ;                     ; --           ;                 ; --       ; --           ;
; AL6      ; 84         ; 3A       ; RESERVED_INPUT_WITH_WEAK_PULLUP ;        ;              ;                     ; Column I/O   ;                 ; no       ; On           ;
; AL7      ; 71         ; 3A       ; RESERVED_INPUT_WITH_WEAK_PULLUP ;        ;              ;                     ; Column I/O   ;                 ; no       ; On           ;
; AL8      ; 75         ; 3A       ; RESERVED_INPUT_WITH_WEAK_PULLUP ;        ;              ;                     ; Column I/O   ;                 ; no       ; On           ;
; AL9      ;            ;          ; GND                             ; gnd    ;              ;                     ; --           ;                 ; --       ; --           ;
; AL10     ; 108        ; 3A       ; RESERVED_INPUT_WITH_WEAK_PULLUP ;        ;              ;                     ; Column I/O   ;                 ; no       ; On           ;
; AL11     ; 116        ; 3B       ; RESERVED_INPUT_WITH_WEAK_PULLUP ;        ;              ;                     ; Column I/O   ;                 ; no       ; On           ;
; AL12     ; 129        ; 3B       ; RESERVED_INPUT_WITH_WEAK_PULLUP ;        ;              ;                     ; Column I/O   ;                 ; no       ; On           ;
; AL13     ; 127        ; 3B       ; RESERVED_INPUT_WITH_WEAK_PULLUP ;        ;              ;                     ; Column I/O   ;                 ; no       ; On           ;
; AL14     ;            ; 3B       ; VCCIO3B                         ; power  ;              ; 2.5V                ; --           ;                 ; --       ; --           ;
; AL15     ; 117        ; 3B       ; RESERVED_INPUT_WITH_WEAK_PULLUP ;        ;              ;                     ; Column I/O   ;                 ; no       ; On           ;
; AL16     ; 140        ; 3B       ; RESERVED_INPUT_WITH_WEAK_PULLUP ;        ;              ;                     ; Column I/O   ;                 ; no       ; On           ;
; AL17     ; 151        ; 3B       ; RESERVED_INPUT_WITH_WEAK_PULLUP ;        ;              ;                     ; Column I/O   ;                 ; no       ; On           ;
; AL18     ; 159        ; 3B       ; RESERVED_INPUT_WITH_WEAK_PULLUP ;        ;              ;                     ; Column I/O   ;                 ; no       ; On           ;
; AL19     ;            ;          ; GND                             ; gnd    ;              ;                     ; --           ;                 ; --       ; --           ;
; AL20     ; 181        ; 4A       ; RESERVED_INPUT_WITH_WEAK_PULLUP ;        ;              ;                     ; Column I/O   ;                 ; no       ; On           ;
; AL21     ; 177        ; 4A       ; RESERVED_INPUT_WITH_WEAK_PULLUP ;        ;              ;                     ; Column I/O   ;                 ; no       ; On           ;
; AL22     ; 194        ; 4A       ; RESERVED_INPUT_WITH_WEAK_PULLUP ;        ;              ;                     ; Column I/O   ;                 ; no       ; On           ;
; AL23     ; 211        ; 4A       ; RESERVED_INPUT_WITH_WEAK_PULLUP ;        ;              ;                     ; Column I/O   ;                 ; no       ; On           ;
; AL24     ;            ; 4A       ; VCCIO4A                         ; power  ;              ; 2.5V                ; --           ;                 ; --       ; --           ;
; AL25     ; 212        ; 4A       ; RESERVED_INPUT_WITH_WEAK_PULLUP ;        ;              ;                     ; Column I/O   ;                 ; no       ; On           ;
; AL26     ; 217        ; 4A       ; RESERVED_INPUT_WITH_WEAK_PULLUP ;        ;              ;                     ; Column I/O   ;                 ; no       ; On           ;
; AL27     ; 225        ; 4A       ; RESERVED_INPUT_WITH_WEAK_PULLUP ;        ;              ;                     ; Column I/O   ;                 ; no       ; On           ;
; AL28     ; 223        ; 4A       ; RESERVED_INPUT_WITH_WEAK_PULLUP ;        ;              ;                     ; Column I/O   ;                 ; no       ; On           ;
; AL29     ;            ;          ; GND                             ; gnd    ;              ;                     ; --           ;                 ; --       ; --           ;
; AL30     ; 241        ; 4A       ; RESERVED_INPUT_WITH_WEAK_PULLUP ;        ;              ;                     ; Column I/O   ;                 ; no       ; On           ;
; AL31     ; 249        ; 4A       ; RESERVED_INPUT_WITH_WEAK_PULLUP ;        ;              ;                     ; Column I/O   ;                 ; no       ; On           ;
; AL32     ; 299        ; 5A       ; RESERVED_INPUT_WITH_WEAK_PULLUP ;        ;              ;                     ; Row I/O      ;                 ; no       ; On           ;
; AL33     ; 303        ; 5A       ; RESERVED_INPUT_WITH_WEAK_PULLUP ;        ;              ;                     ; Row I/O      ;                 ; no       ; On           ;
; AL34     ;            ;          ; GND                             ; gnd    ;              ;                     ; --           ;                 ; --       ; --           ;
; AM1      ;            ;          ; NC                              ;        ;              ;                     ; --           ;                 ; --       ; --           ;
; AM2      ;            ;          ; NC                              ;        ;              ;                     ; --           ;                 ; --       ; --           ;
; AM3      ;            ;          ; GND                             ; gnd    ;              ;                     ; --           ;                 ; --       ; --           ;
; AM4      ; 67         ; 3A       ; RESERVED_INPUT_WITH_WEAK_PULLUP ;        ;              ;                     ; Column I/O   ;                 ; no       ; On           ;
; AM5      ; 69         ; 3A       ; RESERVED_INPUT_WITH_WEAK_PULLUP ;        ;              ;                     ; Column I/O   ;                 ; no       ; On           ;
; AM6      ; 82         ; 3A       ; RESERVED_INPUT_WITH_WEAK_PULLUP ;        ;              ;                     ; Column I/O   ;                 ; no       ; On           ;
; AM7      ;            ; 3A       ; VCCIO3A                         ; power  ;              ; 2.5V                ; --           ;                 ; --       ; --           ;
; AM8      ; 100        ; 3A       ; RESERVED_INPUT_WITH_WEAK_PULLUP ;        ;              ;                     ; Column I/O   ;                 ; no       ; On           ;
; AM9      ; 105        ; 3A       ; RESERVED_INPUT_WITH_WEAK_PULLUP ;        ;              ;                     ; Column I/O   ;                 ; no       ; On           ;
; AM10     ; 106        ; 3A       ; RESERVED_INPUT_WITH_WEAK_PULLUP ;        ;              ;                     ; Column I/O   ;                 ; no       ; On           ;
; AM11     ; 114        ; 3B       ; RESERVED_INPUT_WITH_WEAK_PULLUP ;        ;              ;                     ; Column I/O   ;                 ; no       ; On           ;
; AM12     ;            ;          ; GND                             ; gnd    ;              ;                     ; --           ;                 ; --       ; --           ;
; AM13     ; 137        ; 3B       ; RESERVED_INPUT_WITH_WEAK_PULLUP ;        ;              ;                     ; Column I/O   ;                 ; no       ; On           ;
; AM14     ; 133        ; 3B       ; RESERVED_INPUT_WITH_WEAK_PULLUP ;        ;              ;                     ; Column I/O   ;                 ; no       ; On           ;
; AM15     ; 115        ; 3B       ; RESERVED_INPUT_WITH_WEAK_PULLUP ;        ;              ;                     ; Column I/O   ;                 ; no       ; On           ;
; AM16     ; 138        ; 3B       ; RESERVED_INPUT_WITH_WEAK_PULLUP ;        ;              ;                     ; Column I/O   ;                 ; no       ; On           ;
; AM17     ;            ; 3B       ; VCCIO3B                         ; power  ;              ; 2.5V                ; --           ;                 ; --       ; --           ;
; AM18     ; 156        ; 3B       ; RESERVED_INPUT_WITH_WEAK_PULLUP ;        ;              ;                     ; Column I/O   ;                 ; no       ; On           ;
; AM19     ; 165        ; 4A       ; RESERVED_INPUT_WITH_WEAK_PULLUP ;        ;              ;                     ; Column I/O   ;                 ; no       ; On           ;
; AM20     ; 179        ; 4A       ; RESERVED_INPUT_WITH_WEAK_PULLUP ;        ;              ;                     ; Column I/O   ;                 ; no       ; On           ;
; AM21     ; 175        ; 4A       ; RESERVED_INPUT_WITH_WEAK_PULLUP ;        ;              ;                     ; Column I/O   ;                 ; no       ; On           ;
; AM22     ;            ;          ; GND                             ; gnd    ;              ;                     ; --           ;                 ; --       ; --           ;
; AM23     ; 185        ; 4A       ; RESERVED_INPUT_WITH_WEAK_PULLUP ;        ;              ;                     ; Column I/O   ;                 ; no       ; On           ;
; AM24     ; 193        ; 4A       ; RESERVED_INPUT_WITH_WEAK_PULLUP ;        ;              ;                     ; Column I/O   ;                 ; no       ; On           ;
; AM25     ; 210        ; 4A       ; RESERVED_INPUT_WITH_WEAK_PULLUP ;        ;              ;                     ; Column I/O   ;                 ; no       ; On           ;
; AM26     ; 215        ; 4A       ; RESERVED_INPUT_WITH_WEAK_PULLUP ;        ;              ;                     ; Column I/O   ;                 ; no       ; On           ;
; AM27     ;            ; 4A       ; VCCIO4A                         ; power  ;              ; 2.5V                ; --           ;                 ; --       ; --           ;
; AM28     ; 209        ; 4A       ; RESERVED_INPUT_WITH_WEAK_PULLUP ;        ;              ;                     ; Column I/O   ;                 ; no       ; On           ;
; AM29     ; 233        ; 4A       ; RESERVED_INPUT_WITH_WEAK_PULLUP ;        ;              ;                     ; Column I/O   ;                 ; no       ; On           ;
; AM30     ; 239        ; 4A       ; RESERVED_INPUT_WITH_WEAK_PULLUP ;        ;              ;                     ; Column I/O   ;                 ; no       ; On           ;
; AM31     ; 247        ; 4A       ; RESERVED_INPUT_WITH_WEAK_PULLUP ;        ;              ;                     ; Column I/O   ;                 ; no       ; On           ;
; AM32     ;            ;          ; GND                             ; gnd    ;              ;                     ; --           ;                 ; --       ; --           ;
; AM33     ; 297        ; 5A       ; RESERVED_INPUT_WITH_WEAK_PULLUP ;        ;              ;                     ; Row I/O      ;                 ; no       ; On           ;
; AM34     ; 321        ; 5B       ; RESERVED_INPUT_WITH_WEAK_PULLUP ;        ;              ;                     ; Row I/O      ;                 ; no       ; On           ;
; AN1      ;            ;          ; NC                              ;        ;              ;                     ; --           ;                 ; --       ; --           ;
; AN2      ;            ;          ; NC                              ;        ;              ;                     ; --           ;                 ; --       ; --           ;
; AN3      ;            ;          ; NC                              ;        ;              ;                     ; --           ;                 ; --       ; --           ;
; AN4      ; 87         ; 3A       ; RESERVED_INPUT_WITH_WEAK_PULLUP ;        ;              ;                     ; Column I/O   ;                 ; no       ; On           ;
; AN5      ; 89         ; 3A       ; RESERVED_INPUT_WITH_WEAK_PULLUP ;        ;              ;                     ; Column I/O   ;                 ; no       ; On           ;
; AN6      ;            ;          ; GND                             ; gnd    ;              ;                     ; --           ;                 ; --       ; --           ;
; AN7      ; 97         ; 3A       ; RESERVED_INPUT_WITH_WEAK_PULLUP ;        ;              ;                     ; Column I/O   ;                 ; no       ; On           ;
; AN8      ; 98         ; 3A       ; RESERVED_INPUT_WITH_WEAK_PULLUP ;        ;              ;                     ; Column I/O   ;                 ; no       ; On           ;
; AN9      ; 103        ; 3A       ; RESERVED_INPUT_WITH_WEAK_PULLUP ;        ;              ;                     ; Column I/O   ;                 ; no       ; On           ;
; AN10     ;            ; 3B       ; VCCIO3B                         ; power  ;              ; 2.5V                ; --           ;                 ; --       ; --           ;
; AN11     ; 124        ; 3B       ; RESERVED_INPUT_WITH_WEAK_PULLUP ;        ;              ;                     ; Column I/O   ;                 ; no       ; On           ;
; AN12     ; 132        ; 3B       ; RESERVED_INPUT_WITH_WEAK_PULLUP ;        ;              ;                     ; Column I/O   ;                 ; no       ; On           ;
; AN13     ; 135        ; 3B       ; RESERVED_INPUT_WITH_WEAK_PULLUP ;        ;              ;                     ; Column I/O   ;                 ; no       ; On           ;
; AN14     ; 131        ; 3B       ; RESERVED_INPUT_WITH_WEAK_PULLUP ;        ;              ;                     ; Column I/O   ;                 ; no       ; On           ;
; AN15     ;            ;          ; GND                             ; gnd    ;              ;                     ; --           ;                 ; --       ; --           ;
; AN16     ; 148        ; 3B       ; RESERVED_INPUT_WITH_WEAK_PULLUP ;        ;              ;                     ; Column I/O   ;                 ; no       ; On           ;
; AN17     ; 149        ; 3B       ; RESERVED_INPUT_WITH_WEAK_PULLUP ;        ;              ;                     ; Column I/O   ;                 ; no       ; On           ;
; AN18     ; 154        ; 3B       ; RESERVED_INPUT_WITH_WEAK_PULLUP ;        ;              ;                     ; Column I/O   ;                 ; no       ; On           ;
; AN19     ; 163        ; 4A       ; RESERVED_INPUT_WITH_WEAK_PULLUP ;        ;              ;                     ; Column I/O   ;                 ; no       ; On           ;
; AN20     ;            ; 4A       ; VCCIO4A                         ; power  ;              ; 2.5V                ; --           ;                 ; --       ; --           ;
; AN21     ; 169        ; 4A       ; RESERVED_INPUT_WITH_WEAK_PULLUP ;        ;              ;                     ; Column I/O   ;                 ; no       ; On           ;
; AN22     ; 180        ; 4A       ; RESERVED_INPUT_WITH_WEAK_PULLUP ;        ;              ;                     ; Column I/O   ;                 ; no       ; On           ;
; AN23     ; 183        ; 4A       ; RESERVED_INPUT_WITH_WEAK_PULLUP ;        ;              ;                     ; Column I/O   ;                 ; no       ; On           ;
; AN24     ; 191        ; 4A       ; RESERVED_INPUT_WITH_WEAK_PULLUP ;        ;              ;                     ; Column I/O   ;                 ; no       ; On           ;
; AN25     ;            ;          ; GND                             ; gnd    ;              ;                     ; --           ;                 ; --       ; --           ;
; AN26     ; 188        ; 4A       ; RESERVED_INPUT_WITH_WEAK_PULLUP ;        ;              ;                     ; Column I/O   ;                 ; no       ; On           ;
; AN27     ; 197        ; 4A       ; RESERVED_INPUT_WITH_WEAK_PULLUP ;        ;              ;                     ; Column I/O   ;                 ; no       ; On           ;
; AN28     ; 207        ; 4A       ; RESERVED_INPUT_WITH_WEAK_PULLUP ;        ;              ;                     ; Column I/O   ;                 ; no       ; On           ;
; AN29     ; 231        ; 4A       ; RESERVED_INPUT_WITH_WEAK_PULLUP ;        ;              ;                     ; Column I/O   ;                 ; no       ; On           ;
; AN30     ;            ; 4A       ; VCCIO4A                         ; power  ;              ; 2.5V                ; --           ;                 ; --       ; --           ;
; AN31     ; 220        ; 4A       ; RESERVED_INPUT_WITH_WEAK_PULLUP ;        ;              ;                     ; Column I/O   ;                 ; no       ; On           ;
; AN32     ; 228        ; 4A       ; RESERVED_INPUT_WITH_WEAK_PULLUP ;        ;              ;                     ; Column I/O   ;                 ; no       ; On           ;
; AN33     ; 295        ; 5A       ; RESERVED_INPUT_WITH_WEAK_PULLUP ;        ;              ;                     ; Row I/O      ;                 ; no       ; On           ;
; AN34     ; 319        ; 5B       ; RESERVED_INPUT_WITH_WEAK_PULLUP ;        ;              ;                     ; Row I/O      ;                 ; no       ; On           ;
; AP2      ;            ;          ; GND                             ; gnd    ;              ;                     ; --           ;                 ; --       ; --           ;
; AP3      ;            ;          ; NC                              ;        ;              ;                     ; --           ;                 ; --       ; --           ;
; AP4      ;            ;          ; GND                             ; gnd    ;              ;                     ; --           ;                 ; --       ; --           ;
; AP5      ; 90         ; 3A       ; RESERVED_INPUT_WITH_WEAK_PULLUP ;        ;              ;                     ; Column I/O   ;                 ; no       ; On           ;
; AP6      ; 92         ; 3A       ; RESERVED_INPUT_WITH_WEAK_PULLUP ;        ;              ;                     ; Column I/O   ;                 ; no       ; On           ;
; AP7      ; 95         ; 3A       ; RESERVED_INPUT_WITH_WEAK_PULLUP ;        ;              ;                     ; Column I/O   ;                 ; no       ; On           ;
; AP8      ;            ;          ; GND                             ; gnd    ;              ;                     ; --           ;                 ; --       ; --           ;
; AP9      ; 119        ; 3B       ; RESERVED_INPUT_WITH_WEAK_PULLUP ;        ;              ;                     ; Column I/O   ;                 ; no       ; On           ;
; AP10     ; 121        ; 3B       ; RESERVED_INPUT_WITH_WEAK_PULLUP ;        ;              ;                     ; Column I/O   ;                 ; no       ; On           ;
; AP11     ; 122        ; 3B       ; RESERVED_INPUT_WITH_WEAK_PULLUP ;        ;              ;                     ; Column I/O   ;                 ; no       ; On           ;
; AP12     ; 130        ; 3B       ; RESERVED_INPUT_WITH_WEAK_PULLUP ;        ;              ;                     ; Column I/O   ;                 ; no       ; On           ;
; AP13     ;            ;          ; GND                             ; gnd    ;              ;                     ; --           ;                 ; --       ; --           ;
; AP14     ; 143        ; 3B       ; RESERVED_INPUT_WITH_WEAK_PULLUP ;        ;              ;                     ; Column I/O   ;                 ; no       ; On           ;
; AP15     ; 145        ; 3B       ; RESERVED_INPUT_WITH_WEAK_PULLUP ;        ;              ;                     ; Column I/O   ;                 ; no       ; On           ;
; AP16     ; 146        ; 3B       ; RESERVED_INPUT_WITH_WEAK_PULLUP ;        ;              ;                     ; Column I/O   ;                 ; no       ; On           ;
; AP17     ; 147        ; 3B       ; RESERVED_INPUT_WITH_WEAK_PULLUP ;        ;              ;                     ; Column I/O   ;                 ; no       ; On           ;
; AP18     ;            ;          ; GND                             ; gnd    ;              ;                     ; --           ;                 ; --       ; --           ;
; AP19     ; 162        ; 4A       ; RESERVED_INPUT_WITH_WEAK_PULLUP ;        ;              ;                     ; Column I/O   ;                 ; no       ; On           ;
; AP20     ; 164        ; 4A       ; RESERVED_INPUT_WITH_WEAK_PULLUP ;        ;              ;                     ; Column I/O   ;                 ; no       ; On           ;
; AP21     ; 167        ; 4A       ; RESERVED_INPUT_WITH_WEAK_PULLUP ;        ;              ;                     ; Column I/O   ;                 ; no       ; On           ;
; AP22     ; 178        ; 4A       ; RESERVED_INPUT_WITH_WEAK_PULLUP ;        ;              ;                     ; Column I/O   ;                 ; no       ; On           ;
; AP23     ;            ;          ; GND                             ; gnd    ;              ;                     ; --           ;                 ; --       ; --           ;
; AP24     ; 187        ; 4A       ; RESERVED_INPUT_WITH_WEAK_PULLUP ;        ;              ;                     ; Column I/O   ;                 ; no       ; On           ;
; AP25     ; 189        ; 4A       ; RESERVED_INPUT_WITH_WEAK_PULLUP ;        ;              ;                     ; Column I/O   ;                 ; no       ; On           ;
; AP26     ; 186        ; 4A       ; RESERVED_INPUT_WITH_WEAK_PULLUP ;        ;              ;                     ; Column I/O   ;                 ; no       ; On           ;
; AP27     ; 195        ; 4A       ; RESERVED_INPUT_WITH_WEAK_PULLUP ;        ;              ;                     ; Column I/O   ;                 ; no       ; On           ;
; AP28     ;            ;          ; GND                             ; gnd    ;              ;                     ; --           ;                 ; --       ; --           ;
; AP29     ; 202        ; 4A       ; RESERVED_INPUT_WITH_WEAK_PULLUP ;        ;              ;                     ; Column I/O   ;                 ; no       ; On           ;
; AP30     ; 204        ; 4A       ; RESERVED_INPUT_WITH_WEAK_PULLUP ;        ;              ;                     ; Column I/O   ;                 ; no       ; On           ;
; AP31     ; 218        ; 4A       ; RESERVED_INPUT_WITH_WEAK_PULLUP ;        ;              ;                     ; Column I/O   ;                 ; no       ; On           ;
; AP32     ; 226        ; 4A       ; RESERVED_INPUT_WITH_WEAK_PULLUP ;        ;              ;                     ; Column I/O   ;                 ; no       ; On           ;
; AP33     ;            ;          ; GND                             ; gnd    ;              ;                     ; --           ;                 ; --       ; --           ;
; B1       ; 610        ; 8A       ; RESERVED_INPUT_WITH_WEAK_PULLUP ;        ;              ;                     ; Column I/O   ;                 ; no       ; On           ;
; B2       ;            ;          ; GND                             ; gnd    ;              ;                     ; --           ;                 ; --       ; --           ;
; B3       ; 606        ; 8A       ; RESERVED_INPUT_WITH_WEAK_PULLUP ;        ;              ;                     ; Column I/O   ;                 ; no       ; On           ;
; B4       ; 592        ; 8A       ; RESERVED_INPUT_WITH_WEAK_PULLUP ;        ;              ;                     ; Column I/O   ;                 ; no       ; On           ;
; B5       ; 580        ; 8A       ; RESERVED_INPUT_WITH_WEAK_PULLUP ;        ;              ;                     ; Column I/O   ;                 ; no       ; On           ;
; B6       ; 586        ; 8A       ; RESERVED_INPUT_WITH_WEAK_PULLUP ;        ;              ;                     ; Column I/O   ;                 ; no       ; On           ;
; B7       ;            ; 8A       ; VCCIO8A                         ; power  ;              ; 2.5V                ; --           ;                 ; --       ; --           ;
; B8       ; 567        ; 8A       ; RESERVED_INPUT_WITH_WEAK_PULLUP ;        ;              ;                     ; Column I/O   ;                 ; no       ; On           ;
; B9       ; 574        ; 8A       ; RESERVED_INPUT_WITH_WEAK_PULLUP ;        ;              ;                     ; Column I/O   ;                 ; no       ; On           ;
; B10      ; 560        ; 8A       ; RESERVED_INPUT_WITH_WEAK_PULLUP ;        ;              ;                     ; Column I/O   ;                 ; no       ; On           ;
; B11      ; 570        ; 8A       ; RESERVED_INPUT_WITH_WEAK_PULLUP ;        ;              ;                     ; Column I/O   ;                 ; no       ; On           ;
; B12      ;            ; 8A       ; VCCIO8A                         ; power  ;              ; 2.5V                ; --           ;                 ; --       ; --           ;
; B13      ; 552        ; 8A       ; RESERVED_INPUT_WITH_WEAK_PULLUP ;        ;              ;                     ; Column I/O   ;                 ; no       ; On           ;
; B14      ; 558        ; 8A       ; RESERVED_INPUT_WITH_WEAK_PULLUP ;        ;              ;                     ; Column I/O   ;                 ; no       ; On           ;
; B15      ; 544        ; 8A       ; RESERVED_INPUT_WITH_WEAK_PULLUP ;        ;              ;                     ; Column I/O   ;                 ; no       ; On           ;
; B16      ; 545        ; 8A       ; RESERVED_INPUT_WITH_WEAK_PULLUP ;        ;              ;                     ; Column I/O   ;                 ; no       ; On           ;
; B17      ;            ; 8A       ; VCCIO8A                         ; power  ;              ; 2.5V                ; --           ;                 ; --       ; --           ;
; B18      ; 536        ; 8A       ; RESERVED_INPUT_WITH_WEAK_PULLUP ;        ;              ;                     ; Column I/O   ;                 ; no       ; On           ;
; B19      ; 529        ; 7A       ; RESERVED_INPUT_WITH_WEAK_PULLUP ;        ;              ;                     ; Column I/O   ;                 ; no       ; On           ;
; B20      ; 527        ; 7A       ; prg_bits[4]                     ; output ; 2.5 V        ;                     ; Column I/O   ; N               ; no       ; Off          ;
; B21      ; 521        ; 7A       ; RESERVED_INPUT_WITH_WEAK_PULLUP ;        ;              ;                     ; Column I/O   ;                 ; no       ; On           ;
; B22      ;            ;          ; GND                             ; gnd    ;              ;                     ; --           ;                 ; --       ; --           ;
; B23      ; 516        ; 7A       ; RESERVED_INPUT_WITH_WEAK_PULLUP ;        ;              ;                     ; Column I/O   ;                 ; no       ; On           ;
; B24      ; 518        ; 7A       ; RESERVED_INPUT_WITH_WEAK_PULLUP ;        ;              ;                     ; Column I/O   ;                 ; no       ; On           ;
; B25      ; 506        ; 7A       ; RESERVED_INPUT_WITH_WEAK_PULLUP ;        ;              ;                     ; Column I/O   ;                 ; no       ; On           ;
; B26      ; 504        ; 7A       ; RESERVED_INPUT_WITH_WEAK_PULLUP ;        ;              ;                     ; Column I/O   ;                 ; no       ; On           ;
; B27      ;            ; 7A       ; VCCIO7A                         ; power  ;              ; 2.5V                ; --           ;                 ; --       ; --           ;
; B28      ; 480        ; 7A       ; sample_count[15]                ; output ; 2.5 V        ;                     ; Column I/O   ; N               ; no       ; Off          ;
; B29      ; 482        ; 7A       ; sample_count[9]                 ; output ; 2.5 V        ;                     ; Column I/O   ; N               ; no       ; Off          ;
; B30      ; 466        ; 7A       ; RESERVED_INPUT_WITH_WEAK_PULLUP ;        ;              ;                     ; Column I/O   ;                 ; no       ; On           ;
; B31      ; 464        ; 7A       ; RESERVED_INPUT_WITH_WEAK_PULLUP ;        ;              ;                     ; Column I/O   ;                 ; no       ; On           ;
; B32      ;            ;          ; GND                             ; gnd    ;              ;                     ; --           ;                 ; --       ; --           ;
; B33      ;            ;          ; NC                              ;        ;              ;                     ; --           ;                 ; --       ; --           ;
; B34      ;            ;          ; GND                             ; gnd    ;              ;                     ; --           ;                 ; --       ; --           ;
; C1       ; 608        ; 8A       ; RESERVED_INPUT_WITH_WEAK_PULLUP ;        ;              ;                     ; Column I/O   ;                 ; no       ; On           ;
; C2       ;            ;          ; NC                              ;        ;              ;                     ; --           ;                 ; --       ; --           ;
; C3       ;            ;          ; GND                             ; gnd    ;              ;                     ; --           ;                 ; --       ; --           ;
; C4       ;            ;          ; GND                             ; gnd    ;              ;                     ; --           ;                 ; --       ; --           ;
; C5       ;            ;          ; GND                             ; gnd    ;              ;                     ; --           ;                 ; --       ; --           ;
; C6       ; 584        ; 8A       ; RESERVED_INPUT_WITH_WEAK_PULLUP ;        ;              ;                     ; Column I/O   ;                 ; no       ; On           ;
; C7       ; 602        ; 8A       ; RESERVED_INPUT_WITH_WEAK_PULLUP ;        ;              ;                     ; Column I/O   ;                 ; no       ; On           ;
; C8       ; 600        ; 8A       ; RESERVED_INPUT_WITH_WEAK_PULLUP ;        ;              ;                     ; Column I/O   ;                 ; no       ; On           ;
; C9       ; 572        ; 8A       ; RESERVED_INPUT_WITH_WEAK_PULLUP ;        ;              ;                     ; Column I/O   ;                 ; no       ; On           ;
; C10      ;            ; 8A       ; VCCIO8A                         ; power  ;              ; 2.5V                ; --           ;                 ; --       ; --           ;
; C11      ; 568        ; 8A       ; RESERVED_INPUT_WITH_WEAK_PULLUP ;        ;              ;                     ; Column I/O   ;                 ; no       ; On           ;
; C12      ; 578        ; 8A       ; RESERVED_INPUT_WITH_WEAK_PULLUP ;        ;              ;                     ; Column I/O   ;                 ; no       ; On           ;
; C13      ; 576        ; 8A       ; RESERVED_INPUT_WITH_WEAK_PULLUP ;        ;              ;                     ; Column I/O   ;                 ; no       ; On           ;
; C14      ; 556        ; 8A       ; RESERVED_INPUT_WITH_WEAK_PULLUP ;        ;              ;                     ; Column I/O   ;                 ; no       ; On           ;
; C15      ;            ;          ; GND                             ; gnd    ;              ;                     ; --           ;                 ; --       ; --           ;
; C16      ; 543        ; 8A       ; RESERVED_INPUT_WITH_WEAK_PULLUP ;        ;              ;                     ; Column I/O   ;                 ; no       ; On           ;
; C17      ; 534        ; 8A       ; RESERVED_INPUT_WITH_WEAK_PULLUP ;        ;              ;                     ; Column I/O   ;                 ; no       ; On           ;
; C18      ; 532        ; 8A       ; RESERVED_INPUT_WITH_WEAK_PULLUP ;        ;              ;                     ; Column I/O   ;                 ; no       ; On           ;
; C19      ;            ;          ; NC                              ;        ;              ;                     ; --           ;                 ; --       ; --           ;
; C20      ;            ; 7A       ; VCCIO7A                         ; power  ;              ; 2.5V                ; --           ;                 ; --       ; --           ;
; C21      ; 519        ; 7A       ; RESERVED_INPUT_WITH_WEAK_PULLUP ;        ;              ;                     ; Column I/O   ;                 ; no       ; On           ;
; C22      ; 508        ; 7A       ; RESERVED_INPUT_WITH_WEAK_PULLUP ;        ;              ;                     ; Column I/O   ;                 ; no       ; On           ;
; C23      ; 505        ; 7A       ; RESERVED_INPUT_WITH_WEAK_PULLUP ;        ;              ;                     ; Column I/O   ;                 ; no       ; On           ;
; C24      ; 498        ; 7A       ; RESERVED_INPUT_WITH_WEAK_PULLUP ;        ;              ;                     ; Column I/O   ;                 ; no       ; On           ;
; C25      ;            ;          ; GND                             ; gnd    ;              ;                     ; --           ;                 ; --       ; --           ;
; C26      ; 494        ; 7A       ; RESERVED_INPUT_WITH_WEAK_PULLUP ;        ;              ;                     ; Column I/O   ;                 ; no       ; On           ;
; C27      ; 490        ; 7A       ; RESERVED_INPUT_WITH_WEAK_PULLUP ;        ;              ;                     ; Column I/O   ;                 ; no       ; On           ;
; C28      ; 474        ; 7A       ; sample_count[7]                 ; output ; 2.5 V        ;                     ; Column I/O   ; N               ; no       ; Off          ;
; C29      ; 472        ; 7A       ; sample_count[2]                 ; output ; 2.5 V        ;                     ; Column I/O   ; N               ; no       ; Off          ;
; C30      ;            ; 7A       ; VCCIO7A                         ; power  ;              ; 2.5V                ; --           ;                 ; --       ; --           ;
; C31      ; 458        ; 7A       ; RESERVED_INPUT_WITH_WEAK_PULLUP ;        ;              ;                     ; Column I/O   ;                 ; no       ; On           ;
; C32      ; 456        ; 7A       ; RESERVED_INPUT_WITH_WEAK_PULLUP ;        ;              ;                     ; Column I/O   ;                 ; no       ; On           ;
; C33      ;            ;          ; NC                              ;        ;              ;                     ; --           ;                 ; --       ; --           ;
; C34      ;            ;          ; NC                              ;        ;              ;                     ; --           ;                 ; --       ; --           ;
; D1       ;            ;          ; GND                             ; gnd    ;              ;                     ; --           ;                 ; --       ; --           ;
; D2       ;            ;          ; GND                             ; gnd    ;              ;                     ; --           ;                 ; --       ; --           ;
; D3       ;            ;          ; DNU                             ;        ;              ;                     ; --           ;                 ; --       ; --           ;
; D4       ;            ;          ; DNU                             ;        ;              ;                     ; --           ;                 ; --       ; --           ;
; D5       ;            ;          ; GND                             ; gnd    ;              ;                     ; --           ;                 ; --       ; --           ;
; D6       ;            ;          ; NC                              ;        ;              ;                     ; --           ;                 ; --       ; --           ;
; D7       ; 622        ; 8A       ; RESERVED_INPUT_WITH_WEAK_PULLUP ;        ;              ;                     ; Column I/O   ;                 ; no       ; On           ;
; D8       ;            ;          ; GND                             ; gnd    ;              ;                     ; --           ;                 ; --       ; --           ;
; D9       ; 618        ; 8A       ; RESERVED_INPUT_WITH_WEAK_PULLUP ;        ;              ;                     ; Column I/O   ;                 ; no       ; On           ;
; D10      ; 598        ; 8A       ; RESERVED_INPUT_WITH_WEAK_PULLUP ;        ;              ;                     ; Column I/O   ;                 ; no       ; On           ;
; D11      ; 596        ; 8A       ; RESERVED_INPUT_WITH_WEAK_PULLUP ;        ;              ;                     ; Column I/O   ;                 ; no       ; On           ;
; D12      ; 609        ; 8A       ; RESERVED_INPUT_WITH_WEAK_PULLUP ;        ;              ;                     ; Column I/O   ;                 ; no       ; On           ;
; D13      ;            ; 8A       ; VCCIO8A                         ; power  ;              ; 2.5V                ; --           ;                 ; --       ; --           ;
; D14      ; 585        ; 8A       ; RESERVED_INPUT_WITH_WEAK_PULLUP ;        ;              ;                     ; Column I/O   ;                 ; no       ; On           ;
; D15      ; 577        ; 8A       ; RESERVED_INPUT_WITH_WEAK_PULLUP ;        ;              ;                     ; Column I/O   ;                 ; no       ; On           ;
; D16      ; 561        ; 8A       ; RESERVED_INPUT_WITH_WEAK_PULLUP ;        ;              ;                     ; Column I/O   ;                 ; no       ; On           ;
; D17      ; 559        ; 8A       ; RESERVED_INPUT_WITH_WEAK_PULLUP ;        ;              ;                     ; Column I/O   ;                 ; no       ; On           ;
; D18      ;            ;          ; GND                             ; gnd    ;              ;                     ; --           ;                 ; --       ; --           ;
; D19      ; 526        ; 7A       ; prg_bits[7]                     ; output ; 2.5 V        ;                     ; Column I/O   ; N               ; no       ; Off          ;
; D20      ; 513        ; 7A       ; RESERVED_INPUT_WITH_WEAK_PULLUP ;        ;              ;                     ; Column I/O   ;                 ; no       ; On           ;
; D21      ; 510        ; 7A       ; RESERVED_INPUT_WITH_WEAK_PULLUP ;        ;              ;                     ; Column I/O   ;                 ; no       ; On           ;
; D22      ; 503        ; 7A       ; RESERVED_INPUT_WITH_WEAK_PULLUP ;        ;              ;                     ; Column I/O   ;                 ; no       ; On           ;
; D23      ;            ; 7A       ; VCCIO7A                         ; power  ;              ; 2.5V                ; --           ;                 ; --       ; --           ;
; D24      ; 496        ; 7A       ; RESERVED_INPUT_WITH_WEAK_PULLUP ;        ;              ;                     ; Column I/O   ;                 ; no       ; On           ;
; D25      ; 492        ; 7A       ; RESERVED_INPUT_WITH_WEAK_PULLUP ;        ;              ;                     ; Column I/O   ;                 ; no       ; On           ;
; D26      ; 478        ; 7A       ; sample_count[13]                ; output ; 2.5 V        ;                     ; Column I/O   ; N               ; no       ; Off          ;
; D27      ; 488        ; 7A       ; RESERVED_INPUT_WITH_WEAK_PULLUP ;        ;              ;                     ; Column I/O   ;                 ; no       ; On           ;
; D28      ;            ;          ; GND                             ; gnd    ;              ;                     ; --           ;                 ; --       ; --           ;
; D29      ; 457        ; 7A       ; RESERVED_INPUT_WITH_WEAK_PULLUP ;        ;              ;                     ; Column I/O   ;                 ; no       ; On           ;
; D30      ; 455        ; 7A       ; RESERVED_INPUT_WITH_WEAK_PULLUP ;        ;              ;                     ; Column I/O   ;                 ; no       ; On           ;
; D31      ;            ;          ; NC                              ;        ;              ;                     ; --           ;                 ; --       ; --           ;
; D32      ;            ;          ; NC                              ;        ;              ;                     ; --           ;                 ; --       ; --           ;
; D33      ;            ;          ; GND                             ; gnd    ;              ;                     ; --           ;                 ; --       ; --           ;
; D34      ;            ;          ; NC                              ;        ;              ;                     ; --           ;                 ; --       ; --           ;
; E1       ;            ;          ; RREF                            ;        ;              ;                     ; --           ;                 ; --       ; --           ;
; E2       ;            ;          ; GND                             ; gnd    ;              ;                     ; --           ;                 ; --       ; --           ;
; E3       ;            ;          ; GND                             ; gnd    ;              ;                     ; --           ;                 ; --       ; --           ;
; E4       ;            ;          ; GND                             ; gnd    ;              ;                     ; --           ;                 ; --       ; --           ;
; E5       ;            ;          ; GND                             ; gnd    ;              ;                     ; --           ;                 ; --       ; --           ;
; E6       ;            ; 8A       ; VCCIO8A                         ; power  ;              ; 2.5V                ; --           ;                 ; --       ; --           ;
; E7       ; 620        ; 8A       ; RESERVED_INPUT_WITH_WEAK_PULLUP ;        ;              ;                     ; Column I/O   ;                 ; no       ; On           ;
; E8       ; 626        ; 8A       ; RESERVED_INPUT_WITH_WEAK_PULLUP ;        ;              ;                     ; Column I/O   ;                 ; no       ; On           ;
; E9       ; 616        ; 8A       ; RESERVED_INPUT_WITH_WEAK_PULLUP ;        ;              ;                     ; Column I/O   ;                 ; no       ; On           ;
; E10      ; 614        ; 8A       ; RESERVED_INPUT_WITH_WEAK_PULLUP ;        ;              ;                     ; Column I/O   ;                 ; no       ; On           ;
; E11      ;            ;          ; GND                             ; gnd    ;              ;                     ; --           ;                 ; --       ; --           ;
; E12      ; 607        ; 8A       ; RESERVED_INPUT_WITH_WEAK_PULLUP ;        ;              ;                     ; Column I/O   ;                 ; no       ; On           ;
; E13      ; 590        ; 8A       ; RESERVED_INPUT_WITH_WEAK_PULLUP ;        ;              ;                     ; Column I/O   ;                 ; no       ; On           ;
; E14      ; 583        ; 8A       ; RESERVED_INPUT_WITH_WEAK_PULLUP ;        ;              ;                     ; Column I/O   ;                 ; no       ; On           ;
; E15      ; 575        ; 8A       ; RESERVED_INPUT_WITH_WEAK_PULLUP ;        ;              ;                     ; Column I/O   ;                 ; no       ; On           ;
; E16      ;            ; 8A       ; VCCIO8A                         ; power  ;              ; 2.5V                ; --           ;                 ; --       ; --           ;
; E17      ; 537        ; 8A       ; RESERVED_INPUT_WITH_WEAK_PULLUP ;        ;              ;                     ; Column I/O   ;                 ; no       ; On           ;
; E18      ; 535        ; 8A       ; RESERVED_INPUT_WITH_WEAK_PULLUP ;        ;              ;                     ; Column I/O   ;                 ; no       ; On           ;
; E19      ; 524        ; 7A       ; RESERVED_INPUT_WITH_WEAK_PULLUP ;        ;              ;                     ; Column I/O   ;                 ; no       ; On           ;
; E20      ; 511        ; 7A       ; RESERVED_INPUT_WITH_WEAK_PULLUP ;        ;              ;                     ; Column I/O   ;                 ; no       ; On           ;
; E21      ;            ;          ; GND                             ; gnd    ;              ;                     ; --           ;                 ; --       ; --           ;
; E22      ; 484        ; 7A       ; sample_count[1]                 ; output ; 2.5 V        ;                     ; Column I/O   ; N               ; no       ; Off          ;
; E23      ; 486        ; 7A       ; valid                           ; output ; 2.5 V        ;                     ; Column I/O   ; N               ; no       ; Off          ;
; E24      ; 468        ; 7A       ; RESERVED_INPUT_WITH_WEAK_PULLUP ;        ;              ;                     ; Column I/O   ;                 ; no       ; On           ;
; E25      ; 470        ; 7A       ; start                           ; input  ; 2.5 V        ;                     ; Column I/O   ; N               ; no       ; Off          ;
; E26      ;            ; 7A       ; VCCIO7A                         ; power  ;              ; 2.5V                ; --           ;                 ; --       ; --           ;
; E27      ; 476        ; 7A       ; sample_count[5]                 ; output ; 2.5 V        ;                     ; Column I/O   ; N               ; no       ; Off          ;
; E28      ; 462        ; 7A       ; RESERVED_INPUT_WITH_WEAK_PULLUP ;        ;              ;                     ; Column I/O   ;                 ; no       ; On           ;
; E29      ; 460        ; 7A       ; exhausted                       ; output ; 2.5 V        ;                     ; Column I/O   ; N               ; no       ; Off          ;
; E30      ; 450        ; 7A       ; RESERVED_INPUT_WITH_WEAK_PULLUP ;        ;              ;                     ; Column I/O   ;                 ; no       ; On           ;
; E31      ;            ;          ; GND                             ; gnd    ;              ;                     ; --           ;                 ; --       ; --           ;
; E32      ;            ;          ; NC                              ;        ;              ;                     ; --           ;                 ; --       ; --           ;
; E33      ;            ;          ; NC                              ;        ;              ;                     ; --           ;                 ; --       ; --           ;
; E34      ;            ;          ; NC                              ;        ;              ;                     ; --           ;                 ; --       ; --           ;
; F1       ;            ;          ; GND                             ; gnd    ;              ;                     ; --           ;                 ; --       ; --           ;
; F2       ;            ;          ; GND                             ; gnd    ;              ;                     ; --           ;                 ; --       ; --           ;
; F3       ; 2          ; B3L      ; GXB_NC                          ;        ;              ;                     ; --           ;                 ; --       ; --           ;
; F4       ; 3          ; B3L      ; GXB_NC                          ;        ;              ;                     ; --           ;                 ; --       ; --           ;
; F5       ;            ;          ; GND                             ; gnd    ;              ;                     ; --           ;                 ; --       ; --           ;
; F6       ; 632        ; 9A       ; ^MSEL2                          ;        ;              ;                     ; --           ;                 ; --       ; --           ;
; F7       ; 631        ; 9A       ; ^nCE                            ;        ;              ;                     ; --           ;                 ; --       ; --           ;
; F8       ; 624        ; 8A       ; RESERVED_INPUT_WITH_WEAK_PULLUP ;        ;              ;                     ; Column I/O   ;                 ; no       ; On           ;
; F9       ;            ; 8A       ; VCCIO8A                         ; power  ;              ; 2.5V                ; --           ;                 ; --       ; --           ;
; F10      ; 612        ; 8A       ; RESERVED_INPUT_WITH_WEAK_PULLUP ;        ;              ;                     ; Column I/O   ;                 ; no       ; On           ;
; F11      ; 617        ; 8A       ; RESERVED_INPUT_WITH_WEAK_PULLUP ;        ;              ;                     ; Column I/O   ;                 ; no       ; On           ;
; F12      ; 615        ; 8A       ; RESERVED_INPUT_WITH_WEAK_PULLUP ;        ;              ;                     ; Column I/O   ;                 ; no       ; On           ;
; F13      ; 588        ; 8A       ; RESERVED_INPUT_WITH_WEAK_PULLUP ;        ;              ;                     ; Column I/O   ;                 ; no       ; On           ;
; F14      ;            ;          ; GND                             ; gnd    ;              ;                     ; --           ;                 ; --       ; --           ;
; F15      ; 563        ; 8A       ; RESERVED_INPUT_WITH_WEAK_PULLUP ;        ;              ;                     ; Column I/O   ;                 ; no       ; On           ;
; F16      ; 553        ; 8A       ; RESERVED_INPUT_WITH_WEAK_PULLUP ;        ;              ;                     ; Column I/O   ;                 ; no       ; On           ;
; F17      ; 551        ; 8A       ; RESERVED_INPUT_WITH_WEAK_PULLUP ;        ;              ;                     ; Column I/O   ;                 ; no       ; On           ;
; F18      ; 533        ; 8A       ; RESERVED_INPUT_WITH_WEAK_PULLUP ;        ;              ;                     ; Column I/O   ;                 ; no       ; On           ;
; F19      ;            ; 7A       ; VCCIO7A                         ; power  ;              ; 2.5V                ; --           ;                 ; --       ; --           ;
; F20      ; 495        ; 7A       ; RESERVED_INPUT_WITH_WEAK_PULLUP ;        ;              ;                     ; Column I/O   ;                 ; no       ; On           ;
; F21      ; 487        ; 7A       ; sample_count[11]                ; output ; 2.5 V        ;                     ; Column I/O   ; N               ; no       ; Off          ;
; F22      ; 473        ; 7A       ; sample_count[0]                 ; output ; 2.5 V        ;                     ; Column I/O   ; N               ; no       ; Off          ;
; F23      ; 471        ; 7A       ; sample_count[3]                 ; output ; 2.5 V        ;                     ; Column I/O   ; N               ; no       ; Off          ;
; F24      ;            ;          ; GND                             ; gnd    ;              ;                     ; --           ;                 ; --       ; --           ;
; F25      ; 441        ; 7A       ; RESERVED_INPUT_WITH_WEAK_PULLUP ;        ;              ;                     ; Column I/O   ;                 ; no       ; On           ;
; F26      ; 444        ; 7A       ; RESERVED_INPUT_WITH_WEAK_PULLUP ;        ;              ;                     ; Column I/O   ;                 ; no       ; On           ;
; F27      ; 452        ; 7A       ; RESERVED_INPUT_WITH_WEAK_PULLUP ;        ;              ;                     ; Column I/O   ;                 ; no       ; On           ;
; F28      ; 454        ; 7A       ; RESERVED_INPUT_WITH_WEAK_PULLUP ;        ;              ;                     ; Column I/O   ;                 ; no       ; On           ;
; F29      ;            ; 7A       ; VCCIO7A                         ; power  ;              ; 2.5V                ; --           ;                 ; --       ; --           ;
; F30      ; 448        ; 7A       ; RESERVED_INPUT_WITH_WEAK_PULLUP ;        ;              ;                     ; Column I/O   ;                 ; no       ; On           ;
; F31      ;            ;          ; NC                              ;        ;              ;                     ; --           ;                 ; --       ; --           ;
; F32      ;            ;          ; NC                              ;        ;              ;                     ; --           ;                 ; --       ; --           ;
; F33      ;            ;          ; NC                              ;        ;              ;                     ; --           ;                 ; --       ; --           ;
; F34      ;            ;          ; GND                             ; gnd    ;              ;                     ; --           ;                 ; --       ; --           ;
; G1       ; 5          ; B3L      ; GND                             ;        ;              ;                     ; --           ;                 ; --       ; --           ;
; G2       ; 4          ; B3L      ; GND                             ;        ;              ;                     ; --           ;                 ; --       ; --           ;
; G3       ;            ;          ; GND                             ; gnd    ;              ;                     ; --           ;                 ; --       ; --           ;
; G4       ;            ;          ; GND                             ; gnd    ;              ;                     ; --           ;                 ; --       ; --           ;
; G5       ;            ;          ; GND                             ; gnd    ;              ;                     ; --           ;                 ; --       ; --           ;
; G6       ;            ;          ; NC                              ;        ;              ;                     ; --           ;                 ; --       ; --           ;
; G7       ;            ;          ; GND                             ; gnd    ;              ;                     ; --           ;                 ; --       ; --           ;
; G8       ; 634        ; 9A       ; ^nCONFIG                        ;        ;              ;                     ; --           ;                 ; --       ; --           ;
; G9       ; 630        ; 9A       ; ^nSTATUS                        ;        ;              ;                     ; --           ;                 ; --       ; --           ;
; G10      ; 628        ; 9A       ; ^CONF_DONE                      ;        ;              ;                     ; --           ;                 ; --       ; --           ;
; G11      ; 625        ; 8A       ; RESERVED_INPUT_WITH_WEAK_PULLUP ;        ;              ;                     ; Column I/O   ;                 ; no       ; On           ;
; G12      ;            ; 8A       ; VCCIO8A                         ; power  ;              ; 2.5V                ; --           ;                 ; --       ; --           ;
; G13      ; 599        ; 8A       ; RESERVED_INPUT_WITH_WEAK_PULLUP ;        ;              ;                     ; Column I/O   ;                 ; no       ; On           ;
; G14      ; 593        ; 8A       ; RESERVED_INPUT_WITH_WEAK_PULLUP ;        ;              ;                     ; Column I/O   ;                 ; no       ; On           ;
; G15      ; 565        ; 8A       ; RESERVED_INPUT_WITH_WEAK_PULLUP ;        ;              ;                     ; Column I/O   ;                 ; no       ; On           ;
; G16      ;            ; 8A       ; VREFB8AN0                       ; power  ;              ;                     ; --           ;                 ; --       ; --           ;
; G17      ;            ;          ; GND                             ; gnd    ;              ;                     ; --           ;                 ; --       ; --           ;
; G18      ; 531        ; 8A       ; RESERVED_INPUT_WITH_WEAK_PULLUP ;        ;              ;                     ; Column I/O   ;                 ; no       ; On           ;
; G19      ;            ; 7A       ; VREFB7AN0                       ; power  ;              ;                     ; --           ;                 ; --       ; --           ;
; G20      ; 497        ; 7A       ; RESERVED_INPUT_WITH_WEAK_PULLUP ;        ;              ;                     ; Column I/O   ;                 ; no       ; On           ;
; G21      ; 489        ; 7A       ; RESERVED_INPUT_WITH_WEAK_PULLUP ;        ;              ;                     ; Column I/O   ;                 ; no       ; On           ;
; G22      ;            ; 7A       ; VCCIO7A                         ; power  ;              ; 2.5V                ; --           ;                 ; --       ; --           ;
; G23      ; 465        ; 7A       ; RESERVED_INPUT_WITH_WEAK_PULLUP ;        ;              ;                     ; Column I/O   ;                 ; no       ; On           ;
; G24      ; 447        ; 7A       ; RESERVED_INPUT_WITH_WEAK_PULLUP ;        ;              ;                     ; Column I/O   ;                 ; no       ; On           ;
; G25      ; 439        ; 7A       ; RESERVED_INPUT_WITH_WEAK_PULLUP ;        ;              ;                     ; Column I/O   ;                 ; no       ; On           ;
; G26      ; 446        ; 7A       ; RESERVED_INPUT_WITH_WEAK_PULLUP ;        ;              ;                     ; Column I/O   ;                 ; no       ; On           ;
; G27      ;            ;          ; GND                             ; gnd    ;              ;                     ; --           ;                 ; --       ; --           ;
; G28      ; 440        ; 7A       ; RESERVED_INPUT_WITH_WEAK_PULLUP ;        ;              ;                     ; Column I/O   ;                 ; no       ; On           ;
; G29      ; 442        ; 7A       ; RESERVED_INPUT_WITH_WEAK_PULLUP ;        ;              ;                     ; Column I/O   ;                 ; no       ; On           ;
; G30      ; 421        ; 6A       ; RESERVED_INPUT_WITH_WEAK_PULLUP ;        ;              ;                     ; Row I/O      ;                 ; no       ; On           ;
; G31      ; 419        ; 6A       ; RESERVED_INPUT_WITH_WEAK_PULLUP ;        ;              ;                     ; Row I/O      ;                 ; no       ; On           ;
; G32      ;            ; 6A       ; VCCIO6A                         ; power  ;              ; 2.5V                ; --           ;                 ; --       ; --           ;
; G33      ; 401        ; 6A       ; RESERVED_INPUT_WITH_WEAK_PULLUP ;        ;              ;                     ; Row I/O      ;                 ; no       ; On           ;
; G34      ; 399        ; 6A       ; RESERVED_INPUT_WITH_WEAK_PULLUP ;        ;              ;                     ; Row I/O      ;                 ; no       ; On           ;
; H1       ;            ;          ; GND                             ; gnd    ;              ;                     ; --           ;                 ; --       ; --           ;
; H2       ;            ;          ; GND                             ; gnd    ;              ;                     ; --           ;                 ; --       ; --           ;
; H3       ; 6          ; B3L      ; GXB_NC                          ;        ;              ;                     ; --           ;                 ; --       ; --           ;
; H4       ; 7          ; B3L      ; GXB_NC                          ;        ;              ;                     ; --           ;                 ; --       ; --           ;
; H5       ;            ;          ; GND                             ; gnd    ;              ;                     ; --           ;                 ; --       ; --           ;
; H6       ;            ;          ; NC                              ;        ;              ;                     ; --           ;                 ; --       ; --           ;
; H7       ; 635        ; 9A       ; ^MSEL4                          ;        ;              ;                     ; --           ;                 ; --       ; --           ;
; H8       ; 636        ; 9A       ; ^GND                            ;        ;              ;                     ; --           ;                 ; --       ; --           ;
; H9       ;            ; --       ; VCCBAT                          ; power  ;              ; 1.2V                ; --           ;                 ; --       ; --           ;
; H10      ;            ;          ; GND                             ; gnd    ;              ;                     ; --           ;                 ; --       ; --           ;
; H11      ;            ; --       ; VCCPGM                          ; power  ;              ; 1.8V/2.5V/3.0V/3.3V ; --           ;                 ; --       ; --           ;
; H12      ; 623        ; 8A       ; RESERVED_INPUT_WITH_WEAK_PULLUP ;        ;              ;                     ; Column I/O   ;                 ; no       ; On           ;
; H13      ; 601        ; 8A       ; RESERVED_INPUT_WITH_WEAK_PULLUP ;        ;              ;                     ; Column I/O   ;                 ; no       ; On           ;
; H14      ; 591        ; 8A       ; RESERVED_INPUT_WITH_WEAK_PULLUP ;        ;              ;                     ; Column I/O   ;                 ; no       ; On           ;
; H15      ;            ; 8A       ; VCCIO8A                         ; power  ;              ; 2.5V                ; --           ;                 ; --       ; --           ;
; H16      ; 549        ; 8A       ; RESERVED_INPUT_WITH_WEAK_PULLUP ;        ;              ;                     ; Column I/O   ;                 ; no       ; On           ;
; H17      ; 547        ; 8A       ; RESERVED_INPUT_WITH_WEAK_PULLUP ;        ;              ;                     ; Column I/O   ;                 ; no       ; On           ;
; H18      ; 517        ; 7A       ; RESERVED_INPUT_WITH_WEAK_PULLUP ;        ;              ;                     ; Column I/O   ;                 ; no       ; On           ;
; H19      ; 515        ; 7A       ; RESERVED_INPUT_WITH_WEAK_PULLUP ;        ;              ;                     ; Column I/O   ;                 ; no       ; On           ;
; H20      ;            ;          ; GND                             ; gnd    ;              ;                     ; --           ;                 ; --       ; --           ;
; H21      ; 481        ; 7A       ; sample_count[12]                ; output ; 2.5 V        ;                     ; Column I/O   ; N               ; no       ; Off          ;
; H22      ; 479        ; 7A       ; sample_count[14]                ; output ; 2.5 V        ;                     ; Column I/O   ; N               ; no       ; Off          ;
; H23      ; 463        ; 7A       ; RESERVED_INPUT_WITH_WEAK_PULLUP ;        ;              ;                     ; Column I/O   ;                 ; no       ; On           ;
; H24      ; 449        ; 7A       ; RESERVED_INPUT_WITH_WEAK_PULLUP ;        ;              ;                     ; Column I/O   ;                 ; no       ; On           ;
; H25      ;            ; 7A       ; VCCIO7A                         ; power  ;              ; 2.5V                ; --           ;                 ; --       ; --           ;
; H26      ; 438        ; 7A       ; RESERVED_INPUT_WITH_WEAK_PULLUP ;        ;              ;                     ; Column I/O   ;                 ; no       ; On           ;
; H27      ; 436        ; 7A       ; RESERVED_INPUT_WITH_WEAK_PULLUP ;        ;              ;                     ; Column I/O   ;                 ; no       ; On           ;
; H28      ; 429        ; 6A       ; prg_bits[1]                     ; output ; 2.5 V        ;                     ; Row I/O      ; N               ; no       ; Off          ;
; H29      ; 427        ; 6A       ; prg_bits[0]                     ; output ; 2.5 V        ;                     ; Row I/O      ; N               ; no       ; Off          ;
; H30      ;            ;          ; GND                             ; gnd    ;              ;                     ; --           ;                 ; --       ; --           ;
; H31      ; 413        ; 6A       ; RESERVED_INPUT_WITH_WEAK_PULLUP ;        ;              ;                     ; Row I/O      ;                 ; no       ; On           ;
; H32      ; 409        ; 6A       ; RESERVED_INPUT_WITH_WEAK_PULLUP ;        ;              ;                     ; Row I/O      ;                 ; no       ; On           ;
; H33      ; 393        ; 6A       ; RESERVED_INPUT_WITH_WEAK_PULLUP ;        ;              ;                     ; Row I/O      ;                 ; no       ; On           ;
; H34      ; 391        ; 6A       ; RESERVED_INPUT_WITH_WEAK_PULLUP ;        ;              ;                     ; Row I/O      ;                 ; no       ; On           ;
; J1       ; 9          ; B3L      ; GND                             ;        ;              ;                     ; --           ;                 ; --       ; --           ;
; J2       ; 8          ; B3L      ; GND                             ;        ;              ;                     ; --           ;                 ; --       ; --           ;
; J3       ;            ;          ; GND                             ; gnd    ;              ;                     ; --           ;                 ; --       ; --           ;
; J4       ;            ;          ; GND                             ; gnd    ;              ;                     ; --           ;                 ; --       ; --           ;
; J5       ;            ;          ; GND                             ; gnd    ;              ;                     ; --           ;                 ; --       ; --           ;
; J6       ;            ;          ; NC                              ;        ;              ;                     ; --           ;                 ; --       ; --           ;
; J7       ;            ;          ; NC                              ;        ;              ;                     ; --           ;                 ; --       ; --           ;
; J8       ;            ;          ; NC                              ;        ;              ;                     ; --           ;                 ; --       ; --           ;
; J9       ;            ;          ; NC                              ;        ;              ;                     ; --           ;                 ; --       ; --           ;
; J10      ;            ; --       ; VCC_AUX                         ; power  ;              ; 2.5V                ; --           ;                 ; --       ; --           ;
; J11      ; 629        ; 9A       ; ^MSEL1                          ;        ;              ;                     ; --           ;                 ; --       ; --           ;
; J12      ; 627        ; 9A       ; ^MSEL0                          ;        ;              ;                     ; --           ;                 ; --       ; --           ;
; J13      ;            ;          ; GND                             ; gnd    ;              ;                     ; --           ;                 ; --       ; --           ;
; J14      ;            ; 7A, 8A   ; VCCPD7A8A                       ; power  ;              ; 2.5V                ; --           ;                 ; --       ; --           ;
; J15      ; 579        ; 8A       ; RESERVED_INPUT_WITH_WEAK_PULLUP ;        ;              ;                     ; Column I/O   ;                 ; no       ; On           ;
; J16      ;            ; 7A, 8A   ; VCCPD7A8A                       ; power  ;              ; 2.5V                ; --           ;                 ; --       ; --           ;
; J17      ;            ;          ; DNU                             ;        ;              ;                     ; --           ;                 ; --       ; --           ;
; J18      ;            ; 7A       ; VCCIO7A                         ; power  ;              ; 2.5V                ; --           ;                 ; --       ; --           ;
; J19      ;            ; 7A, 8A   ; VCCPD7A8A                       ; power  ;              ; 2.5V                ; --           ;                 ; --       ; --           ;
; J20      ; 499        ; 7A       ; RESERVED_INPUT_WITH_WEAK_PULLUP ;        ;              ;                     ; Column I/O   ;                 ; no       ; On           ;
; J21      ;            ; 7A, 8A   ; VCCPD7A8A                       ; power  ;              ; 2.5V                ; --           ;                 ; --       ; --           ;
; J22      ;            ; 7A, 8A   ; VCCPD7A8A                       ; power  ;              ; 2.5V                ; --           ;                 ; --       ; --           ;
; J23      ;            ;          ; GND                             ; gnd    ;              ;                     ; --           ;                 ; --       ; --           ;
; J24      ;            ;          ; DNU                             ;        ;              ;                     ; --           ;                 ; --       ; --           ;
; J25      ; 437        ; 7A       ; RESERVED_INPUT_WITH_WEAK_PULLUP ;        ;              ;                     ; Column I/O   ;                 ; no       ; On           ;
; J26      ; 434        ; 7A       ; ^GND                            ;        ;              ;                     ; --           ;                 ; --       ; --           ;
; J27      ;            ;          ; NC                              ;        ;              ;                     ; --           ;                 ; --       ; --           ;
; J28      ;            ; 6A       ; VCCIO6A                         ; power  ;              ; 2.5V                ; --           ;                 ; --       ; --           ;
; J29      ; 425        ; 6A       ; RESERVED_INPUT_WITH_WEAK_PULLUP ;        ;              ;                     ; Row I/O      ;                 ; no       ; On           ;
; J30      ; 423        ; 6A       ; RESERVED_INPUT_WITH_WEAK_PULLUP ;        ;              ;                     ; Row I/O      ;                 ; no       ; On           ;
; J31      ; 411        ; 6A       ; RESERVED_INPUT_WITH_WEAK_PULLUP ;        ;              ;                     ; Row I/O      ;                 ; no       ; On           ;
; J32      ; 407        ; 6A       ; RESERVED_INPUT_WITH_WEAK_PULLUP ;        ;              ;                     ; Row I/O      ;                 ; no       ; On           ;
; J33      ;            ;          ; GND                             ; gnd    ;              ;                     ; --           ;                 ; --       ; --           ;
; J34      ; 381        ; 6A       ; RESERVED_INPUT_WITH_WEAK_PULLUP ;        ;              ;                     ; Row I/O      ;                 ; no       ; On           ;
; K1       ;            ;          ; GND                             ; gnd    ;              ;                     ; --           ;                 ; --       ; --           ;
; K2       ;            ;          ; GND                             ; gnd    ;              ;                     ; --           ;                 ; --       ; --           ;
; K3       ; 10         ; B3L      ; GXB_NC                          ;        ;              ;                     ; --           ;                 ; --       ; --           ;
; K4       ; 11         ; B3L      ; GXB_NC                          ;        ;              ;                     ; --           ;                 ; --       ; --           ;
; K5       ;            ;          ; GND                             ; gnd    ;              ;                     ; --           ;                 ; --       ; --           ;
; K6       ;            ;          ; GND                             ; gnd    ;              ;                     ; --           ;                 ; --       ; --           ;
; K7       ;            ;          ; GND                             ; gnd    ;              ;                     ; --           ;                 ; --       ; --           ;
; K8       ;            ;          ; GND                             ; gnd    ;              ;                     ; --           ;                 ; --       ; --           ;
; K9       ;            ;          ; NC                              ;        ;              ;                     ; --           ;                 ; --       ; --           ;
; K10      ; 633        ; 9A       ; ^MSEL3                          ;        ;              ;                     ; --           ;                 ; --       ; --           ;
; K11      ;            ; 8A       ; VCCIO8A                         ; power  ;              ; 2.5V                ; --           ;                 ; --       ; --           ;
; K12      ; 621        ; 8A       ; RESERVED_INPUT_WITH_WEAK_PULLUP ;        ;              ;                     ; Column I/O   ;                 ; no       ; On           ;
; K13      ; 613        ; 8A       ; RESERVED_INPUT_WITH_WEAK_PULLUP ;        ;              ;                     ; Column I/O   ;                 ; no       ; On           ;
; K14      ; 581        ; 8A       ; RESERVED_INPUT_WITH_WEAK_PULLUP ;        ;              ;                     ; Column I/O   ;                 ; no       ; On           ;
; K15      ;            ; 7A, 8A   ; VCCPD7A8A                       ; power  ;              ; 2.5V                ; --           ;                 ; --       ; --           ;
; K16      ;            ;          ; GND                             ; gnd    ;              ;                     ; --           ;                 ; --       ; --           ;
; K17      ;            ; 7A, 8A   ; VCCPD7A8A                       ; power  ;              ; 2.5V                ; --           ;                 ; --       ; --           ;
; K18      ;            ; --       ; VCC_AUX                         ; power  ;              ; 2.5V                ; --           ;                 ; --       ; --           ;
; K19      ; 501        ; 7A       ; RESERVED_INPUT_WITH_WEAK_PULLUP ;        ;              ;                     ; Column I/O   ;                 ; no       ; On           ;
; K20      ;            ; 7A, 8A   ; VCCPD7A8A                       ; power  ;              ; 2.5V                ; --           ;                 ; --       ; --           ;
; K21      ;            ; 7A       ; VCCIO7A                         ; power  ;              ; 2.5V                ; --           ;                 ; --       ; --           ;
; K22      ; 469        ; 7A       ; ready                           ; input  ; 2.5 V        ;                     ; Column I/O   ; N               ; no       ; Off          ;
; K23      ; 461        ; 7A       ; RESERVED_INPUT_WITH_WEAK_PULLUP ;        ;              ;                     ; Column I/O   ;                 ; no       ; On           ;
; K24      ;            ; --       ; VCC_AUX                         ; power  ;              ; 2.5V                ; --           ;                 ; --       ; --           ;
; K25      ; 435        ; 7A       ; RESERVED_INPUT_WITH_WEAK_PULLUP ;        ;              ;                     ; Column I/O   ;                 ; no       ; On           ;
; K26      ;            ;          ; GND                             ; gnd    ;              ;                     ; --           ;                 ; --       ; --           ;
; K27      ;            ;          ; NC                              ;        ;              ;                     ; --           ;                 ; --       ; --           ;
; K28      ; 433        ; 6A       ; RESERVED_INPUT_WITH_WEAK_PULLUP ;        ;              ;                     ; Row I/O      ;                 ; no       ; On           ;
; K29      ; 431        ; 6A       ; RESERVED_INPUT_WITH_WEAK_PULLUP ;        ;              ;                     ; Row I/O      ;                 ; no       ; On           ;
; K30      ; 408        ; 6A       ; RESERVED_INPUT_WITH_WEAK_PULLUP ;        ;              ;                     ; Row I/O      ;                 ; no       ; On           ;
; K31      ;            ; 6A       ; VCCIO6A                         ; power  ;              ; 2.5V                ; --           ;                 ; --       ; --           ;
; K32      ; 389        ; 6A       ; RESERVED_INPUT_WITH_WEAK_PULLUP ;        ;              ;                     ; Row I/O      ;                 ; no       ; On           ;
; K33      ; 387        ; 6A       ; RESERVED_INPUT_WITH_WEAK_PULLUP ;        ;              ;                     ; Row I/O      ;                 ; no       ; On           ;
; K34      ; 379        ; 6A       ; RESERVED_INPUT_WITH_WEAK_PULLUP ;        ;              ;                     ; Row I/O      ;                 ; no       ; On           ;
; L1       ; 13         ; B3L      ; GND                             ;        ;              ;                     ; --           ;                 ; --       ; --           ;
; L2       ; 12         ; B3L      ; GND                             ;        ;              ;                     ; --           ;                 ; --       ; --           ;
; L3       ;            ;          ; GND                             ; gnd    ;              ;                     ; --           ;                 ; --       ; --           ;
; L4       ;            ;          ; GND                             ; gnd    ;              ;                     ; --           ;                 ; --       ; --           ;
; L5       ;            ;          ; GND                             ; gnd    ;              ;                     ; --           ;                 ; --       ; --           ;
; L6       ;            ;          ; GND                             ; gnd    ;              ;                     ; --           ;                 ; --       ; --           ;
; L7       ;            ;          ; GND                             ; gnd    ;              ;                     ; --           ;                 ; --       ; --           ;
; L8       ;            ;          ; GND                             ; gnd    ;              ;                     ; --           ;                 ; --       ; --           ;
; L9       ;            ;          ; GND                             ; gnd    ;              ;                     ; --           ;                 ; --       ; --           ;
; L10      ;            ;          ; NC                              ;        ;              ;                     ; --           ;                 ; --       ; --           ;
; L11      ; 619        ; 8A       ; RESERVED_INPUT_WITH_WEAK_PULLUP ;        ;              ;                     ; Column I/O   ;                 ; no       ; On           ;
; L12      ; 611        ; 8A       ; RESERVED_INPUT_WITH_WEAK_PULLUP ;        ;              ;                     ; Column I/O   ;                 ; no       ; On           ;
; L13      ; 597        ; 8A       ; RESERVED_INPUT_WITH_WEAK_PULLUP ;        ;              ;                     ; Column I/O   ;                 ; no       ; On           ;
; L14      ;            ;          ; GND                             ; gnd    ;              ;                     ; --           ;                 ; --       ; --           ;
; L15      ; 573        ; 8A       ; RESERVED_INPUT_WITH_WEAK_PULLUP ;        ;              ;                     ; Column I/O   ;                 ; no       ; On           ;
; L16      ; 571        ; 8A       ; RESERVED_INPUT_WITH_WEAK_PULLUP ;        ;              ;                     ; Column I/O   ;                 ; no       ; On           ;
; L17      ; 541        ; 8A       ; RESERVED_INPUT_WITH_WEAK_PULLUP ;        ;              ;                     ; Column I/O   ;                 ; no       ; On           ;
; L18      ; 525        ; 7A       ; prg_bits[6]                     ; output ; 2.5 V        ;                     ; Column I/O   ; N               ; no       ; Off          ;
; L19      ;            ;          ; GND                             ; gnd    ;              ;                     ; --           ;                 ; --       ; --           ;
; L20      ; 485        ; 7A       ; sample_count[8]                 ; output ; 2.5 V        ;                     ; Column I/O   ; N               ; no       ; Off          ;
; L21      ; 483        ; 7A       ; sample_count[6]                 ; output ; 2.5 V        ;                     ; Column I/O   ; N               ; no       ; Off          ;
; L22      ; 467        ; 7A       ; RESERVED_INPUT_WITH_WEAK_PULLUP ;        ;              ;                     ; Column I/O   ;                 ; no       ; On           ;
; L23      ; 459        ; 7A       ; RESERVED_INPUT_WITH_WEAK_PULLUP ;        ;              ;                     ; Column I/O   ;                 ; no       ; On           ;
; L24      ;            ;          ; GND                             ; gnd    ;              ;                     ; --           ;                 ; --       ; --           ;
; L25      ; 453        ; 7A       ; RESERVED_INPUT_WITH_WEAK_PULLUP ;        ;              ;                     ; Column I/O   ;                 ; no       ; On           ;
; L26      ;            ;          ; NC                              ;        ;              ;                     ; --           ;                 ; --       ; --           ;
; L27      ; 432        ; 6A       ; RESERVED_INPUT_WITH_WEAK_PULLUP ;        ;              ;                     ; Row I/O      ;                 ; no       ; On           ;
; L28      ; 430        ; 6A       ; RESERVED_INPUT_WITH_WEAK_PULLUP ;        ;              ;                     ; Row I/O      ;                 ; no       ; On           ;
; L29      ;            ;          ; GND                             ; gnd    ;              ;                     ; --           ;                 ; --       ; --           ;
; L30      ; 406        ; 6A       ; RESERVED_INPUT_WITH_WEAK_PULLUP ;        ;              ;                     ; Row I/O      ;                 ; no       ; On           ;
; L31      ; 405        ; 6A       ; RESERVED_INPUT_WITH_WEAK_PULLUP ;        ;              ;                     ; Row I/O      ;                 ; no       ; On           ;
; L32      ; 385        ; 6A       ; RESERVED_INPUT_WITH_WEAK_PULLUP ;        ;              ;                     ; Row I/O      ;                 ; no       ; On           ;
; L33      ; 383        ; 6A       ; RESERVED_INPUT_WITH_WEAK_PULLUP ;        ;              ;                     ; Row I/O      ;                 ; no       ; On           ;
; L34      ;            ;          ; GND                             ; gnd    ;              ;                     ; --           ;                 ; --       ; --           ;
; M1       ;            ;          ; GND                             ; gnd    ;              ;                     ; --           ;                 ; --       ; --           ;
; M2       ;            ;          ; GND                             ; gnd    ;              ;                     ; --           ;                 ; --       ; --           ;
; M3       ; 14         ; B2L      ; GXB_NC                          ;        ;              ;                     ; --           ;                 ; --       ; --           ;
; M4       ; 15         ; B2L      ; GXB_NC                          ;        ;              ;                     ; --           ;                 ; --       ; --           ;
; M5       ;            ;          ; GND                             ; gnd    ;              ;                     ; --           ;                 ; --       ; --           ;
; M6       ;            ;          ; GND                             ; gnd    ;              ;                     ; --           ;                 ; --       ; --           ;
; M7       ;            ;          ; GND                             ; gnd    ;              ;                     ; --           ;                 ; --       ; --           ;
; M8       ;            ; --       ; VCCE_GXBL                       ; power  ;              ; 1.1V                ; --           ;                 ; --       ; --           ;
; M9       ;            ;          ; GND                             ; gnd    ;              ;                     ; --           ;                 ; --       ; --           ;
; M10      ;            ;          ; GND                             ; gnd    ;              ;                     ; --           ;                 ; --       ; --           ;
; M11      ;            ; --       ; VCCA_FPLL                       ; power  ;              ; 2.5V                ; --           ;                 ; --       ; --           ;
; M12      ;            ;          ; GND                             ; gnd    ;              ;                     ; --           ;                 ; --       ; --           ;
; M13      ; 595        ; 8A       ; RESERVED_INPUT_WITH_WEAK_PULLUP ;        ;              ;                     ; Column I/O   ;                 ; no       ; On           ;
; M14      ; 557        ; 8A       ; RESERVED_INPUT_WITH_WEAK_PULLUP ;        ;              ;                     ; Column I/O   ;                 ; no       ; On           ;
; M15      ; 555        ; 8A       ; RESERVED_INPUT_WITH_WEAK_PULLUP ;        ;              ;                     ; Column I/O   ;                 ; no       ; On           ;
; M16      ; 539        ; 8A       ; RESERVED_INPUT_WITH_WEAK_PULLUP ;        ;              ;                     ; Column I/O   ;                 ; no       ; On           ;
; M17      ;            ;          ; GND                             ; gnd    ;              ;                     ; --           ;                 ; --       ; --           ;
; M18      ; 523        ; 7A       ; prg_bits[5]                     ; output ; 2.5 V        ;                     ; Column I/O   ; N               ; no       ; Off          ;
; M19      ; 509        ; 7A       ; RESERVED_INPUT_WITH_WEAK_PULLUP ;        ;              ;                     ; Column I/O   ;                 ; no       ; On           ;
; M20      ; 507        ; 7A       ; RESERVED_INPUT_WITH_WEAK_PULLUP ;        ;              ;                     ; Column I/O   ;                 ; no       ; On           ;
; M21      ; 493        ; 7A       ; RESERVED_INPUT_WITH_WEAK_PULLUP ;        ;              ;                     ; Column I/O   ;                 ; no       ; On           ;
; M22      ;            ;          ; GND                             ; gnd    ;              ;                     ; --           ;                 ; --       ; --           ;
; M23      ; 475        ; 7A       ; sample_count[4]                 ; output ; 2.5 V        ;                     ; Column I/O   ; N               ; no       ; Off          ;
; M24      ; 443        ; 7A       ; RESERVED_INPUT_WITH_WEAK_PULLUP ;        ;              ;                     ; Column I/O   ;                 ; no       ; On           ;
; M25      ; 451        ; 7A       ; RESERVED_INPUT_WITH_WEAK_PULLUP ;        ;              ;                     ; Column I/O   ;                 ; no       ; On           ;
; M26      ;            ; --       ; VCCA_FPLL                       ; power  ;              ; 2.5V                ; --           ;                 ; --       ; --           ;
; M27      ;            ; 6A       ; VCCIO6A                         ; power  ;              ; 2.5V                ; --           ;                 ; --       ; --           ;
; M28      ; 416        ; 6A       ; RESERVED_INPUT_WITH_WEAK_PULLUP ;        ;              ;                     ; Row I/O      ;                 ; no       ; On           ;
; M29      ; 422        ; 6A       ; RESERVED_INPUT_WITH_WEAK_PULLUP ;        ;              ;                     ; Row I/O      ;                 ; no       ; On           ;
; M30      ; 424        ; 6A       ; RESERVED_INPUT_WITH_WEAK_PULLUP ;        ;              ;                     ; Row I/O      ;                 ; no       ; On           ;
; M31      ; 403        ; 6A       ; RESERVED_INPUT_WITH_WEAK_PULLUP ;        ;              ;                     ; Row I/O      ;                 ; no       ; On           ;
; M32      ;            ;          ; GND                             ; gnd    ;              ;                     ; --           ;                 ; --       ; --           ;
; M33      ; 377        ; 6A       ; RESERVED_INPUT_WITH_WEAK_PULLUP ;        ;              ;                     ; Row I/O      ;                 ; no       ; On           ;
; M34      ; 375        ; 6A       ; RESERVED_INPUT_WITH_WEAK_PULLUP ;        ;              ;                     ; Row I/O      ;                 ; no       ; On           ;
; N1       ; 17         ; B2L      ; GND                             ;        ;              ;                     ; --           ;                 ; --       ; --           ;
; N2       ; 16         ; B2L      ; GND                             ;        ;              ;                     ; --           ;                 ; --       ; --           ;
; N3       ;            ;          ; GND                             ; gnd    ;              ;                     ; --           ;                 ; --       ; --           ;
; N4       ;            ;          ; GND                             ; gnd    ;              ;                     ; --           ;                 ; --       ; --           ;
; N5       ;            ;          ; GND                             ; gnd    ;              ;                     ; --           ;                 ; --       ; --           ;
; N6       ;            ;          ; GND                             ; gnd    ;              ;                     ; --           ;                 ; --       ; --           ;
; N7       ;            ; --       ; VCCL_GXBL                       ; power  ;              ; 1.1V                ; --           ;                 ; --       ; --           ;
; N8       ;            ;          ; GND                             ; gnd    ;              ;                     ; --           ;                 ; --       ; --           ;
; N9       ;            ; --       ; VCCH_GXBL                       ; power  ;              ; 2.5V                ; --           ;                 ; --       ; --           ;
; N10      ;            ;          ; GND                             ; gnd    ;              ;                     ; --           ;                 ; --       ; --           ;
; N11      ;            ;          ; GND                             ; gnd    ;              ;                     ; --           ;                 ; --       ; --           ;
; N12      ; 605        ; 8A       ; RESERVED_INPUT_WITH_WEAK_PULLUP ;        ;              ;                     ; Column I/O   ;                 ; no       ; On           ;
; N13      ; 603        ; 8A       ; RESERVED_INPUT_WITH_WEAK_PULLUP ;        ;              ;                     ; Column I/O   ;                 ; no       ; On           ;
; N14      ; 589        ; 8A       ; RESERVED_INPUT_WITH_WEAK_PULLUP ;        ;              ;                     ; Column I/O   ;                 ; no       ; On           ;
; N15      ;            ; --       ; VCC                             ; power  ;              ; 1.1V                ; --           ;                 ; --       ; --           ;
; N16      ;            ;          ; GND                             ; gnd    ;              ;                     ; --           ;                 ; --       ; --           ;
; N17      ;            ; --       ; VCC                             ; power  ;              ; 1.1V                ; --           ;                 ; --       ; --           ;
; N18      ;            ;          ; GND                             ; gnd    ;              ;                     ; --           ;                 ; --       ; --           ;
; N19      ;            ; --       ; VCC                             ; power  ;              ; 1.1V                ; --           ;                 ; --       ; --           ;
; N20      ;            ;          ; GND                             ; gnd    ;              ;                     ; --           ;                 ; --       ; --           ;
; N21      ;            ; --       ; VCC                             ; power  ;              ; 1.1V                ; --           ;                 ; --       ; --           ;
; N22      ; 491        ; 7A       ; RESERVED_INPUT_WITH_WEAK_PULLUP ;        ;              ;                     ; Column I/O   ;                 ; no       ; On           ;
; N23      ; 477        ; 7A       ; sample_count[10]                ; output ; 2.5 V        ;                     ; Column I/O   ; N               ; no       ; Off          ;
; N24      ; 445        ; 7A       ; RESERVED_INPUT_WITH_WEAK_PULLUP ;        ;              ;                     ; Column I/O   ;                 ; no       ; On           ;
; N25      ;            ;          ; GND                             ; gnd    ;              ;                     ; --           ;                 ; --       ; --           ;
; N26      ;            ; 6A       ; VCCPD6A                         ; power  ;              ; 2.5V                ; --           ;                 ; --       ; --           ;
; N27      ; 420        ; 6A       ; RESERVED_INPUT_WITH_WEAK_PULLUP ;        ;              ;                     ; Row I/O      ;                 ; no       ; On           ;
; N28      ; 414        ; 6A       ; RESERVED_INPUT_WITH_WEAK_PULLUP ;        ;              ;                     ; Row I/O      ;                 ; no       ; On           ;
; N29      ; 417        ; 6A       ; RESERVED_INPUT_WITH_WEAK_PULLUP ;        ;              ;                     ; Row I/O      ;                 ; no       ; On           ;
; N30      ;            ; 6A       ; VCCIO6A                         ; power  ;              ; 2.5V                ; --           ;                 ; --       ; --           ;
; N31      ; 397        ; 6A       ; RESERVED_INPUT_WITH_WEAK_PULLUP ;        ;              ;                     ; Row I/O      ;                 ; no       ; On           ;
; N32      ; 395        ; 6A       ; RESERVED_INPUT_WITH_WEAK_PULLUP ;        ;              ;                     ; Row I/O      ;                 ; no       ; On           ;
; N33      ; 382        ; 6A       ; RESERVED_INPUT_WITH_WEAK_PULLUP ;        ;              ;                     ; Row I/O      ;                 ; no       ; On           ;
; N34      ; 384        ; 6A       ; RESERVED_INPUT_WITH_WEAK_PULLUP ;        ;              ;                     ; Row I/O      ;                 ; no       ; On           ;
; P1       ;            ;          ; GND                             ; gnd    ;              ;                     ; --           ;                 ; --       ; --           ;
; P2       ;            ;          ; GND                             ; gnd    ;              ;                     ; --           ;                 ; --       ; --           ;
; P3       ; 18         ; B2L      ; GXB_NC                          ;        ;              ;                     ; --           ;                 ; --       ; --           ;
; P4       ; 19         ; B2L      ; GXB_NC                          ;        ;              ;                     ; --           ;                 ; --       ; --           ;
; P5       ;            ;          ; GND                             ; gnd    ;              ;                     ; --           ;                 ; --       ; --           ;
; P6       ;            ;          ; GND                             ; gnd    ;              ;                     ; --           ;                 ; --       ; --           ;
; P7       ;            ;          ; GND                             ; gnd    ;              ;                     ; --           ;                 ; --       ; --           ;
; P8       ;            ; --       ; VCCE_GXBL                       ; power  ;              ; 1.1V                ; --           ;                 ; --       ; --           ;
; P9       ;            ;          ; GND                             ; gnd    ;              ;                     ; --           ;                 ; --       ; --           ;
; P10      ; 0          ; B3L      ; GND                             ;        ;              ;                     ; Row I/O      ;                 ; --       ; --           ;
; P11      ;            ;          ; GND                             ; gnd    ;              ;                     ; --           ;                 ; --       ; --           ;
; P12      ;            ; --       ; VCC                             ; power  ;              ; 1.1V                ; --           ;                 ; --       ; --           ;
; P13      ;            ;          ; GND                             ; gnd    ;              ;                     ; --           ;                 ; --       ; --           ;
; P14      ; 587        ; 8A       ; RESERVED_INPUT_WITH_WEAK_PULLUP ;        ;              ;                     ; Column I/O   ;                 ; no       ; On           ;
; P15      ;            ;          ; GND                             ; gnd    ;              ;                     ; --           ;                 ; --       ; --           ;
; P16      ;            ; --       ; VCC                             ; power  ;              ; 1.1V                ; --           ;                 ; --       ; --           ;
; P17      ;            ;          ; GND                             ; gnd    ;              ;                     ; --           ;                 ; --       ; --           ;
; P18      ;            ; --       ; VCC                             ; power  ;              ; 1.1V                ; --           ;                 ; --       ; --           ;
; P19      ;            ;          ; GND                             ; gnd    ;              ;                     ; --           ;                 ; --       ; --           ;
; P20      ;            ; --       ; VCC                             ; power  ;              ; 1.1V                ; --           ;                 ; --       ; --           ;
; P21      ;            ;          ; GND                             ; gnd    ;              ;                     ; --           ;                 ; --       ; --           ;
; P22      ;            ; --       ; VCC                             ; power  ;              ; 1.1V                ; --           ;                 ; --       ; --           ;
; P23      ;            ; 6A       ; VCCIO6A                         ; power  ;              ; 2.5V                ; --           ;                 ; --       ; --           ;
; P24      ; 426        ; 6A       ; prg_bits[8]                     ; output ; 2.5 V        ;                     ; Row I/O      ; N               ; no       ; Off          ;
; P25      ; 428        ; 6A       ; prg_bits[3]                     ; output ; 2.5 V        ;                     ; Row I/O      ; N               ; no       ; Off          ;
; P26      ;            ; 6A       ; VCCPD6A                         ; power  ;              ; 2.5V                ; --           ;                 ; --       ; --           ;
; P27      ; 418        ; 6A       ; RESERVED_INPUT_WITH_WEAK_PULLUP ;        ;              ;                     ; Row I/O      ;                 ; no       ; On           ;
; P28      ;            ;          ; GND                             ; gnd    ;              ;                     ; --           ;                 ; --       ; --           ;
; P29      ;            ; 6A       ; VREFB6AN0                       ; power  ;              ;                     ; --           ;                 ; --       ; --           ;
; P30      ; 415        ; 6A       ; RESERVED_INPUT_WITH_WEAK_PULLUP ;        ;              ;                     ; Row I/O      ;                 ; no       ; On           ;
; P31      ; 400        ; 6A       ; RESERVED_INPUT_WITH_WEAK_PULLUP ;        ;              ;                     ; Row I/O      ;                 ; no       ; On           ;
; P32      ; 398        ; 6A       ; RESERVED_INPUT_WITH_WEAK_PULLUP ;        ;              ;                     ; Row I/O      ;                 ; no       ; On           ;
; P33      ;            ; 6A       ; VCCIO6A                         ; power  ;              ; 2.5V                ; --           ;                 ; --       ; --           ;
; P34      ; 368        ; 6A       ; RESERVED_INPUT_WITH_WEAK_PULLUP ;        ;              ;                     ; Row I/O      ;                 ; no       ; On           ;
; R1       ; 21         ; B2L      ; GND                             ;        ;              ;                     ; --           ;                 ; --       ; --           ;
; R2       ; 20         ; B2L      ; GND                             ;        ;              ;                     ; --           ;                 ; --       ; --           ;
; R3       ;            ;          ; GND                             ; gnd    ;              ;                     ; --           ;                 ; --       ; --           ;
; R4       ;            ;          ; GND                             ; gnd    ;              ;                     ; --           ;                 ; --       ; --           ;
; R5       ;            ;          ; GND                             ; gnd    ;              ;                     ; --           ;                 ; --       ; --           ;
; R6       ;            ;          ; GND                             ; gnd    ;              ;                     ; --           ;                 ; --       ; --           ;
; R7       ;            ; --       ; VCCL_GXBL                       ; power  ;              ; 1.1V                ; --           ;                 ; --       ; --           ;
; R8       ;            ;          ; GND                             ; gnd    ;              ;                     ; --           ;                 ; --       ; --           ;
; R9       ;            ; --       ; VCCE_GXBL                       ; power  ;              ; 1.1V                ; --           ;                 ; --       ; --           ;
; R10      ;            ;          ; GND                             ; gnd    ;              ;                     ; --           ;                 ; --       ; --           ;
; R11      ; 1          ; B3L      ; GND                             ;        ;              ;                     ; Row I/O      ;                 ; --       ; --           ;
; R12      ;            ;          ; GND                             ; gnd    ;              ;                     ; --           ;                 ; --       ; --           ;
; R13      ;            ; --       ; VCC                             ; power  ;              ; 1.1V                ; --           ;                 ; --       ; --           ;
; R14      ;            ;          ; GND                             ; gnd    ;              ;                     ; --           ;                 ; --       ; --           ;
; R15      ;            ; --       ; VCC                             ; power  ;              ; 1.1V                ; --           ;                 ; --       ; --           ;
; R16      ;            ;          ; GND                             ; gnd    ;              ;                     ; --           ;                 ; --       ; --           ;
; R17      ;            ; --       ; VCC                             ; power  ;              ; 1.1V                ; --           ;                 ; --       ; --           ;
; R18      ;            ;          ; GND                             ; gnd    ;              ;                     ; --           ;                 ; --       ; --           ;
; R19      ;            ; --       ; VCC                             ; power  ;              ; 1.1V                ; --           ;                 ; --       ; --           ;
; R20      ;            ;          ; GND                             ; gnd    ;              ;                     ; --           ;                 ; --       ; --           ;
; R21      ;            ; --       ; VCC                             ; power  ;              ; 1.1V                ; --           ;                 ; --       ; --           ;
; R22      ;            ;          ; GND                             ; gnd    ;              ;                     ; --           ;                 ; --       ; --           ;
; R23      ; 410        ; 6A       ; RESERVED_INPUT_WITH_WEAK_PULLUP ;        ;              ;                     ; Row I/O      ;                 ; no       ; On           ;
; R24      ; 412        ; 6A       ; RESERVED_INPUT_WITH_WEAK_PULLUP ;        ;              ;                     ; Row I/O      ;                 ; no       ; On           ;
; R25      ; 396        ; 6A       ; RESERVED_INPUT_WITH_WEAK_PULLUP ;        ;              ;                     ; Row I/O      ;                 ; no       ; On           ;
; R26      ;            ; 6A       ; VCCIO6A                         ; power  ;              ; 2.5V                ; --           ;                 ; --       ; --           ;
; R27      ; 390        ; 6A       ; RESERVED_INPUT_WITH_WEAK_PULLUP ;        ;              ;                     ; Row I/O      ;                 ; no       ; On           ;
; R28      ; 392        ; 6A       ; RESERVED_INPUT_WITH_WEAK_PULLUP ;        ;              ;                     ; Row I/O      ;                 ; no       ; On           ;
; R29      ; 404        ; 6A       ; RESERVED_INPUT_WITH_WEAK_PULLUP ;        ;              ;                     ; Row I/O      ;                 ; no       ; On           ;
; R30      ; 402        ; 6A       ; RESERVED_INPUT_WITH_WEAK_PULLUP ;        ;              ;                     ; Row I/O      ;                 ; no       ; On           ;
; R31      ;            ;          ; GND                             ; gnd    ;              ;                     ; --           ;                 ; --       ; --           ;
; R32      ; 386        ; 6A       ; RESERVED_INPUT_WITH_WEAK_PULLUP ;        ;              ;                     ; Row I/O      ;                 ; no       ; On           ;
; R33      ; 388        ; 6A       ; RESERVED_INPUT_WITH_WEAK_PULLUP ;        ;              ;                     ; Row I/O      ;                 ; no       ; On           ;
; R34      ; 366        ; 6A       ; RESERVED_INPUT_WITH_WEAK_PULLUP ;        ;              ;                     ; Row I/O      ;                 ; no       ; On           ;
; T1       ;            ;          ; GND                             ; gnd    ;              ;                     ; --           ;                 ; --       ; --           ;
; T2       ;            ;          ; GND                             ; gnd    ;              ;                     ; --           ;                 ; --       ; --           ;
; T3       ; 22         ; B2L      ; GXB_NC                          ;        ;              ;                     ; --           ;                 ; --       ; --           ;
; T4       ; 23         ; B2L      ; GXB_NC                          ;        ;              ;                     ; --           ;                 ; --       ; --           ;
; T5       ;            ;          ; GND                             ; gnd    ;              ;                     ; --           ;                 ; --       ; --           ;
; T6       ;            ;          ; GND                             ; gnd    ;              ;                     ; --           ;                 ; --       ; --           ;
; T7       ;            ;          ; GND                             ; gnd    ;              ;                     ; --           ;                 ; --       ; --           ;
; T8       ;            ; --       ; VCCH_GXBL                       ; power  ;              ; 2.5V                ; --           ;                 ; --       ; --           ;
; T9       ;            ;          ; GND                             ; gnd    ;              ;                     ; --           ;                 ; --       ; --           ;
; T10      ; 27         ; B2L      ; GND                             ;        ;              ;                     ; Row I/O      ;                 ; --       ; --           ;
; T11      ;            ;          ; GND                             ; gnd    ;              ;                     ; --           ;                 ; --       ; --           ;
; T12      ;            ; --       ; VCC                             ; power  ;              ; 1.1V                ; --           ;                 ; --       ; --           ;
; T13      ;            ;          ; GND                             ; gnd    ;              ;                     ; --           ;                 ; --       ; --           ;
; T14      ;            ; --       ; VCC                             ; power  ;              ; 1.1V                ; --           ;                 ; --       ; --           ;
; T15      ;            ;          ; GND                             ; gnd    ;              ;                     ; --           ;                 ; --       ; --           ;
; T16      ;            ; --       ; VCC                             ; power  ;              ; 1.1V                ; --           ;                 ; --       ; --           ;
; T17      ;            ;          ; GND                             ; gnd    ;              ;                     ; --           ;                 ; --       ; --           ;
; T18      ;            ; --       ; VCC                             ; power  ;              ; 1.1V                ; --           ;                 ; --       ; --           ;
; T19      ;            ;          ; GND                             ; gnd    ;              ;                     ; --           ;                 ; --       ; --           ;
; T20      ;            ; --       ; VCC                             ; power  ;              ; 1.1V                ; --           ;                 ; --       ; --           ;
; T21      ;            ;          ; GND                             ; gnd    ;              ;                     ; --           ;                 ; --       ; --           ;
; T22      ;            ; --       ; VCC                             ; power  ;              ; 1.1V                ; --           ;                 ; --       ; --           ;
; T23      ; 380        ; 6A       ; RESERVED_INPUT_WITH_WEAK_PULLUP ;        ;              ;                     ; Row I/O      ;                 ; no       ; On           ;
; T24      ;            ;          ; GND                             ; gnd    ;              ;                     ; --           ;                 ; --       ; --           ;
; T25      ; 394        ; 6A       ; RESERVED_INPUT_WITH_WEAK_PULLUP ;        ;              ;                     ; Row I/O      ;                 ; no       ; On           ;
; T26      ;            ; 6A       ; VCCPD6A                         ; power  ;              ; 2.5V                ; --           ;                 ; --       ; --           ;
; T27      ; 374        ; 6A       ; RESERVED_INPUT_WITH_WEAK_PULLUP ;        ;              ;                     ; Row I/O      ;                 ; no       ; On           ;
; T28      ; 376        ; 6A       ; RESERVED_INPUT_WITH_WEAK_PULLUP ;        ;              ;                     ; Row I/O      ;                 ; no       ; On           ;
; T29      ;            ; 6A       ; VCCIO6A                         ; power  ;              ; 2.5V                ; --           ;                 ; --       ; --           ;
; T30      ; 372        ; 6A       ; RESERVED_INPUT_WITH_WEAK_PULLUP ;        ;              ;                     ; Row I/O      ;                 ; no       ; On           ;
; T31      ; 370        ; 6A       ; RESERVED_INPUT_WITH_WEAK_PULLUP ;        ;              ;                     ; Row I/O      ;                 ; no       ; On           ;
; T32      ; 373        ; 6A       ; RESERVED_INPUT_WITH_WEAK_PULLUP ;        ;              ;                     ; Row I/O      ;                 ; no       ; On           ;
; T33      ; 371        ; 6A       ; RESERVED_INPUT_WITH_WEAK_PULLUP ;        ;              ;                     ; Row I/O      ;                 ; no       ; On           ;
; T34      ;            ;          ; GND                             ; gnd    ;              ;                     ; --           ;                 ; --       ; --           ;
; U1       ; 25         ; B2L      ; GND                             ;        ;              ;                     ; --           ;                 ; --       ; --           ;
; U2       ; 24         ; B2L      ; GND                             ;        ;              ;                     ; --           ;                 ; --       ; --           ;
; U3       ;            ;          ; GND                             ; gnd    ;              ;                     ; --           ;                 ; --       ; --           ;
; U4       ;            ;          ; GND                             ; gnd    ;              ;                     ; --           ;                 ; --       ; --           ;
; U5       ;            ;          ; GND                             ; gnd    ;              ;                     ; --           ;                 ; --       ; --           ;
; U6       ;            ;          ; GND                             ; gnd    ;              ;                     ; --           ;                 ; --       ; --           ;
; U7       ;            ; --       ; VCCL_GXBL                       ; power  ;              ; 1.1V                ; --           ;                 ; --       ; --           ;
; U8       ;            ;          ; GND                             ; gnd    ;              ;                     ; --           ;                 ; --       ; --           ;
; U9       ;            ; --       ; VCCE_GXBL                       ; power  ;              ; 1.1V                ; --           ;                 ; --       ; --           ;
; U10      ;            ;          ; GND                             ; gnd    ;              ;                     ; --           ;                 ; --       ; --           ;
; U11      ; 26         ; B2L      ; GND                             ;        ;              ;                     ; Row I/O      ;                 ; --       ; --           ;
; U12      ;            ;          ; GND                             ; gnd    ;              ;                     ; --           ;                 ; --       ; --           ;
; U13      ;            ; --       ; VCC                             ; power  ;              ; 1.1V                ; --           ;                 ; --       ; --           ;
; U14      ;            ;          ; GND                             ; gnd    ;              ;                     ; --           ;                 ; --       ; --           ;
; U15      ;            ; --       ; VCC                             ; power  ;              ; 1.1V                ; --           ;                 ; --       ; --           ;
; U16      ;            ;          ; GND                             ; gnd    ;              ;                     ; --           ;                 ; --       ; --           ;
; U17      ;            ; --       ; VCC                             ; power  ;              ; 1.1V                ; --           ;                 ; --       ; --           ;
; U18      ;            ;          ; GND                             ; gnd    ;              ;                     ; --           ;                 ; --       ; --           ;
; U19      ;            ; --       ; VCC                             ; power  ;              ; 1.1V                ; --           ;                 ; --       ; --           ;
; U20      ;            ;          ; GND                             ; gnd    ;              ;                     ; --           ;                 ; --       ; --           ;
; U21      ;            ; --       ; VCC                             ; power  ;              ; 1.1V                ; --           ;                 ; --       ; --           ;
; U22      ;            ;          ; GND                             ; gnd    ;              ;                     ; --           ;                 ; --       ; --           ;
; U23      ; 378        ; 6A       ; RESERVED_INPUT_WITH_WEAK_PULLUP ;        ;              ;                     ; Row I/O      ;                 ; no       ; On           ;
; U24      ; 362        ; 6A       ; RESERVED_INPUT_WITH_WEAK_PULLUP ;        ;              ;                     ; Row I/O      ;                 ; no       ; On           ;
; U25      ; 364        ; 6A       ; RESERVED_INPUT_WITH_WEAK_PULLUP ;        ;              ;                     ; Row I/O      ;                 ; no       ; On           ;
; U26      ;            ; 6A       ; VCCPD6A                         ; power  ;              ; 2.5V                ; --           ;                 ; --       ; --           ;
; U27      ;            ;          ; GND                             ; gnd    ;              ;                     ; --           ;                 ; --       ; --           ;
; U28      ; 358        ; 6A       ; RESERVED_INPUT_WITH_WEAK_PULLUP ;        ;              ;                     ; Row I/O      ;                 ; no       ; On           ;
; U29      ; 360        ; 6A       ; RESERVED_INPUT_WITH_WEAK_PULLUP ;        ;              ;                     ; Row I/O      ;                 ; no       ; On           ;
; U30      ; 356        ; 6A       ; RESERVED_INPUT_WITH_WEAK_PULLUP ;        ;              ;                     ; Row I/O      ;                 ; no       ; On           ;
; U31      ; 354        ; 6A       ; RESERVED_INPUT_WITH_WEAK_PULLUP ;        ;              ;                     ; Row I/O      ;                 ; no       ; On           ;
; U32      ;            ; 6A       ; VCCIO6A                         ; power  ;              ; 2.5V                ; --           ;                 ; --       ; --           ;
; U33      ; 369        ; 6A       ; RESERVED_INPUT_WITH_WEAK_PULLUP ;        ;              ;                     ; Row I/O      ;                 ; no       ; On           ;
; U34      ; 367        ; 6A       ; RESERVED_INPUT_WITH_WEAK_PULLUP ;        ;              ;                     ; Row I/O      ;                 ; no       ; On           ;
; V1       ;            ;          ; GND                             ; gnd    ;              ;                     ; --           ;                 ; --       ; --           ;
; V2       ;            ;          ; GND                             ; gnd    ;              ;                     ; --           ;                 ; --       ; --           ;
; V3       ; 30         ; B1L      ; GXB_NC                          ;        ;              ;                     ; --           ;                 ; --       ; --           ;
; V4       ; 31         ; B1L      ; GXB_NC                          ;        ;              ;                     ; --           ;                 ; --       ; --           ;
; V5       ;            ;          ; GND                             ; gnd    ;              ;                     ; --           ;                 ; --       ; --           ;
; V6       ;            ;          ; GND                             ; gnd    ;              ;                     ; --           ;                 ; --       ; --           ;
; V7       ;            ;          ; GND                             ; gnd    ;              ;                     ; --           ;                 ; --       ; --           ;
; V8       ;            ; --       ; VCCE_GXBL                       ; power  ;              ; 1.1V                ; --           ;                 ; --       ; --           ;
; V9       ;            ;          ; GND                             ; gnd    ;              ;                     ; --           ;                 ; --       ; --           ;
; V10      ; 28         ; B1L      ; GND                             ;        ;              ;                     ; Row I/O      ;                 ; --       ; --           ;
; V11      ;            ;          ; GND                             ; gnd    ;              ;                     ; --           ;                 ; --       ; --           ;
; V12      ;            ; --       ; VCC                             ; power  ;              ; 1.1V                ; --           ;                 ; --       ; --           ;
; V13      ;            ;          ; GND                             ; gnd    ;              ;                     ; --           ;                 ; --       ; --           ;
; V14      ;            ; --       ; VCC                             ; power  ;              ; 1.1V                ; --           ;                 ; --       ; --           ;
; V15      ;            ;          ; GND                             ; gnd    ;              ;                     ; --           ;                 ; --       ; --           ;
; V16      ;            ; --       ; VCC                             ; power  ;              ; 1.1V                ; --           ;                 ; --       ; --           ;
; V17      ;            ;          ; GND                             ; gnd    ;              ;                     ; --           ;                 ; --       ; --           ;
; V18      ;            ; --       ; VCC                             ; power  ;              ; 1.1V                ; --           ;                 ; --       ; --           ;
; V19      ;            ;          ; GND                             ; gnd    ;              ;                     ; --           ;                 ; --       ; --           ;
; V20      ;            ; --       ; VCC                             ; power  ;              ; 1.1V                ; --           ;                 ; --       ; --           ;
; V21      ;            ;          ; GND                             ; gnd    ;              ;                     ; --           ;                 ; --       ; --           ;
; V22      ;            ; --       ; VCC                             ; power  ;              ; 1.1V                ; --           ;                 ; --       ; --           ;
; V23      ; 348        ; 5B       ; RESERVED_INPUT_WITH_WEAK_PULLUP ;        ;              ;                     ; Row I/O      ;                 ; no       ; On           ;
; V24      ; 346        ; 5B       ; RESERVED_INPUT_WITH_WEAK_PULLUP ;        ;              ;                     ; Row I/O      ;                 ; no       ; On           ;
; V25      ;            ; 5B       ; VCCIO5B                         ; power  ;              ; 2.5V                ; --           ;                 ; --       ; --           ;
; V26      ;            ; 5B       ; VCCPD5B                         ; power  ;              ; 2.5V                ; --           ;                 ; --       ; --           ;
; V27      ; 340        ; 5B       ; clk                             ; input  ; 2.5 V        ;                     ; Row I/O      ; N               ; no       ; Off          ;
; V28      ; 338        ; 5B       ; RESERVED_INPUT_WITH_WEAK_PULLUP ;        ;              ;                     ; Row I/O      ;                 ; no       ; On           ;
; V29      ;            ; 5B       ; VREFB5BN0                       ; power  ;              ;                     ; --           ;                 ; --       ; --           ;
; V30      ;            ;          ; GND                             ; gnd    ;              ;                     ; --           ;                 ; --       ; --           ;
; V31      ; 336        ; 5B       ; RESERVED_INPUT_WITH_WEAK_PULLUP ;        ;              ;                     ; Row I/O      ;                 ; no       ; On           ;
; V32      ; 352        ; 5B       ; RESERVED_INPUT_WITH_WEAK_PULLUP ;        ;              ;                     ; Row I/O      ;                 ; no       ; On           ;
; V33      ; 363        ; 6A       ; RESERVED_INPUT_WITH_WEAK_PULLUP ;        ;              ;                     ; Row I/O      ;                 ; no       ; On           ;
; V34      ; 365        ; 6A       ; RESERVED_INPUT_WITH_WEAK_PULLUP ;        ;              ;                     ; Row I/O      ;                 ; no       ; On           ;
; W1       ; 33         ; B1L      ; GND                             ;        ;              ;                     ; --           ;                 ; --       ; --           ;
; W2       ; 32         ; B1L      ; GND                             ;        ;              ;                     ; --           ;                 ; --       ; --           ;
; W3       ;            ;          ; GND                             ; gnd    ;              ;                     ; --           ;                 ; --       ; --           ;
; W4       ;            ;          ; GND                             ; gnd    ;              ;                     ; --           ;                 ; --       ; --           ;
; W5       ;            ;          ; GND                             ; gnd    ;              ;                     ; --           ;                 ; --       ; --           ;
; W6       ;            ;          ; GND                             ; gnd    ;              ;                     ; --           ;                 ; --       ; --           ;
; W7       ;            ; --       ; VCCL_GXBL                       ; power  ;              ; 1.1V                ; --           ;                 ; --       ; --           ;
; W8       ;            ;          ; GND                             ; gnd    ;              ;                     ; --           ;                 ; --       ; --           ;
; W9       ;            ; --       ; VCCH_GXBL                       ; power  ;              ; 2.5V                ; --           ;                 ; --       ; --           ;
; W10      ;            ;          ; GND                             ; gnd    ;              ;                     ; --           ;                 ; --       ; --           ;
; W11      ; 29         ; B1L      ; GND                             ;        ;              ;                     ; Row I/O      ;                 ; --       ; --           ;
; W12      ;            ;          ; GND                             ; gnd    ;              ;                     ; --           ;                 ; --       ; --           ;
; W13      ;            ; --       ; VCC                             ; power  ;              ; 1.1V                ; --           ;                 ; --       ; --           ;
; W14      ;            ;          ; GND                             ; gnd    ;              ;                     ; --           ;                 ; --       ; --           ;
; W15      ;            ; --       ; VCC                             ; power  ;              ; 1.1V                ; --           ;                 ; --       ; --           ;
; W16      ;            ;          ; GND                             ; gnd    ;              ;                     ; --           ;                 ; --       ; --           ;
; W17      ;            ; --       ; VCC                             ; power  ;              ; 1.1V                ; --           ;                 ; --       ; --           ;
; W18      ;            ;          ; GND                             ; gnd    ;              ;                     ; --           ;                 ; --       ; --           ;
; W19      ;            ; --       ; VCC                             ; power  ;              ; 1.1V                ; --           ;                 ; --       ; --           ;
; W20      ;            ;          ; GND                             ; gnd    ;              ;                     ; --           ;                 ; --       ; --           ;
; W21      ;            ; --       ; VCC                             ; power  ;              ; 1.1V                ; --           ;                 ; --       ; --           ;
; W22      ;            ;          ; GND                             ; gnd    ;              ;                     ; --           ;                 ; --       ; --           ;
; W23      ;            ;          ; GND                             ; gnd    ;              ;                     ; --           ;                 ; --       ; --           ;
; W24      ; 300        ; 5A       ; RESERVED_INPUT_WITH_WEAK_PULLUP ;        ;              ;                     ; Row I/O      ;                 ; no       ; On           ;
; W25      ;            ; 5B       ; VCCPD5B                         ; power  ;              ; 2.5V                ; --           ;                 ; --       ; --           ;
; W26      ; 322        ; 5B       ; RESERVED_INPUT_WITH_WEAK_PULLUP ;        ;              ;                     ; Row I/O      ;                 ; no       ; On           ;
; W27      ; 324        ; 5B       ; rst_n                           ; input  ; 2.5 V        ;                     ; Row I/O      ; N               ; no       ; Off          ;
; W28      ;            ; 5B       ; VCCIO5B                         ; power  ;              ; 2.5V                ; --           ;                 ; --       ; --           ;
; W29      ; 330        ; 5B       ; RESERVED_INPUT_WITH_WEAK_PULLUP ;        ;              ;                     ; Row I/O      ;                 ; no       ; On           ;
; W30      ; 332        ; 5B       ; RESERVED_INPUT_WITH_WEAK_PULLUP ;        ;              ;                     ; Row I/O      ;                 ; no       ; On           ;
; W31      ; 334        ; 5B       ; RESERVED_INPUT_WITH_WEAK_PULLUP ;        ;              ;                     ; Row I/O      ;                 ; no       ; On           ;
; W32      ; 350        ; 5B       ; RESERVED_INPUT_WITH_WEAK_PULLUP ;        ;              ;                     ; Row I/O      ;                 ; no       ; On           ;
; W33      ;            ;          ; GND                             ; gnd    ;              ;                     ; --           ;                 ; --       ; --           ;
; W34      ; 361        ; 6A       ; RESERVED_INPUT_WITH_WEAK_PULLUP ;        ;              ;                     ; Row I/O      ;                 ; no       ; On           ;
; Y1       ;            ;          ; GND                             ; gnd    ;              ;                     ; --           ;                 ; --       ; --           ;
; Y2       ;            ;          ; GND                             ; gnd    ;              ;                     ; --           ;                 ; --       ; --           ;
; Y3       ; 34         ; B1L      ; GXB_NC                          ;        ;              ;                     ; --           ;                 ; --       ; --           ;
; Y4       ; 35         ; B1L      ; GXB_NC                          ;        ;              ;                     ; --           ;                 ; --       ; --           ;
; Y5       ;            ;          ; GND                             ; gnd    ;              ;                     ; --           ;                 ; --       ; --           ;
; Y6       ;            ;          ; GND                             ; gnd    ;              ;                     ; --           ;                 ; --       ; --           ;
; Y7       ;            ;          ; GND                             ; gnd    ;              ;                     ; --           ;                 ; --       ; --           ;
; Y8       ;            ; --       ; VCCE_GXBL                       ; power  ;              ; 1.1V                ; --           ;                 ; --       ; --           ;
; Y9       ;            ;          ; GND                             ; gnd    ;              ;                     ; --           ;                 ; --       ; --           ;
; Y10      ;            ;          ; GND                             ; gnd    ;              ;                     ; --           ;                 ; --       ; --           ;
; Y11      ;            ;          ; GND                             ; gnd    ;              ;                     ; --           ;                 ; --       ; --           ;
; Y12      ;            ; --       ; VCC                             ; power  ;              ; 1.1V                ; --           ;                 ; --       ; --           ;
; Y13      ;            ;          ; GND                             ; gnd    ;              ;                     ; --           ;                 ; --       ; --           ;
; Y14      ;            ; --       ; VCC                             ; power  ;              ; 1.1V                ; --           ;                 ; --       ; --           ;
; Y15      ;            ;          ; GND                             ; gnd    ;              ;                     ; --           ;                 ; --       ; --           ;
; Y16      ;            ; --       ; VCC                             ; power  ;              ; 1.1V                ; --           ;                 ; --       ; --           ;
; Y17      ;            ;          ; GND                             ; gnd    ;              ;                     ; --           ;                 ; --       ; --           ;
; Y18      ;            ; --       ; VCC                             ; power  ;              ; 1.1V                ; --           ;                 ; --       ; --           ;
; Y19      ;            ;          ; GND                             ; gnd    ;              ;                     ; --           ;                 ; --       ; --           ;
; Y20      ; 216        ; 4A       ; RESERVED_INPUT_WITH_WEAK_PULLUP ;        ;              ;                     ; Column I/O   ;                 ; no       ; On           ;
; Y21      ;            ;          ; GND                             ; gnd    ;              ;                     ; --           ;                 ; --       ; --           ;
; Y22      ; 284        ; 5A       ; RESERVED_INPUT_WITH_WEAK_PULLUP ;        ;              ;                     ; Row I/O      ;                 ; no       ; On           ;
; Y23      ; 298        ; 5A       ; RESERVED_INPUT_WITH_WEAK_PULLUP ;        ;              ;                     ; Row I/O      ;                 ; no       ; On           ;
; Y24      ; 271        ; 5A       ; RESERVED_INPUT_WITH_WEAK_PULLUP ;        ;              ;                     ; Row I/O      ;                 ; no       ; On           ;
; Y25      ; 273        ; 5A       ; RESERVED_INPUT_WITH_WEAK_PULLUP ;        ;              ;                     ; Row I/O      ;                 ; no       ; On           ;
; Y26      ;            ; 5A       ; VCCIO5A                         ; power  ;              ; 2.5V                ; --           ;                 ; --       ; --           ;
; Y27      ; 312        ; 5B       ; RESERVED_INPUT_WITH_WEAK_PULLUP ;        ;              ;                     ; Row I/O      ;                 ; no       ; On           ;
; Y28      ; 310        ; 5B       ; RESERVED_INPUT_WITH_WEAK_PULLUP ;        ;              ;                     ; Row I/O      ;                 ; no       ; On           ;
; Y29      ; 314        ; 5B       ; RESERVED_INPUT_WITH_WEAK_PULLUP ;        ;              ;                     ; Row I/O      ;                 ; no       ; On           ;
; Y30      ; 316        ; 5B       ; RESERVED_INPUT_WITH_WEAK_PULLUP ;        ;              ;                     ; Row I/O      ;                 ; no       ; On           ;
; Y31      ;            ; 5B       ; VCCIO5B                         ; power  ;              ; 2.5V                ; --           ;                 ; --       ; --           ;
; Y32      ; 308        ; 5B       ; RESERVED_INPUT_WITH_WEAK_PULLUP ;        ;              ;                     ; Row I/O      ;                 ; no       ; On           ;
; Y33      ; 355        ; 6A       ; RESERVED_INPUT_WITH_WEAK_PULLUP ;        ;              ;                     ; Row I/O      ;                 ; no       ; On           ;
; Y34      ; 359        ; 6A       ; RESERVED_INPUT_WITH_WEAK_PULLUP ;        ;              ;                     ; Row I/O      ;                 ; no       ; On           ;
+----------+------------+----------+---------------------------------+--------+--------------+---------------------+--------------+-----------------+----------+--------------+
Note: Pin directions (input, output or bidir) are based on device operating in user mode.


+--------------------------------------------------+
; I/O Assignment Warnings                          ;
+------------------+-------------------------------+
; Pin Name         ; Reason                        ;
+------------------+-------------------------------+
; valid            ; Incomplete set of assignments ;
; prg_bits[0]      ; Incomplete set of assignments ;
; prg_bits[1]      ; Incomplete set of assignments ;
; prg_bits[2]      ; Incomplete set of assignments ;
; prg_bits[3]      ; Incomplete set of assignments ;
; prg_bits[4]      ; Incomplete set of assignments ;
; prg_bits[5]      ; Incomplete set of assignments ;
; prg_bits[6]      ; Incomplete set of assignments ;
; prg_bits[7]      ; Incomplete set of assignments ;
; prg_bits[8]      ; Incomplete set of assignments ;
; exhausted        ; Incomplete set of assignments ;
; sample_count[0]  ; Incomplete set of assignments ;
; sample_count[1]  ; Incomplete set of assignments ;
; sample_count[2]  ; Incomplete set of assignments ;
; sample_count[3]  ; Incomplete set of assignments ;
; sample_count[4]  ; Incomplete set of assignments ;
; sample_count[5]  ; Incomplete set of assignments ;
; sample_count[6]  ; Incomplete set of assignments ;
; sample_count[7]  ; Incomplete set of assignments ;
; sample_count[8]  ; Incomplete set of assignments ;
; sample_count[9]  ; Incomplete set of assignments ;
; sample_count[10] ; Incomplete set of assignments ;
; sample_count[11] ; Incomplete set of assignments ;
; sample_count[12] ; Incomplete set of assignments ;
; sample_count[13] ; Incomplete set of assignments ;
; sample_count[14] ; Incomplete set of assignments ;
; sample_count[15] ; Incomplete set of assignments ;
; clk              ; Incomplete set of assignments ;
; ready            ; Incomplete set of assignments ;
; rst_n            ; Incomplete set of assignments ;
; start            ; Incomplete set of assignments ;
; valid            ; Missing location assignment   ;
; prg_bits[0]      ; Missing location assignment   ;
; prg_bits[1]      ; Missing location assignment   ;
; prg_bits[2]      ; Missing location assignment   ;
; prg_bits[3]      ; Missing location assignment   ;
; prg_bits[4]      ; Missing location assignment   ;
; prg_bits[5]      ; Missing location assignment   ;
; prg_bits[6]      ; Missing location assignment   ;
; prg_bits[7]      ; Missing location assignment   ;
; prg_bits[8]      ; Missing location assignment   ;
; exhausted        ; Missing location assignment   ;
; sample_count[0]  ; Missing location assignment   ;
; sample_count[1]  ; Missing location assignment   ;
; sample_count[2]  ; Missing location assignment   ;
; sample_count[3]  ; Missing location assignment   ;
; sample_count[4]  ; Missing location assignment   ;
; sample_count[5]  ; Missing location assignment   ;
; sample_count[6]  ; Missing location assignment   ;
; sample_count[7]  ; Missing location assignment   ;
; sample_count[8]  ; Missing location assignment   ;
; sample_count[9]  ; Missing location assignment   ;
; sample_count[10] ; Missing location assignment   ;
; sample_count[11] ; Missing location assignment   ;
; sample_count[12] ; Missing location assignment   ;
; sample_count[13] ; Missing location assignment   ;
; sample_count[14] ; Missing location assignment   ;
; sample_count[15] ; Missing location assignment   ;
; clk              ; Missing location assignment   ;
; ready            ; Missing location assignment   ;
; rst_n            ; Missing location assignment   ;
; start            ; Missing location assignment   ;
+------------------+-------------------------------+


+-------------------------------------------------------------------------------------------------------------------------------------------------------------------------------------------------------------------------------------------------------------------------------------------------------------------------------------------------------------------------------------------------------------------------------------------------------------------------------------+
; Fitter Resource Utilization by Entity                                                                                                                                                                                                                                                                                                                                                                                                                                               ;
+--------------------------------------+----------------------+----------------------------------+---------------------------------------------------+----------------------------------+----------------------+---------------------+---------------------------+---------------+-------------------+-------+------------+------+--------------+---------------------------------------------------------------------------------------------+------------------------+--------------+
; Compilation Hierarchy Node           ; ALMs needed [=A-B+C] ; [A] ALMs used in final placement ; [B] Estimate of ALMs recoverable by dense packing ; [C] Estimate of ALMs unavailable ; ALMs used for memory ; Combinational ALUTs ; Dedicated Logic Registers ; I/O Registers ; Block Memory Bits ; M10Ks ; DSP Blocks ; Pins ; Virtual Pins ; Full Hierarchy Name                                                                         ; Entity Name            ; Library Name ;
+--------------------------------------+----------------------+----------------------------------+---------------------------------------------------+----------------------------------+----------------------+---------------------+---------------------------+---------------+-------------------+-------+------------+------+--------------+---------------------------------------------------------------------------------------------+------------------------+--------------+
; |keccak_prg_xof_adapter              ; 4700.5 (586.5)       ; 4981.4 (596.2)                   ; 419.9 (10.7)                                      ; 139.0 (1.0)                      ; 0.0 (0.0)            ; 7178 (1158)         ; 2769 (1136)               ; 0 (0)         ; 0                 ; 0     ; 0          ; 31   ; 0            ; |keccak_prg_xof_adapter                                                                     ; keccak_prg_xof_adapter ; work         ;
;    |keccak_xof:u_keccak|             ; 4114.0 (6.5)         ; 4385.3 (11.5)                    ; 409.2 (5.0)                                       ; 138.0 (0.0)                      ; 0.0 (0.0)            ; 6020 (10)           ; 1633 (17)                 ; 0 (0)         ; 0                 ; 0     ; 0          ; 0    ; 0            ; |keccak_prg_xof_adapter|keccak_xof:u_keccak                                                 ; keccak_xof             ; work         ;
;       |f_permutation:f_permutation_| ; 4104.7 (506.1)       ; 4370.6 (509.8)                   ; 403.9 (20.4)                                      ; 138.0 (16.7)                     ; 0.0 (0.0)            ; 6005 (9)            ; 1612 (1612)               ; 0 (0)         ; 0                 ; 0     ; 0          ; 0    ; 0            ; |keccak_prg_xof_adapter|keccak_xof:u_keccak|f_permutation:f_permutation_                    ; f_permutation          ; work         ;
;          |rconst2in1:rconst_|        ; 5.2 (5.2)            ; 6.6 (6.6)                        ; 1.3 (1.3)                                         ; 0.0 (0.0)                        ; 0.0 (0.0)            ; 16 (16)             ; 0 (0)                     ; 0 (0)         ; 0                 ; 0     ; 0          ; 0    ; 0            ; |keccak_prg_xof_adapter|keccak_xof:u_keccak|f_permutation:f_permutation_|rconst2in1:rconst_ ; rconst2in1             ; work         ;
;          |round2in1:round_|          ; 3593.3 (3593.3)      ; 3854.2 (3854.2)                  ; 382.2 (382.2)                                     ; 121.3 (121.3)                    ; 0.0 (0.0)            ; 5980 (5980)         ; 0 (0)                     ; 0 (0)         ; 0                 ; 0     ; 0          ; 0    ; 0            ; |keccak_prg_xof_adapter|keccak_xof:u_keccak|f_permutation:f_permutation_|round2in1:round_   ; round2in1              ; work         ;
;       |padder_fast_2:padder_|        ; 2.8 (2.8)            ; 3.2 (3.2)                        ; 0.3 (0.3)                                         ; 0.0 (0.0)                        ; 0.0 (0.0)            ; 5 (5)               ; 4 (4)                     ; 0 (0)         ; 0                 ; 0     ; 0          ; 0    ; 0            ; |keccak_prg_xof_adapter|keccak_xof:u_keccak|padder_fast_2:padder_                           ; padder_fast_2          ; work         ;
+--------------------------------------+----------------------+----------------------------------+---------------------------------------------------+----------------------------------+----------------------+---------------------+---------------------------+---------------+-------------------+-------+------------+------+--------------+---------------------------------------------------------------------------------------------+------------------------+--------------+
Note: For table entries with two numbers listed, the numbers in parentheses indicate the number of resources of the given type used by the specific entity alone. The numbers listed outside of parentheses indicate the total resources of the given type used by the specific entity and all of its sub-entities in the hierarchy.


+---------------------------------------------------------------------------------------------------------------------------------+
; Delay Chain Summary                                                                                                             ;
+------------------+----------+----+------+------+----+------+-------+--------+------------------------+--------------------------+
; Name             ; Pin Type ; D1 ; D3_0 ; D3_1 ; D4 ; D5   ; D5 OE ; D5 OCT ; T11 (Postamble Gating) ; T11 (Postamble Ungating) ;
+------------------+----------+----+------+------+----+------+-------+--------+------------------------+--------------------------+
; valid            ; Output   ; -- ; --   ; --   ; -- ; (0)  ; (31)  ; --     ; --                     ; --                       ;
; prg_bits[0]      ; Output   ; -- ; --   ; --   ; -- ; (0)  ; (31)  ; --     ; --                     ; --                       ;
; prg_bits[1]      ; Output   ; -- ; --   ; --   ; -- ; (0)  ; (31)  ; --     ; --                     ; --                       ;
; prg_bits[2]      ; Output   ; -- ; --   ; --   ; -- ; (0)  ; (31)  ; --     ; --                     ; --                       ;
; prg_bits[3]      ; Output   ; -- ; --   ; --   ; -- ; (0)  ; (31)  ; --     ; --                     ; --                       ;
; prg_bits[4]      ; Output   ; -- ; --   ; --   ; -- ; (0)  ; (31)  ; --     ; --                     ; --                       ;
; prg_bits[5]      ; Output   ; -- ; --   ; --   ; -- ; (0)  ; (31)  ; --     ; --                     ; --                       ;
; prg_bits[6]      ; Output   ; -- ; --   ; --   ; -- ; (0)  ; (31)  ; --     ; --                     ; --                       ;
; prg_bits[7]      ; Output   ; -- ; --   ; --   ; -- ; (0)  ; (31)  ; --     ; --                     ; --                       ;
; prg_bits[8]      ; Output   ; -- ; --   ; --   ; -- ; (0)  ; (31)  ; --     ; --                     ; --                       ;
; exhausted        ; Output   ; -- ; --   ; --   ; -- ; (0)  ; (31)  ; --     ; --                     ; --                       ;
; sample_count[0]  ; Output   ; -- ; --   ; --   ; -- ; (0)  ; (31)  ; --     ; --                     ; --                       ;
; sample_count[1]  ; Output   ; -- ; --   ; --   ; -- ; (0)  ; (31)  ; --     ; --                     ; --                       ;
; sample_count[2]  ; Output   ; -- ; --   ; --   ; -- ; (0)  ; (31)  ; --     ; --                     ; --                       ;
; sample_count[3]  ; Output   ; -- ; --   ; --   ; -- ; (0)  ; (31)  ; --     ; --                     ; --                       ;
; sample_count[4]  ; Output   ; -- ; --   ; --   ; -- ; (0)  ; (31)  ; --     ; --                     ; --                       ;
; sample_count[5]  ; Output   ; -- ; --   ; --   ; -- ; (0)  ; (31)  ; --     ; --                     ; --                       ;
; sample_count[6]  ; Output   ; -- ; --   ; --   ; -- ; (0)  ; (31)  ; --     ; --                     ; --                       ;
; sample_count[7]  ; Output   ; -- ; --   ; --   ; -- ; (0)  ; (31)  ; --     ; --                     ; --                       ;
; sample_count[8]  ; Output   ; -- ; --   ; --   ; -- ; (0)  ; (31)  ; --     ; --                     ; --                       ;
; sample_count[9]  ; Output   ; -- ; --   ; --   ; -- ; (0)  ; (31)  ; --     ; --                     ; --                       ;
; sample_count[10] ; Output   ; -- ; --   ; --   ; -- ; (0)  ; (31)  ; --     ; --                     ; --                       ;
; sample_count[11] ; Output   ; -- ; --   ; --   ; -- ; (0)  ; (31)  ; --     ; --                     ; --                       ;
; sample_count[12] ; Output   ; -- ; --   ; --   ; -- ; (0)  ; (31)  ; --     ; --                     ; --                       ;
; sample_count[13] ; Output   ; -- ; --   ; --   ; -- ; (0)  ; (31)  ; --     ; --                     ; --                       ;
; sample_count[14] ; Output   ; -- ; --   ; --   ; -- ; (0)  ; (31)  ; --     ; --                     ; --                       ;
; sample_count[15] ; Output   ; -- ; --   ; --   ; -- ; (0)  ; (31)  ; --     ; --                     ; --                       ;
; clk              ; Input    ; -- ; (0)  ; --   ; -- ; --   ; --    ; --     ; --                     ; --                       ;
; ready            ; Input    ; -- ; --   ; (0)  ; -- ; --   ; --    ; --     ; --                     ; --                       ;
; rst_n            ; Input    ; -- ; (0)  ; --   ; -- ; --   ; --    ; --     ; --                     ; --                       ;
; start            ; Input    ; -- ; --   ; (0)  ; -- ; --   ; --    ; --     ; --                     ; --                       ;
+------------------+----------+----+------+------+----+------+-------+--------+------------------------+--------------------------+


+-----------------------------------------------------------------------------------------------------+
; Pad To Core Delay Chain Fanout                                                                      ;
+-----------------------------------------------------------------------+-------------------+---------+
; Source Pin / Fanout                                                   ; Pad To Core Index ; Setting ;
+-----------------------------------------------------------------------+-------------------+---------+
; clk                                                                   ;                   ;         ;
; ready                                                                 ;                   ;         ;
;      - bitbuf~0                                                       ; 1                 ; 0       ;
;      - prg_bits[0]~0                                                  ; 1                 ; 0       ;
;      - bitbuf[102]~3                                                  ; 1                 ; 0       ;
;      - Selector1119~1                                                 ; 1                 ; 0       ;
;      - Selector1119~2                                                 ; 1                 ; 0       ;
; rst_n                                                                 ;                   ;         ;
;      - keccak_xof:u_keccak|f_permutation:f_permutation_|i[7]          ; 0                 ; 0       ;
;      - keccak_xof:u_keccak|f_permutation:f_permutation_|i[2]          ; 0                 ; 0       ;
;      - keccak_xof:u_keccak|f_permutation:f_permutation_|i[3]          ; 0                 ; 0       ;
;      - keccak_xof:u_keccak|f_permutation:f_permutation_|i[4]          ; 0                 ; 0       ;
;      - keccak_xof:u_keccak|f_permutation:f_permutation_|i[5]          ; 0                 ; 0       ;
;      - keccak_xof:u_keccak|f_permutation:f_permutation_|i[6]          ; 0                 ; 0       ;
;      - keccak_xof:u_keccak|f_permutation:f_permutation_|i[10]         ; 0                 ; 0       ;
;      - keccak_xof:u_keccak|f_permutation:f_permutation_|i[8]          ; 0                 ; 0       ;
;      - keccak_xof:u_keccak|f_permutation:f_permutation_|i[9]          ; 0                 ; 0       ;
;      - keccak_xof:u_keccak|f_permutation:f_permutation_|i[0]          ; 0                 ; 0       ;
;      - keccak_xof:u_keccak|f_permutation:f_permutation_|i[1]          ; 0                 ; 0       ;
;      - keccak_xof:u_keccak|out_valid                                  ; 0                 ; 0       ;
;      - keccak_xof:u_keccak|padder_fast_2:padder_|pad_bit              ; 0                 ; 0       ;
;      - keccak_xof:u_keccak|padder_fast_2:padder_|lanes[0][56]         ; 0                 ; 0       ;
;      - keccak_xof:u_keccak|padder_fast_2:padder_|wptr[0]              ; 0                 ; 0       ;
;      - keccak_xof:u_keccak|padder_fast_2:padder_|full                 ; 0                 ; 0       ;
;      - keccak_xof:u_keccak|f_permutation:f_permutation_|out[990]      ; 0                 ; 0       ;
;      - keccak_xof:u_keccak|f_permutation:f_permutation_|out[991]      ; 0                 ; 0       ;
;      - keccak_xof:u_keccak|f_permutation:f_permutation_|out[992]      ; 0                 ; 0       ;
;      - keccak_xof:u_keccak|f_permutation:f_permutation_|out[993]      ; 0                 ; 0       ;
;      - keccak_xof:u_keccak|f_permutation:f_permutation_|out[994]      ; 0                 ; 0       ;
;      - keccak_xof:u_keccak|f_permutation:f_permutation_|out[995]      ; 0                 ; 0       ;
;      - keccak_xof:u_keccak|f_permutation:f_permutation_|out[996]      ; 0                 ; 0       ;
;      - keccak_xof:u_keccak|f_permutation:f_permutation_|out[997]      ; 0                 ; 0       ;
;      - keccak_xof:u_keccak|f_permutation:f_permutation_|out[998]      ; 0                 ; 0       ;
;      - keccak_xof:u_keccak|f_permutation:f_permutation_|out[999]      ; 0                 ; 0       ;
;      - keccak_xof:u_keccak|f_permutation:f_permutation_|out[1000]     ; 0                 ; 0       ;
;      - keccak_xof:u_keccak|f_permutation:f_permutation_|out[1001]     ; 0                 ; 0       ;
;      - keccak_xof:u_keccak|f_permutation:f_permutation_|out[1002]     ; 0                 ; 0       ;
;      - keccak_xof:u_keccak|f_permutation:f_permutation_|out[1003]     ; 0                 ; 0       ;
;      - keccak_xof:u_keccak|f_permutation:f_permutation_|out[1004]     ; 0                 ; 0       ;
;      - keccak_xof:u_keccak|f_permutation:f_permutation_|out[1005]     ; 0                 ; 0       ;
;      - keccak_xof:u_keccak|f_permutation:f_permutation_|out[1006]     ; 0                 ; 0       ;
;      - keccak_xof:u_keccak|f_permutation:f_permutation_|out[1007]     ; 0                 ; 0       ;
;      - keccak_xof:u_keccak|f_permutation:f_permutation_|out[1008]     ; 0                 ; 0       ;
;      - keccak_xof:u_keccak|f_permutation:f_permutation_|out[1009]     ; 0                 ; 0       ;
;      - keccak_xof:u_keccak|f_permutation:f_permutation_|out[1010]     ; 0                 ; 0       ;
;      - keccak_xof:u_keccak|f_permutation:f_permutation_|out[1011]     ; 0                 ; 0       ;
;      - keccak_xof:u_keccak|f_permutation:f_permutation_|out[1012]     ; 0                 ; 0       ;
;      - keccak_xof:u_keccak|f_permutation:f_permutation_|out[1013]     ; 0                 ; 0       ;
;      - keccak_xof:u_keccak|f_permutation:f_permutation_|out[1014]     ; 0                 ; 0       ;
;      - keccak_xof:u_keccak|f_permutation:f_permutation_|out[1015]     ; 0                 ; 0       ;
;      - keccak_xof:u_keccak|f_permutation:f_permutation_|out[1016]     ; 0                 ; 0       ;
;      - keccak_xof:u_keccak|f_permutation:f_permutation_|out[1017]     ; 0                 ; 0       ;
;      - keccak_xof:u_keccak|f_permutation:f_permutation_|out[1018]     ; 0                 ; 0       ;
;      - keccak_xof:u_keccak|f_permutation:f_permutation_|out[1019]     ; 0                 ; 0       ;
;      - keccak_xof:u_keccak|f_permutation:f_permutation_|out[1020]     ; 0                 ; 0       ;
;      - keccak_xof:u_keccak|f_permutation:f_permutation_|out[1021]     ; 0                 ; 0       ;
;      - keccak_xof:u_keccak|f_permutation:f_permutation_|out[1022]     ; 0                 ; 0       ;
;      - keccak_xof:u_keccak|f_permutation:f_permutation_|out[1023]     ; 0                 ; 0       ;
;      - keccak_xof:u_keccak|f_permutation:f_permutation_|out[1024]     ; 0                 ; 0       ;
;      - keccak_xof:u_keccak|f_permutation:f_permutation_|out[1025]     ; 0                 ; 0       ;
;      - keccak_xof:u_keccak|f_permutation:f_permutation_|out[1026]     ; 0                 ; 0       ;
;      - keccak_xof:u_keccak|f_permutation:f_permutation_|out[1027]     ; 0                 ; 0       ;
;      - keccak_xof:u_keccak|f_permutation:f_permutation_|out[1028]     ; 0                 ; 0       ;
;      - keccak_xof:u_keccak|f_permutation:f_permutation_|out[1029]     ; 0                 ; 0       ;
;      - keccak_xof:u_keccak|f_permutation:f_permutation_|out[1030]     ; 0                 ; 0       ;
;      - keccak_xof:u_keccak|f_permutation:f_permutation_|out[1031]     ; 0                 ; 0       ;
;      - keccak_xof:u_keccak|f_permutation:f_permutation_|out[1032]     ; 0                 ; 0       ;
;      - keccak_xof:u_keccak|f_permutation:f_permutation_|out[1033]     ; 0                 ; 0       ;
;      - keccak_xof:u_keccak|f_permutation:f_permutation_|out[1034]     ; 0                 ; 0       ;
;      - keccak_xof:u_keccak|f_permutation:f_permutation_|out[1035]     ; 0                 ; 0       ;
;      - keccak_xof:u_keccak|f_permutation:f_permutation_|out[1036]     ; 0                 ; 0       ;
;      - keccak_xof:u_keccak|f_permutation:f_permutation_|out[1037]     ; 0                 ; 0       ;
;      - keccak_xof:u_keccak|f_permutation:f_permutation_|out[1038]     ; 0                 ; 0       ;
;      - keccak_xof:u_keccak|f_permutation:f_permutation_|out[1039]     ; 0                 ; 0       ;
;      - keccak_xof:u_keccak|f_permutation:f_permutation_|out[1040]     ; 0                 ; 0       ;
;      - keccak_xof:u_keccak|f_permutation:f_permutation_|out[1041]     ; 0                 ; 0       ;
;      - keccak_xof:u_keccak|f_permutation:f_permutation_|out[1042]     ; 0                 ; 0       ;
;      - keccak_xof:u_keccak|f_permutation:f_permutation_|out[1043]     ; 0                 ; 0       ;
;      - keccak_xof:u_keccak|f_permutation:f_permutation_|out[1044]     ; 0                 ; 0       ;
;      - keccak_xof:u_keccak|f_permutation:f_permutation_|out[1045]     ; 0                 ; 0       ;
;      - keccak_xof:u_keccak|f_permutation:f_permutation_|out[1046]     ; 0                 ; 0       ;
;      - keccak_xof:u_keccak|f_permutation:f_permutation_|out[1047]     ; 0                 ; 0       ;
;      - keccak_xof:u_keccak|f_permutation:f_permutation_|out[1048]     ; 0                 ; 0       ;
;      - keccak_xof:u_keccak|f_permutation:f_permutation_|out[1049]     ; 0                 ; 0       ;
;      - keccak_xof:u_keccak|f_permutation:f_permutation_|out[1050]     ; 0                 ; 0       ;
;      - keccak_xof:u_keccak|f_permutation:f_permutation_|out[1051]     ; 0                 ; 0       ;
;      - keccak_xof:u_keccak|f_permutation:f_permutation_|out[1052]     ; 0                 ; 0       ;
;      - keccak_xof:u_keccak|f_permutation:f_permutation_|out[1053]     ; 0                 ; 0       ;
;      - keccak_xof:u_keccak|f_permutation:f_permutation_|out[1054]     ; 0                 ; 0       ;
;      - keccak_xof:u_keccak|f_permutation:f_permutation_|out[1055]     ; 0                 ; 0       ;
;      - keccak_xof:u_keccak|f_permutation:f_permutation_|out[1056]     ; 0                 ; 0       ;
;      - keccak_xof:u_keccak|f_permutation:f_permutation_|out[1057]     ; 0                 ; 0       ;
;      - keccak_xof:u_keccak|f_permutation:f_permutation_|out[1058]     ; 0                 ; 0       ;
;      - keccak_xof:u_keccak|f_permutation:f_permutation_|out[1059]     ; 0                 ; 0       ;
;      - keccak_xof:u_keccak|f_permutation:f_permutation_|out[1060]     ; 0                 ; 0       ;
;      - keccak_xof:u_keccak|f_permutation:f_permutation_|out[1061]     ; 0                 ; 0       ;
;      - keccak_xof:u_keccak|f_permutation:f_permutation_|out[1062]     ; 0                 ; 0       ;
;      - keccak_xof:u_keccak|f_permutation:f_permutation_|out[1063]     ; 0                 ; 0       ;
;      - keccak_xof:u_keccak|f_permutation:f_permutation_|out[1064]     ; 0                 ; 0       ;
;      - keccak_xof:u_keccak|f_permutation:f_permutation_|out[1065]     ; 0                 ; 0       ;
;      - keccak_xof:u_keccak|f_permutation:f_permutation_|out[1066]     ; 0                 ; 0       ;
;      - keccak_xof:u_keccak|f_permutation:f_permutation_|out[1067]     ; 0                 ; 0       ;
;      - keccak_xof:u_keccak|f_permutation:f_permutation_|out[1068]     ; 0                 ; 0       ;
;      - keccak_xof:u_keccak|f_permutation:f_permutation_|out[1069]     ; 0                 ; 0       ;
;      - keccak_xof:u_keccak|f_permutation:f_permutation_|out[1070]     ; 0                 ; 0       ;
;      - keccak_xof:u_keccak|f_permutation:f_permutation_|out[1071]     ; 0                 ; 0       ;
;      - keccak_xof:u_keccak|f_permutation:f_permutation_|out[1072]     ; 0                 ; 0       ;
;      - keccak_xof:u_keccak|f_permutation:f_permutation_|out[1073]     ; 0                 ; 0       ;
;      - keccak_xof:u_keccak|f_permutation:f_permutation_|out[1074]     ; 0                 ; 0       ;
;      - keccak_xof:u_keccak|f_permutation:f_permutation_|out[1075]     ; 0                 ; 0       ;
;      - keccak_xof:u_keccak|f_permutation:f_permutation_|out[1076]     ; 0                 ; 0       ;
;      - keccak_xof:u_keccak|f_permutation:f_permutation_|out[1077]     ; 0                 ; 0       ;
;      - keccak_xof:u_keccak|f_permutation:f_permutation_|out[1078]     ; 0                 ; 0       ;
;      - keccak_xof:u_keccak|f_permutation:f_permutation_|out[1079]     ; 0                 ; 0       ;
;      - keccak_xof:u_keccak|f_permutation:f_permutation_|out[1080]     ; 0                 ; 0       ;
;      - keccak_xof:u_keccak|f_permutation:f_permutation_|out[1081]     ; 0                 ; 0       ;
;      - keccak_xof:u_keccak|f_permutation:f_permutation_|out[1082]     ; 0                 ; 0       ;
;      - keccak_xof:u_keccak|f_permutation:f_permutation_|out[1083]     ; 0                 ; 0       ;
;      - keccak_xof:u_keccak|f_permutation:f_permutation_|out[1084]     ; 0                 ; 0       ;
;      - keccak_xof:u_keccak|f_permutation:f_permutation_|out[1085]     ; 0                 ; 0       ;
;      - keccak_xof:u_keccak|f_permutation:f_permutation_|out[1086]     ; 0                 ; 0       ;
;      - keccak_xof:u_keccak|f_permutation:f_permutation_|out[1087]     ; 0                 ; 0       ;
;      - keccak_xof:u_keccak|f_permutation:f_permutation_|out[1088]     ; 0                 ; 0       ;
;      - keccak_xof:u_keccak|f_permutation:f_permutation_|out[1089]     ; 0                 ; 0       ;
;      - keccak_xof:u_keccak|f_permutation:f_permutation_|out[1090]     ; 0                 ; 0       ;
;      - keccak_xof:u_keccak|f_permutation:f_permutation_|out[1092]     ; 0                 ; 0       ;
;      - keccak_xof:u_keccak|f_permutation:f_permutation_|out[1093]     ; 0                 ; 0       ;
;      - keccak_xof:u_keccak|f_permutation:f_permutation_|out[1094]     ; 0                 ; 0       ;
;      - keccak_xof:u_keccak|f_permutation:f_permutation_|out[1095]     ; 0                 ; 0       ;
;      - keccak_xof:u_keccak|f_permutation:f_permutation_|out[1096]     ; 0                 ; 0       ;
;      - keccak_xof:u_keccak|f_permutation:f_permutation_|out[1097]     ; 0                 ; 0       ;
;      - keccak_xof:u_keccak|f_permutation:f_permutation_|out[1098]     ; 0                 ; 0       ;
;      - keccak_xof:u_keccak|f_permutation:f_permutation_|out[1099]     ; 0                 ; 0       ;
;      - keccak_xof:u_keccak|f_permutation:f_permutation_|out[1100]     ; 0                 ; 0       ;
;      - keccak_xof:u_keccak|f_permutation:f_permutation_|out[1101]     ; 0                 ; 0       ;
;      - keccak_xof:u_keccak|f_permutation:f_permutation_|out[1102]     ; 0                 ; 0       ;
;      - keccak_xof:u_keccak|f_permutation:f_permutation_|out[1103]     ; 0                 ; 0       ;
;      - keccak_xof:u_keccak|f_permutation:f_permutation_|out[1104]     ; 0                 ; 0       ;
;      - keccak_xof:u_keccak|f_permutation:f_permutation_|out[1105]     ; 0                 ; 0       ;
;      - keccak_xof:u_keccak|f_permutation:f_permutation_|out[1106]     ; 0                 ; 0       ;
;      - keccak_xof:u_keccak|f_permutation:f_permutation_|out[1107]     ; 0                 ; 0       ;
;      - keccak_xof:u_keccak|f_permutation:f_permutation_|out[1108]     ; 0                 ; 0       ;
;      - keccak_xof:u_keccak|f_permutation:f_permutation_|out[1109]     ; 0                 ; 0       ;
;      - keccak_xof:u_keccak|f_permutation:f_permutation_|out[1110]     ; 0                 ; 0       ;
;      - keccak_xof:u_keccak|f_permutation:f_permutation_|out[1111]     ; 0                 ; 0       ;
;      - keccak_xof:u_keccak|f_permutation:f_permutation_|out[1112]     ; 0                 ; 0       ;
;      - keccak_xof:u_keccak|f_permutation:f_permutation_|out[1113]     ; 0                 ; 0       ;
;      - keccak_xof:u_keccak|f_permutation:f_permutation_|out[1114]     ; 0                 ; 0       ;
;      - keccak_xof:u_keccak|f_permutation:f_permutation_|out[1115]     ; 0                 ; 0       ;
;      - keccak_xof:u_keccak|f_permutation:f_permutation_|out[1116]     ; 0                 ; 0       ;
;      - keccak_xof:u_keccak|f_permutation:f_permutation_|out[1117]     ; 0                 ; 0       ;
;      - keccak_xof:u_keccak|f_permutation:f_permutation_|out[1118]     ; 0                 ; 0       ;
;      - keccak_xof:u_keccak|f_permutation:f_permutation_|out[1119]     ; 0                 ; 0       ;
;      - keccak_xof:u_keccak|f_permutation:f_permutation_|out[1120]     ; 0                 ; 0       ;
;      - keccak_xof:u_keccak|f_permutation:f_permutation_|out[1121]     ; 0                 ; 0       ;
;      - keccak_xof:u_keccak|f_permutation:f_permutation_|out[1122]     ; 0                 ; 0       ;
;      - keccak_xof:u_keccak|f_permutation:f_permutation_|out[1123]     ; 0                 ; 0       ;
;      - keccak_xof:u_keccak|f_permutation:f_permutation_|out[1124]     ; 0                 ; 0       ;
;      - keccak_xof:u_keccak|f_permutation:f_permutation_|out[1125]     ; 0                 ; 0       ;
;      - keccak_xof:u_keccak|f_permutation:f_permutation_|out[1126]     ; 0                 ; 0       ;
;      - keccak_xof:u_keccak|f_permutation:f_permutation_|out[1127]     ; 0                 ; 0       ;
;      - keccak_xof:u_keccak|f_permutation:f_permutation_|out[1128]     ; 0                 ; 0       ;
;      - keccak_xof:u_keccak|f_permutation:f_permutation_|out[1129]     ; 0                 ; 0       ;
;      - keccak_xof:u_keccak|f_permutation:f_permutation_|out[1130]     ; 0                 ; 0       ;
;      - keccak_xof:u_keccak|f_permutation:f_permutation_|out[1131]     ; 0                 ; 0       ;
;      - keccak_xof:u_keccak|f_permutation:f_permutation_|out[1132]     ; 0                 ; 0       ;
;      - keccak_xof:u_keccak|f_permutation:f_permutation_|out[1133]     ; 0                 ; 0       ;
;      - keccak_xof:u_keccak|f_permutation:f_permutation_|out[1134]     ; 0                 ; 0       ;
;      - keccak_xof:u_keccak|f_permutation:f_permutation_|out[1135]     ; 0                 ; 0       ;
;      - keccak_xof:u_keccak|f_permutation:f_permutation_|out[1136]     ; 0                 ; 0       ;
;      - keccak_xof:u_keccak|f_permutation:f_permutation_|out[1137]     ; 0                 ; 0       ;
;      - keccak_xof:u_keccak|f_permutation:f_permutation_|out[1138]     ; 0                 ; 0       ;
;      - keccak_xof:u_keccak|f_permutation:f_permutation_|out[1139]     ; 0                 ; 0       ;
;      - keccak_xof:u_keccak|f_permutation:f_permutation_|out[1140]     ; 0                 ; 0       ;
;      - keccak_xof:u_keccak|f_permutation:f_permutation_|out[1141]     ; 0                 ; 0       ;
;      - keccak_xof:u_keccak|f_permutation:f_permutation_|out[1142]     ; 0                 ; 0       ;
;      - keccak_xof:u_keccak|f_permutation:f_permutation_|out[1143]     ; 0                 ; 0       ;
;      - keccak_xof:u_keccak|f_permutation:f_permutation_|out[1144]     ; 0                 ; 0       ;
;      - keccak_xof:u_keccak|f_permutation:f_permutation_|out[1145]     ; 0                 ; 0       ;
;      - keccak_xof:u_keccak|f_permutation:f_permutation_|out[1146]     ; 0                 ; 0       ;
;      - keccak_xof:u_keccak|f_permutation:f_permutation_|out[1147]     ; 0                 ; 0       ;
;      - keccak_xof:u_keccak|f_permutation:f_permutation_|out[1148]     ; 0                 ; 0       ;
;      - keccak_xof:u_keccak|f_permutation:f_permutation_|out[1149]     ; 0                 ; 0       ;
;      - keccak_xof:u_keccak|f_permutation:f_permutation_|out[1150]     ; 0                 ; 0       ;
;      - keccak_xof:u_keccak|f_permutation:f_permutation_|out[1151]     ; 0                 ; 0       ;
;      - keccak_xof:u_keccak|f_permutation:f_permutation_|out[1152]     ; 0                 ; 0       ;
;      - keccak_xof:u_keccak|f_permutation:f_permutation_|out[1153]     ; 0                 ; 0       ;
;      - keccak_xof:u_keccak|f_permutation:f_permutation_|out[1154]     ; 0                 ; 0       ;
;      - keccak_xof:u_keccak|f_permutation:f_permutation_|out[1155]     ; 0                 ; 0       ;
;      - keccak_xof:u_keccak|f_permutation:f_permutation_|out[1156]     ; 0                 ; 0       ;
;      - keccak_xof:u_keccak|f_permutation:f_permutation_|out[1157]     ; 0                 ; 0       ;
;      - keccak_xof:u_keccak|f_permutation:f_permutation_|out[1158]     ; 0                 ; 0       ;
;      - keccak_xof:u_keccak|f_permutation:f_permutation_|out[1159]     ; 0                 ; 0       ;
;      - keccak_xof:u_keccak|f_permutation:f_permutation_|out[1160]     ; 0                 ; 0       ;
;      - keccak_xof:u_keccak|f_permutation:f_permutation_|out[1161]     ; 0                 ; 0       ;
;      - keccak_xof:u_keccak|f_permutation:f_permutation_|out[1162]     ; 0                 ; 0       ;
;      - keccak_xof:u_keccak|f_permutation:f_permutation_|out[1163]     ; 0                 ; 0       ;
;      - keccak_xof:u_keccak|f_permutation:f_permutation_|out[1164]     ; 0                 ; 0       ;
;      - keccak_xof:u_keccak|f_permutation:f_permutation_|out[1165]     ; 0                 ; 0       ;
;      - keccak_xof:u_keccak|f_permutation:f_permutation_|out[1166]     ; 0                 ; 0       ;
;      - keccak_xof:u_keccak|f_permutation:f_permutation_|out[1167]     ; 0                 ; 0       ;
;      - keccak_xof:u_keccak|f_permutation:f_permutation_|out[1168]     ; 0                 ; 0       ;
;      - keccak_xof:u_keccak|f_permutation:f_permutation_|out[1169]     ; 0                 ; 0       ;
;      - keccak_xof:u_keccak|f_permutation:f_permutation_|out[1170]     ; 0                 ; 0       ;
;      - keccak_xof:u_keccak|f_permutation:f_permutation_|out[1171]     ; 0                 ; 0       ;
;      - keccak_xof:u_keccak|f_permutation:f_permutation_|out[1172]     ; 0                 ; 0       ;
;      - keccak_xof:u_keccak|f_permutation:f_permutation_|out[1173]     ; 0                 ; 0       ;
;      - keccak_xof:u_keccak|f_permutation:f_permutation_|out[1174]     ; 0                 ; 0       ;
;      - keccak_xof:u_keccak|f_permutation:f_permutation_|out[1175]     ; 0                 ; 0       ;
;      - keccak_xof:u_keccak|f_permutation:f_permutation_|out[1176]     ; 0                 ; 0       ;
;      - keccak_xof:u_keccak|f_permutation:f_permutation_|out[1177]     ; 0                 ; 0       ;
;      - keccak_xof:u_keccak|f_permutation:f_permutation_|out[1178]     ; 0                 ; 0       ;
;      - keccak_xof:u_keccak|f_permutation:f_permutation_|out[1179]     ; 0                 ; 0       ;
;      - keccak_xof:u_keccak|f_permutation:f_permutation_|out[1180]     ; 0                 ; 0       ;
;      - keccak_xof:u_keccak|f_permutation:f_permutation_|out[1181]     ; 0                 ; 0       ;
;      - keccak_xof:u_keccak|f_permutation:f_permutation_|out[1182]     ; 0                 ; 0       ;
;      - keccak_xof:u_keccak|f_permutation:f_permutation_|out[1183]     ; 0                 ; 0       ;
;      - keccak_xof:u_keccak|f_permutation:f_permutation_|out[1184]     ; 0                 ; 0       ;
;      - keccak_xof:u_keccak|f_permutation:f_permutation_|out[1185]     ; 0                 ; 0       ;
;      - keccak_xof:u_keccak|f_permutation:f_permutation_|out[1186]     ; 0                 ; 0       ;
;      - keccak_xof:u_keccak|f_permutation:f_permutation_|out[1187]     ; 0                 ; 0       ;
;      - keccak_xof:u_keccak|f_permutation:f_permutation_|out[1188]     ; 0                 ; 0       ;
;      - keccak_xof:u_keccak|f_permutation:f_permutation_|out[1189]     ; 0                 ; 0       ;
;      - keccak_xof:u_keccak|f_permutation:f_permutation_|out[1190]     ; 0                 ; 0       ;
;      - keccak_xof:u_keccak|f_permutation:f_permutation_|out[1191]     ; 0                 ; 0       ;
;      - keccak_xof:u_keccak|f_permutation:f_permutation_|out[1192]     ; 0                 ; 0       ;
;      - keccak_xof:u_keccak|f_permutation:f_permutation_|out[1193]     ; 0                 ; 0       ;
;      - keccak_xof:u_keccak|f_permutation:f_permutation_|out[1194]     ; 0                 ; 0       ;
;      - keccak_xof:u_keccak|f_permutation:f_permutation_|out[1195]     ; 0                 ; 0       ;
;      - keccak_xof:u_keccak|f_permutation:f_permutation_|out[1196]     ; 0                 ; 0       ;
;      - keccak_xof:u_keccak|f_permutation:f_permutation_|out[1197]     ; 0                 ; 0       ;
;      - keccak_xof:u_keccak|f_permutation:f_permutation_|out[1198]     ; 0                 ; 0       ;
;      - keccak_xof:u_keccak|f_permutation:f_permutation_|out[1199]     ; 0                 ; 0       ;
;      - keccak_xof:u_keccak|f_permutation:f_permutation_|out[1200]     ; 0                 ; 0       ;
;      - keccak_xof:u_keccak|f_permutation:f_permutation_|out[1201]     ; 0                 ; 0       ;
;      - keccak_xof:u_keccak|f_permutation:f_permutation_|out[1202]     ; 0                 ; 0       ;
;      - keccak_xof:u_keccak|f_permutation:f_permutation_|out[1203]     ; 0                 ; 0       ;
;      - keccak_xof:u_keccak|f_permutation:f_permutation_|out[1204]     ; 0                 ; 0       ;
;      - keccak_xof:u_keccak|f_permutation:f_permutation_|out[1205]     ; 0                 ; 0       ;
;      - keccak_xof:u_keccak|f_permutation:f_permutation_|out[1206]     ; 0                 ; 0       ;
;      - keccak_xof:u_keccak|f_permutation:f_permutation_|out[1207]     ; 0                 ; 0       ;
;      - keccak_xof:u_keccak|f_permutation:f_permutation_|out[1208]     ; 0                 ; 0       ;
;      - keccak_xof:u_keccak|f_permutation:f_permutation_|out[1209]     ; 0                 ; 0       ;
;      - keccak_xof:u_keccak|f_permutation:f_permutation_|out[1210]     ; 0                 ; 0       ;
;      - keccak_xof:u_keccak|f_permutation:f_permutation_|out[1211]     ; 0                 ; 0       ;
;      - keccak_xof:u_keccak|f_permutation:f_permutation_|out[1212]     ; 0                 ; 0       ;
;      - keccak_xof:u_keccak|f_permutation:f_permutation_|out[1213]     ; 0                 ; 0       ;
;      - keccak_xof:u_keccak|f_permutation:f_permutation_|out[1214]     ; 0                 ; 0       ;
;      - keccak_xof:u_keccak|f_permutation:f_permutation_|out[1215]     ; 0                 ; 0       ;
;      - keccak_xof:u_keccak|f_permutation:f_permutation_|out[1216]     ; 0                 ; 0       ;
;      - keccak_xof:u_keccak|f_permutation:f_permutation_|out[1217]     ; 0                 ; 0       ;
;      - keccak_xof:u_keccak|f_permutation:f_permutation_|out[1218]     ; 0                 ; 0       ;
;      - keccak_xof:u_keccak|f_permutation:f_permutation_|out[1219]     ; 0                 ; 0       ;
;      - keccak_xof:u_keccak|f_permutation:f_permutation_|out[1220]     ; 0                 ; 0       ;
;      - keccak_xof:u_keccak|f_permutation:f_permutation_|out[1221]     ; 0                 ; 0       ;
;      - keccak_xof:u_keccak|f_permutation:f_permutation_|out[1222]     ; 0                 ; 0       ;
;      - keccak_xof:u_keccak|f_permutation:f_permutation_|out[1223]     ; 0                 ; 0       ;
;      - keccak_xof:u_keccak|f_permutation:f_permutation_|out[1224]     ; 0                 ; 0       ;
;      - keccak_xof:u_keccak|f_permutation:f_permutation_|out[1225]     ; 0                 ; 0       ;
;      - keccak_xof:u_keccak|f_permutation:f_permutation_|out[1226]     ; 0                 ; 0       ;
;      - keccak_xof:u_keccak|f_permutation:f_permutation_|out[1227]     ; 0                 ; 0       ;
;      - keccak_xof:u_keccak|f_permutation:f_permutation_|out[1228]     ; 0                 ; 0       ;
;      - keccak_xof:u_keccak|f_permutation:f_permutation_|out[1229]     ; 0                 ; 0       ;
;      - keccak_xof:u_keccak|f_permutation:f_permutation_|out[1230]     ; 0                 ; 0       ;
;      - keccak_xof:u_keccak|f_permutation:f_permutation_|out[1231]     ; 0                 ; 0       ;
;      - keccak_xof:u_keccak|f_permutation:f_permutation_|out[1232]     ; 0                 ; 0       ;
;      - keccak_xof:u_keccak|f_permutation:f_permutation_|out[1233]     ; 0                 ; 0       ;
;      - keccak_xof:u_keccak|f_permutation:f_permutation_|out[1234]     ; 0                 ; 0       ;
;      - keccak_xof:u_keccak|f_permutation:f_permutation_|out[1235]     ; 0                 ; 0       ;
;      - keccak_xof:u_keccak|f_permutation:f_permutation_|out[1236]     ; 0                 ; 0       ;
;      - keccak_xof:u_keccak|f_permutation:f_permutation_|out[1237]     ; 0                 ; 0       ;
;      - keccak_xof:u_keccak|f_permutation:f_permutation_|out[1238]     ; 0                 ; 0       ;
;      - keccak_xof:u_keccak|f_permutation:f_permutation_|out[1239]     ; 0                 ; 0       ;
;      - keccak_xof:u_keccak|f_permutation:f_permutation_|out[1240]     ; 0                 ; 0       ;
;      - keccak_xof:u_keccak|f_permutation:f_permutation_|out[1241]     ; 0                 ; 0       ;
;      - keccak_xof:u_keccak|f_permutation:f_permutation_|out[1242]     ; 0                 ; 0       ;
;      - keccak_xof:u_keccak|f_permutation:f_permutation_|out[1243]     ; 0                 ; 0       ;
;      - keccak_xof:u_keccak|f_permutation:f_permutation_|out[1244]     ; 0                 ; 0       ;
;      - keccak_xof:u_keccak|f_permutation:f_permutation_|out[1245]     ; 0                 ; 0       ;
;      - keccak_xof:u_keccak|f_permutation:f_permutation_|out[1246]     ; 0                 ; 0       ;
;      - keccak_xof:u_keccak|f_permutation:f_permutation_|out[1247]     ; 0                 ; 0       ;
;      - keccak_xof:u_keccak|f_permutation:f_permutation_|out[1248]     ; 0                 ; 0       ;
;      - keccak_xof:u_keccak|f_permutation:f_permutation_|out[1249]     ; 0                 ; 0       ;
;      - keccak_xof:u_keccak|f_permutation:f_permutation_|out[1250]     ; 0                 ; 0       ;
;      - keccak_xof:u_keccak|f_permutation:f_permutation_|out[1251]     ; 0                 ; 0       ;
;      - keccak_xof:u_keccak|f_permutation:f_permutation_|out[1252]     ; 0                 ; 0       ;
;      - keccak_xof:u_keccak|f_permutation:f_permutation_|out[1253]     ; 0                 ; 0       ;
;      - keccak_xof:u_keccak|f_permutation:f_permutation_|out[1254]     ; 0                 ; 0       ;
;      - keccak_xof:u_keccak|f_permutation:f_permutation_|out[1255]     ; 0                 ; 0       ;
;      - keccak_xof:u_keccak|f_permutation:f_permutation_|out[1256]     ; 0                 ; 0       ;
;      - keccak_xof:u_keccak|f_permutation:f_permutation_|out[1257]     ; 0                 ; 0       ;
;      - keccak_xof:u_keccak|f_permutation:f_permutation_|out[1258]     ; 0                 ; 0       ;
;      - keccak_xof:u_keccak|f_permutation:f_permutation_|out[1259]     ; 0                 ; 0       ;
;      - keccak_xof:u_keccak|f_permutation:f_permutation_|out[1260]     ; 0                 ; 0       ;
;      - keccak_xof:u_keccak|f_permutation:f_permutation_|out[1261]     ; 0                 ; 0       ;
;      - keccak_xof:u_keccak|f_permutation:f_permutation_|out[1262]     ; 0                 ; 0       ;
;      - keccak_xof:u_keccak|f_permutation:f_permutation_|out[1263]     ; 0                 ; 0       ;
;      - keccak_xof:u_keccak|f_permutation:f_permutation_|out[1264]     ; 0                 ; 0       ;
;      - keccak_xof:u_keccak|f_permutation:f_permutation_|out[1265]     ; 0                 ; 0       ;
;      - keccak_xof:u_keccak|f_permutation:f_permutation_|out[1266]     ; 0                 ; 0       ;
;      - keccak_xof:u_keccak|f_permutation:f_permutation_|out[1267]     ; 0                 ; 0       ;
;      - keccak_xof:u_keccak|f_permutation:f_permutation_|out[1268]     ; 0                 ; 0       ;
;      - keccak_xof:u_keccak|f_permutation:f_permutation_|out[1269]     ; 0                 ; 0       ;
;      - keccak_xof:u_keccak|f_permutation:f_permutation_|out[1270]     ; 0                 ; 0       ;
;      - keccak_xof:u_keccak|f_permutation:f_permutation_|out[1271]     ; 0                 ; 0       ;
;      - keccak_xof:u_keccak|f_permutation:f_permutation_|out[1272]     ; 0                 ; 0       ;
;      - keccak_xof:u_keccak|f_permutation:f_permutation_|out[1273]     ; 0                 ; 0       ;
;      - keccak_xof:u_keccak|f_permutation:f_permutation_|out[1274]     ; 0                 ; 0       ;
;      - keccak_xof:u_keccak|f_permutation:f_permutation_|out[1275]     ; 0                 ; 0       ;
;      - keccak_xof:u_keccak|f_permutation:f_permutation_|out[1276]     ; 0                 ; 0       ;
;      - keccak_xof:u_keccak|f_permutation:f_permutation_|out[1277]     ; 0                 ; 0       ;
;      - keccak_xof:u_keccak|f_permutation:f_permutation_|out[1278]     ; 0                 ; 0       ;
;      - keccak_xof:u_keccak|f_permutation:f_permutation_|out[1279]     ; 0                 ; 0       ;
;      - keccak_xof:u_keccak|f_permutation:f_permutation_|out[1280]     ; 0                 ; 0       ;
;      - keccak_xof:u_keccak|f_permutation:f_permutation_|out[1281]     ; 0                 ; 0       ;
;      - keccak_xof:u_keccak|f_permutation:f_permutation_|out[1282]     ; 0                 ; 0       ;
;      - keccak_xof:u_keccak|f_permutation:f_permutation_|out[1283]     ; 0                 ; 0       ;
;      - keccak_xof:u_keccak|f_permutation:f_permutation_|out[1284]     ; 0                 ; 0       ;
;      - keccak_xof:u_keccak|f_permutation:f_permutation_|out[1285]     ; 0                 ; 0       ;
;      - keccak_xof:u_keccak|f_permutation:f_permutation_|out[1286]     ; 0                 ; 0       ;
;      - keccak_xof:u_keccak|f_permutation:f_permutation_|out[1287]     ; 0                 ; 0       ;
;      - keccak_xof:u_keccak|f_permutation:f_permutation_|out[1288]     ; 0                 ; 0       ;
;      - keccak_xof:u_keccak|f_permutation:f_permutation_|out[1289]     ; 0                 ; 0       ;
;      - keccak_xof:u_keccak|f_permutation:f_permutation_|out[1290]     ; 0                 ; 0       ;
;      - keccak_xof:u_keccak|f_permutation:f_permutation_|out[1291]     ; 0                 ; 0       ;
;      - keccak_xof:u_keccak|f_permutation:f_permutation_|out[1292]     ; 0                 ; 0       ;
;      - keccak_xof:u_keccak|f_permutation:f_permutation_|out[1293]     ; 0                 ; 0       ;
;      - keccak_xof:u_keccak|f_permutation:f_permutation_|out[1294]     ; 0                 ; 0       ;
;      - keccak_xof:u_keccak|f_permutation:f_permutation_|out[1295]     ; 0                 ; 0       ;
;      - keccak_xof:u_keccak|f_permutation:f_permutation_|out[1296]     ; 0                 ; 0       ;
;      - keccak_xof:u_keccak|f_permutation:f_permutation_|out[1297]     ; 0                 ; 0       ;
;      - keccak_xof:u_keccak|f_permutation:f_permutation_|out[1298]     ; 0                 ; 0       ;
;      - keccak_xof:u_keccak|f_permutation:f_permutation_|out[1299]     ; 0                 ; 0       ;
;      - keccak_xof:u_keccak|f_permutation:f_permutation_|out[1300]     ; 0                 ; 0       ;
;      - keccak_xof:u_keccak|f_permutation:f_permutation_|out[1301]     ; 0                 ; 0       ;
;      - keccak_xof:u_keccak|f_permutation:f_permutation_|out[1302]     ; 0                 ; 0       ;
;      - keccak_xof:u_keccak|f_permutation:f_permutation_|out[1303]     ; 0                 ; 0       ;
;      - keccak_xof:u_keccak|f_permutation:f_permutation_|out[1304]     ; 0                 ; 0       ;
;      - keccak_xof:u_keccak|f_permutation:f_permutation_|out[1305]     ; 0                 ; 0       ;
;      - keccak_xof:u_keccak|f_permutation:f_permutation_|out[1306]     ; 0                 ; 0       ;
;      - keccak_xof:u_keccak|f_permutation:f_permutation_|out[1307]     ; 0                 ; 0       ;
;      - keccak_xof:u_keccak|f_permutation:f_permutation_|out[1308]     ; 0                 ; 0       ;
;      - keccak_xof:u_keccak|f_permutation:f_permutation_|out[1309]     ; 0                 ; 0       ;
;      - keccak_xof:u_keccak|f_permutation:f_permutation_|out[1310]     ; 0                 ; 0       ;
;      - keccak_xof:u_keccak|f_permutation:f_permutation_|out[1311]     ; 0                 ; 0       ;
;      - keccak_xof:u_keccak|f_permutation:f_permutation_|out[1312]     ; 0                 ; 0       ;
;      - keccak_xof:u_keccak|f_permutation:f_permutation_|out[1313]     ; 0                 ; 0       ;
;      - keccak_xof:u_keccak|f_permutation:f_permutation_|out[1314]     ; 0                 ; 0       ;
;      - keccak_xof:u_keccak|f_permutation:f_permutation_|out[1315]     ; 0                 ; 0       ;
;      - keccak_xof:u_keccak|f_permutation:f_permutation_|out[1316]     ; 0                 ; 0       ;
;      - keccak_xof:u_keccak|f_permutation:f_permutation_|out[1317]     ; 0                 ; 0       ;
;      - keccak_xof:u_keccak|f_permutation:f_permutation_|out[1318]     ; 0                 ; 0       ;
;      - keccak_xof:u_keccak|f_permutation:f_permutation_|out[1319]     ; 0                 ; 0       ;
;      - keccak_xof:u_keccak|f_permutation:f_permutation_|out[1320]     ; 0                 ; 0       ;
;      - keccak_xof:u_keccak|f_permutation:f_permutation_|out[1321]     ; 0                 ; 0       ;
;      - keccak_xof:u_keccak|f_permutation:f_permutation_|out[1322]     ; 0                 ; 0       ;
;      - keccak_xof:u_keccak|f_permutation:f_permutation_|out[1323]     ; 0                 ; 0       ;
;      - keccak_xof:u_keccak|f_permutation:f_permutation_|out[1324]     ; 0                 ; 0       ;
;      - keccak_xof:u_keccak|f_permutation:f_permutation_|out[1325]     ; 0                 ; 0       ;
;      - keccak_xof:u_keccak|f_permutation:f_permutation_|out[1326]     ; 0                 ; 0       ;
;      - keccak_xof:u_keccak|f_permutation:f_permutation_|out[1327]     ; 0                 ; 0       ;
;      - keccak_xof:u_keccak|f_permutation:f_permutation_|out[1328]     ; 0                 ; 0       ;
;      - keccak_xof:u_keccak|f_permutation:f_permutation_|out[1329]     ; 0                 ; 0       ;
;      - keccak_xof:u_keccak|f_permutation:f_permutation_|out[1330]     ; 0                 ; 0       ;
;      - keccak_xof:u_keccak|f_permutation:f_permutation_|out[1091]     ; 0                 ; 0       ;
;      - keccak_xof:u_keccak|f_permutation:f_permutation_|out[1331]     ; 0                 ; 0       ;
;      - keccak_xof:u_keccak|f_permutation:f_permutation_|out[1332]     ; 0                 ; 0       ;
;      - keccak_xof:u_keccak|f_permutation:f_permutation_|out[1333]     ; 0                 ; 0       ;
;      - keccak_xof:u_keccak|f_permutation:f_permutation_|out[1334]     ; 0                 ; 0       ;
;      - keccak_xof:u_keccak|f_permutation:f_permutation_|out[1335]     ; 0                 ; 0       ;
;      - keccak_xof:u_keccak|f_permutation:f_permutation_|out[1336]     ; 0                 ; 0       ;
;      - keccak_xof:u_keccak|f_permutation:f_permutation_|out[1337]     ; 0                 ; 0       ;
;      - keccak_xof:u_keccak|f_permutation:f_permutation_|out[1338]     ; 0                 ; 0       ;
;      - keccak_xof:u_keccak|f_permutation:f_permutation_|out[1339]     ; 0                 ; 0       ;
;      - keccak_xof:u_keccak|f_permutation:f_permutation_|out[1340]     ; 0                 ; 0       ;
;      - keccak_xof:u_keccak|f_permutation:f_permutation_|out[1341]     ; 0                 ; 0       ;
;      - keccak_xof:u_keccak|f_permutation:f_permutation_|out[1342]     ; 0                 ; 0       ;
;      - keccak_xof:u_keccak|f_permutation:f_permutation_|out[1343]     ; 0                 ; 0       ;
;      - keccak_xof:u_keccak|f_permutation:f_permutation_|out[1344]     ; 0                 ; 0       ;
;      - keccak_xof:u_keccak|f_permutation:f_permutation_|out[1345]     ; 0                 ; 0       ;
;      - keccak_xof:u_keccak|f_permutation:f_permutation_|out[1346]     ; 0                 ; 0       ;
;      - keccak_xof:u_keccak|f_permutation:f_permutation_|out[1347]     ; 0                 ; 0       ;
;      - keccak_xof:u_keccak|f_permutation:f_permutation_|out[1348]     ; 0                 ; 0       ;
;      - keccak_xof:u_keccak|f_permutation:f_permutation_|out[1349]     ; 0                 ; 0       ;
;      - keccak_xof:u_keccak|f_permutation:f_permutation_|out[1350]     ; 0                 ; 0       ;
;      - keccak_xof:u_keccak|f_permutation:f_permutation_|out[1351]     ; 0                 ; 0       ;
;      - keccak_xof:u_keccak|f_permutation:f_permutation_|out[1352]     ; 0                 ; 0       ;
;      - keccak_xof:u_keccak|f_permutation:f_permutation_|out[1353]     ; 0                 ; 0       ;
;      - keccak_xof:u_keccak|f_permutation:f_permutation_|out[1354]     ; 0                 ; 0       ;
;      - keccak_xof:u_keccak|f_permutation:f_permutation_|out[1355]     ; 0                 ; 0       ;
;      - keccak_xof:u_keccak|f_permutation:f_permutation_|out[1356]     ; 0                 ; 0       ;
;      - keccak_xof:u_keccak|f_permutation:f_permutation_|out[1357]     ; 0                 ; 0       ;
;      - keccak_xof:u_keccak|f_permutation:f_permutation_|out[1358]     ; 0                 ; 0       ;
;      - keccak_xof:u_keccak|f_permutation:f_permutation_|out[1359]     ; 0                 ; 0       ;
;      - keccak_xof:u_keccak|f_permutation:f_permutation_|out[1360]     ; 0                 ; 0       ;
;      - keccak_xof:u_keccak|f_permutation:f_permutation_|out[1361]     ; 0                 ; 0       ;
;      - keccak_xof:u_keccak|f_permutation:f_permutation_|out[1362]     ; 0                 ; 0       ;
;      - keccak_xof:u_keccak|f_permutation:f_permutation_|out[1363]     ; 0                 ; 0       ;
;      - keccak_xof:u_keccak|f_permutation:f_permutation_|out[1364]     ; 0                 ; 0       ;
;      - keccak_xof:u_keccak|f_permutation:f_permutation_|out[1365]     ; 0                 ; 0       ;
;      - keccak_xof:u_keccak|f_permutation:f_permutation_|out[1366]     ; 0                 ; 0       ;
;      - keccak_xof:u_keccak|f_permutation:f_permutation_|out[1367]     ; 0                 ; 0       ;
;      - keccak_xof:u_keccak|f_permutation:f_permutation_|out[1368]     ; 0                 ; 0       ;
;      - keccak_xof:u_keccak|f_permutation:f_permutation_|out[1369]     ; 0                 ; 0       ;
;      - keccak_xof:u_keccak|f_permutation:f_permutation_|out[1370]     ; 0                 ; 0       ;
;      - keccak_xof:u_keccak|f_permutation:f_permutation_|out[1371]     ; 0                 ; 0       ;
;      - keccak_xof:u_keccak|f_permutation:f_permutation_|out[1372]     ; 0                 ; 0       ;
;      - keccak_xof:u_keccak|f_permutation:f_permutation_|out[1373]     ; 0                 ; 0       ;
;      - keccak_xof:u_keccak|f_permutation:f_permutation_|out[1374]     ; 0                 ; 0       ;
;      - keccak_xof:u_keccak|f_permutation:f_permutation_|out[1375]     ; 0                 ; 0       ;
;      - keccak_xof:u_keccak|f_permutation:f_permutation_|out[1376]     ; 0                 ; 0       ;
;      - keccak_xof:u_keccak|f_permutation:f_permutation_|out[1377]     ; 0                 ; 0       ;
;      - keccak_xof:u_keccak|f_permutation:f_permutation_|out[1378]     ; 0                 ; 0       ;
;      - keccak_xof:u_keccak|f_permutation:f_permutation_|out[1379]     ; 0                 ; 0       ;
;      - keccak_xof:u_keccak|f_permutation:f_permutation_|out[1380]     ; 0                 ; 0       ;
;      - keccak_xof:u_keccak|f_permutation:f_permutation_|out[1381]     ; 0                 ; 0       ;
;      - keccak_xof:u_keccak|f_permutation:f_permutation_|out[1382]     ; 0                 ; 0       ;
;      - keccak_xof:u_keccak|f_permutation:f_permutation_|out[1383]     ; 0                 ; 0       ;
;      - keccak_xof:u_keccak|f_permutation:f_permutation_|out[1384]     ; 0                 ; 0       ;
;      - keccak_xof:u_keccak|f_permutation:f_permutation_|out[1385]     ; 0                 ; 0       ;
;      - keccak_xof:u_keccak|f_permutation:f_permutation_|out[1386]     ; 0                 ; 0       ;
;      - keccak_xof:u_keccak|f_permutation:f_permutation_|out[1387]     ; 0                 ; 0       ;
;      - keccak_xof:u_keccak|f_permutation:f_permutation_|out[1388]     ; 0                 ; 0       ;
;      - keccak_xof:u_keccak|f_permutation:f_permutation_|out[1389]     ; 0                 ; 0       ;
;      - keccak_xof:u_keccak|f_permutation:f_permutation_|out[1390]     ; 0                 ; 0       ;
;      - keccak_xof:u_keccak|f_permutation:f_permutation_|out[1391]     ; 0                 ; 0       ;
;      - keccak_xof:u_keccak|f_permutation:f_permutation_|out[1392]     ; 0                 ; 0       ;
;      - keccak_xof:u_keccak|f_permutation:f_permutation_|out[1393]     ; 0                 ; 0       ;
;      - keccak_xof:u_keccak|f_permutation:f_permutation_|out[1394]     ; 0                 ; 0       ;
;      - keccak_xof:u_keccak|f_permutation:f_permutation_|out[1395]     ; 0                 ; 0       ;
;      - keccak_xof:u_keccak|f_permutation:f_permutation_|out[1396]     ; 0                 ; 0       ;
;      - keccak_xof:u_keccak|f_permutation:f_permutation_|out[1397]     ; 0                 ; 0       ;
;      - keccak_xof:u_keccak|f_permutation:f_permutation_|out[1398]     ; 0                 ; 0       ;
;      - keccak_xof:u_keccak|f_permutation:f_permutation_|out[1399]     ; 0                 ; 0       ;
;      - keccak_xof:u_keccak|f_permutation:f_permutation_|out[1400]     ; 0                 ; 0       ;
;      - keccak_xof:u_keccak|f_permutation:f_permutation_|out[1401]     ; 0                 ; 0       ;
;      - keccak_xof:u_keccak|f_permutation:f_permutation_|out[1402]     ; 0                 ; 0       ;
;      - keccak_xof:u_keccak|f_permutation:f_permutation_|out[1403]     ; 0                 ; 0       ;
;      - keccak_xof:u_keccak|f_permutation:f_permutation_|out[1404]     ; 0                 ; 0       ;
;      - keccak_xof:u_keccak|f_permutation:f_permutation_|out[1405]     ; 0                 ; 0       ;
;      - keccak_xof:u_keccak|f_permutation:f_permutation_|out[1406]     ; 0                 ; 0       ;
;      - keccak_xof:u_keccak|f_permutation:f_permutation_|out[1407]     ; 0                 ; 0       ;
;      - keccak_xof:u_keccak|f_permutation:f_permutation_|out[1408]     ; 0                 ; 0       ;
;      - keccak_xof:u_keccak|f_permutation:f_permutation_|out[1409]     ; 0                 ; 0       ;
;      - keccak_xof:u_keccak|f_permutation:f_permutation_|out[1410]     ; 0                 ; 0       ;
;      - keccak_xof:u_keccak|f_permutation:f_permutation_|out[1411]     ; 0                 ; 0       ;
;      - keccak_xof:u_keccak|f_permutation:f_permutation_|out[1412]     ; 0                 ; 0       ;
;      - keccak_xof:u_keccak|f_permutation:f_permutation_|out[1413]     ; 0                 ; 0       ;
;      - keccak_xof:u_keccak|f_permutation:f_permutation_|out[1414]     ; 0                 ; 0       ;
;      - keccak_xof:u_keccak|f_permutation:f_permutation_|out[1415]     ; 0                 ; 0       ;
;      - keccak_xof:u_keccak|f_permutation:f_permutation_|out[1416]     ; 0                 ; 0       ;
;      - keccak_xof:u_keccak|f_permutation:f_permutation_|out[1417]     ; 0                 ; 0       ;
;      - keccak_xof:u_keccak|f_permutation:f_permutation_|out[1418]     ; 0                 ; 0       ;
;      - keccak_xof:u_keccak|f_permutation:f_permutation_|out[1419]     ; 0                 ; 0       ;
;      - keccak_xof:u_keccak|f_permutation:f_permutation_|out[1420]     ; 0                 ; 0       ;
;      - keccak_xof:u_keccak|f_permutation:f_permutation_|out[1421]     ; 0                 ; 0       ;
;      - keccak_xof:u_keccak|f_permutation:f_permutation_|out[1422]     ; 0                 ; 0       ;
;      - keccak_xof:u_keccak|f_permutation:f_permutation_|out[1423]     ; 0                 ; 0       ;
;      - keccak_xof:u_keccak|f_permutation:f_permutation_|out[1424]     ; 0                 ; 0       ;
;      - keccak_xof:u_keccak|f_permutation:f_permutation_|out[1425]     ; 0                 ; 0       ;
;      - keccak_xof:u_keccak|f_permutation:f_permutation_|out[1426]     ; 0                 ; 0       ;
;      - keccak_xof:u_keccak|f_permutation:f_permutation_|out[1427]     ; 0                 ; 0       ;
;      - keccak_xof:u_keccak|f_permutation:f_permutation_|out[1428]     ; 0                 ; 0       ;
;      - keccak_xof:u_keccak|f_permutation:f_permutation_|out[1429]     ; 0                 ; 0       ;
;      - keccak_xof:u_keccak|f_permutation:f_permutation_|out[1430]     ; 0                 ; 0       ;
;      - keccak_xof:u_keccak|f_permutation:f_permutation_|out[1431]     ; 0                 ; 0       ;
;      - keccak_xof:u_keccak|f_permutation:f_permutation_|out[1432]     ; 0                 ; 0       ;
;      - keccak_xof:u_keccak|f_permutation:f_permutation_|out[1433]     ; 0                 ; 0       ;
;      - keccak_xof:u_keccak|f_permutation:f_permutation_|out[1434]     ; 0                 ; 0       ;
;      - keccak_xof:u_keccak|f_permutation:f_permutation_|out[1435]     ; 0                 ; 0       ;
;      - keccak_xof:u_keccak|f_permutation:f_permutation_|out[1436]     ; 0                 ; 0       ;
;      - keccak_xof:u_keccak|f_permutation:f_permutation_|out[1437]     ; 0                 ; 0       ;
;      - keccak_xof:u_keccak|f_permutation:f_permutation_|out[1438]     ; 0                 ; 0       ;
;      - keccak_xof:u_keccak|f_permutation:f_permutation_|out[1439]     ; 0                 ; 0       ;
;      - keccak_xof:u_keccak|f_permutation:f_permutation_|out[1440]     ; 0                 ; 0       ;
;      - keccak_xof:u_keccak|f_permutation:f_permutation_|out[1441]     ; 0                 ; 0       ;
;      - keccak_xof:u_keccak|f_permutation:f_permutation_|out[1442]     ; 0                 ; 0       ;
;      - keccak_xof:u_keccak|f_permutation:f_permutation_|out[1443]     ; 0                 ; 0       ;
;      - keccak_xof:u_keccak|f_permutation:f_permutation_|out[1444]     ; 0                 ; 0       ;
;      - keccak_xof:u_keccak|f_permutation:f_permutation_|out[1445]     ; 0                 ; 0       ;
;      - keccak_xof:u_keccak|f_permutation:f_permutation_|out[1446]     ; 0                 ; 0       ;
;      - keccak_xof:u_keccak|f_permutation:f_permutation_|out[1447]     ; 0                 ; 0       ;
;      - keccak_xof:u_keccak|f_permutation:f_permutation_|out[1448]     ; 0                 ; 0       ;
;      - keccak_xof:u_keccak|f_permutation:f_permutation_|out[1449]     ; 0                 ; 0       ;
;      - keccak_xof:u_keccak|f_permutation:f_permutation_|out[1450]     ; 0                 ; 0       ;
;      - keccak_xof:u_keccak|f_permutation:f_permutation_|out[1451]     ; 0                 ; 0       ;
;      - keccak_xof:u_keccak|f_permutation:f_permutation_|out[1452]     ; 0                 ; 0       ;
;      - keccak_xof:u_keccak|f_permutation:f_permutation_|out[1453]     ; 0                 ; 0       ;
;      - keccak_xof:u_keccak|f_permutation:f_permutation_|out[1454]     ; 0                 ; 0       ;
;      - keccak_xof:u_keccak|f_permutation:f_permutation_|out[1455]     ; 0                 ; 0       ;
;      - keccak_xof:u_keccak|f_permutation:f_permutation_|out[1456]     ; 0                 ; 0       ;
;      - keccak_xof:u_keccak|f_permutation:f_permutation_|out[1457]     ; 0                 ; 0       ;
;      - keccak_xof:u_keccak|f_permutation:f_permutation_|out[1458]     ; 0                 ; 0       ;
;      - keccak_xof:u_keccak|f_permutation:f_permutation_|out[1459]     ; 0                 ; 0       ;
;      - keccak_xof:u_keccak|f_permutation:f_permutation_|out[1460]     ; 0                 ; 0       ;
;      - keccak_xof:u_keccak|f_permutation:f_permutation_|out[1461]     ; 0                 ; 0       ;
;      - keccak_xof:u_keccak|f_permutation:f_permutation_|out[1462]     ; 0                 ; 0       ;
;      - keccak_xof:u_keccak|f_permutation:f_permutation_|out[1463]     ; 0                 ; 0       ;
;      - keccak_xof:u_keccak|f_permutation:f_permutation_|out[1464]     ; 0                 ; 0       ;
;      - keccak_xof:u_keccak|f_permutation:f_permutation_|out[1465]     ; 0                 ; 0       ;
;      - keccak_xof:u_keccak|f_permutation:f_permutation_|out[1466]     ; 0                 ; 0       ;
;      - keccak_xof:u_keccak|f_permutation:f_permutation_|out[1467]     ; 0                 ; 0       ;
;      - keccak_xof:u_keccak|f_permutation:f_permutation_|out[1468]     ; 0                 ; 0       ;
;      - keccak_xof:u_keccak|f_permutation:f_permutation_|out[1469]     ; 0                 ; 0       ;
;      - keccak_xof:u_keccak|f_permutation:f_permutation_|out[1470]     ; 0                 ; 0       ;
;      - keccak_xof:u_keccak|f_permutation:f_permutation_|out[1471]     ; 0                 ; 0       ;
;      - keccak_xof:u_keccak|f_permutation:f_permutation_|out[1472]     ; 0                 ; 0       ;
;      - keccak_xof:u_keccak|f_permutation:f_permutation_|out[1473]     ; 0                 ; 0       ;
;      - keccak_xof:u_keccak|f_permutation:f_permutation_|out[1474]     ; 0                 ; 0       ;
;      - keccak_xof:u_keccak|f_permutation:f_permutation_|out[1475]     ; 0                 ; 0       ;
;      - keccak_xof:u_keccak|f_permutation:f_permutation_|out[1476]     ; 0                 ; 0       ;
;      - keccak_xof:u_keccak|f_permutation:f_permutation_|out[1477]     ; 0                 ; 0       ;
;      - keccak_xof:u_keccak|f_permutation:f_permutation_|out[1478]     ; 0                 ; 0       ;
;      - keccak_xof:u_keccak|f_permutation:f_permutation_|out[1479]     ; 0                 ; 0       ;
;      - keccak_xof:u_keccak|f_permutation:f_permutation_|out[1480]     ; 0                 ; 0       ;
;      - keccak_xof:u_keccak|f_permutation:f_permutation_|out[1481]     ; 0                 ; 0       ;
;      - keccak_xof:u_keccak|f_permutation:f_permutation_|out[1482]     ; 0                 ; 0       ;
;      - keccak_xof:u_keccak|f_permutation:f_permutation_|out[1483]     ; 0                 ; 0       ;
;      - keccak_xof:u_keccak|f_permutation:f_permutation_|out[1484]     ; 0                 ; 0       ;
;      - keccak_xof:u_keccak|f_permutation:f_permutation_|out[1485]     ; 0                 ; 0       ;
;      - keccak_xof:u_keccak|f_permutation:f_permutation_|out[1486]     ; 0                 ; 0       ;
;      - keccak_xof:u_keccak|f_permutation:f_permutation_|out[1487]     ; 0                 ; 0       ;
;      - keccak_xof:u_keccak|f_permutation:f_permutation_|out[1488]     ; 0                 ; 0       ;
;      - keccak_xof:u_keccak|f_permutation:f_permutation_|out[1489]     ; 0                 ; 0       ;
;      - keccak_xof:u_keccak|f_permutation:f_permutation_|out[1490]     ; 0                 ; 0       ;
;      - keccak_xof:u_keccak|f_permutation:f_permutation_|out[1491]     ; 0                 ; 0       ;
;      - keccak_xof:u_keccak|f_permutation:f_permutation_|out[1492]     ; 0                 ; 0       ;
;      - keccak_xof:u_keccak|f_permutation:f_permutation_|out[1493]     ; 0                 ; 0       ;
;      - keccak_xof:u_keccak|f_permutation:f_permutation_|out[1494]     ; 0                 ; 0       ;
;      - keccak_xof:u_keccak|f_permutation:f_permutation_|out[1495]     ; 0                 ; 0       ;
;      - keccak_xof:u_keccak|f_permutation:f_permutation_|out[1496]     ; 0                 ; 0       ;
;      - keccak_xof:u_keccak|f_permutation:f_permutation_|out[1497]     ; 0                 ; 0       ;
;      - keccak_xof:u_keccak|f_permutation:f_permutation_|out[1498]     ; 0                 ; 0       ;
;      - keccak_xof:u_keccak|f_permutation:f_permutation_|out[1499]     ; 0                 ; 0       ;
;      - keccak_xof:u_keccak|f_permutation:f_permutation_|out[1500]     ; 0                 ; 0       ;
;      - keccak_xof:u_keccak|f_permutation:f_permutation_|out[1501]     ; 0                 ; 0       ;
;      - keccak_xof:u_keccak|f_permutation:f_permutation_|out[1502]     ; 0                 ; 0       ;
;      - keccak_xof:u_keccak|f_permutation:f_permutation_|out[1503]     ; 0                 ; 0       ;
;      - keccak_xof:u_keccak|f_permutation:f_permutation_|out[1504]     ; 0                 ; 0       ;
;      - keccak_xof:u_keccak|f_permutation:f_permutation_|out[1505]     ; 0                 ; 0       ;
;      - keccak_xof:u_keccak|f_permutation:f_permutation_|out[1506]     ; 0                 ; 0       ;
;      - keccak_xof:u_keccak|f_permutation:f_permutation_|out[1507]     ; 0                 ; 0       ;
;      - keccak_xof:u_keccak|f_permutation:f_permutation_|out[1508]     ; 0                 ; 0       ;
;      - keccak_xof:u_keccak|f_permutation:f_permutation_|out[1509]     ; 0                 ; 0       ;
;      - keccak_xof:u_keccak|f_permutation:f_permutation_|out[1510]     ; 0                 ; 0       ;
;      - keccak_xof:u_keccak|f_permutation:f_permutation_|out[1511]     ; 0                 ; 0       ;
;      - keccak_xof:u_keccak|f_permutation:f_permutation_|out[1512]     ; 0                 ; 0       ;
;      - keccak_xof:u_keccak|f_permutation:f_permutation_|out[1513]     ; 0                 ; 0       ;
;      - keccak_xof:u_keccak|f_permutation:f_permutation_|out[1514]     ; 0                 ; 0       ;
;      - keccak_xof:u_keccak|f_permutation:f_permutation_|out[1515]     ; 0                 ; 0       ;
;      - keccak_xof:u_keccak|f_permutation:f_permutation_|out[1516]     ; 0                 ; 0       ;
;      - keccak_xof:u_keccak|f_permutation:f_permutation_|out[1517]     ; 0                 ; 0       ;
;      - keccak_xof:u_keccak|f_permutation:f_permutation_|out[1518]     ; 0                 ; 0       ;
;      - keccak_xof:u_keccak|f_permutation:f_permutation_|out[1519]     ; 0                 ; 0       ;
;      - keccak_xof:u_keccak|f_permutation:f_permutation_|out[1520]     ; 0                 ; 0       ;
;      - keccak_xof:u_keccak|f_permutation:f_permutation_|out[1521]     ; 0                 ; 0       ;
;      - keccak_xof:u_keccak|f_permutation:f_permutation_|out[1522]     ; 0                 ; 0       ;
;      - keccak_xof:u_keccak|f_permutation:f_permutation_|out[1523]     ; 0                 ; 0       ;
;      - keccak_xof:u_keccak|f_permutation:f_permutation_|out[1524]     ; 0                 ; 0       ;
;      - keccak_xof:u_keccak|f_permutation:f_permutation_|out[1525]     ; 0                 ; 0       ;
;      - keccak_xof:u_keccak|f_permutation:f_permutation_|out[1526]     ; 0                 ; 0       ;
;      - keccak_xof:u_keccak|f_permutation:f_permutation_|out[1527]     ; 0                 ; 0       ;
;      - keccak_xof:u_keccak|f_permutation:f_permutation_|out[1528]     ; 0                 ; 0       ;
;      - keccak_xof:u_keccak|f_permutation:f_permutation_|out[1529]     ; 0                 ; 0       ;
;      - keccak_xof:u_keccak|f_permutation:f_permutation_|out[1530]     ; 0                 ; 0       ;
;      - keccak_xof:u_keccak|f_permutation:f_permutation_|out[1531]     ; 0                 ; 0       ;
;      - keccak_xof:u_keccak|f_permutation:f_permutation_|out[1532]     ; 0                 ; 0       ;
;      - keccak_xof:u_keccak|f_permutation:f_permutation_|out[1533]     ; 0                 ; 0       ;
;      - keccak_xof:u_keccak|f_permutation:f_permutation_|out[1534]     ; 0                 ; 0       ;
;      - keccak_xof:u_keccak|f_permutation:f_permutation_|out[1535]     ; 0                 ; 0       ;
;      - keccak_xof:u_keccak|f_permutation:f_permutation_|out[1536]     ; 0                 ; 0       ;
;      - keccak_xof:u_keccak|f_permutation:f_permutation_|out[1537]     ; 0                 ; 0       ;
;      - keccak_xof:u_keccak|f_permutation:f_permutation_|out[1538]     ; 0                 ; 0       ;
;      - keccak_xof:u_keccak|f_permutation:f_permutation_|out[1539]     ; 0                 ; 0       ;
;      - keccak_xof:u_keccak|f_permutation:f_permutation_|out[1540]     ; 0                 ; 0       ;
;      - keccak_xof:u_keccak|f_permutation:f_permutation_|out[1541]     ; 0                 ; 0       ;
;      - keccak_xof:u_keccak|f_permutation:f_permutation_|out[1542]     ; 0                 ; 0       ;
;      - keccak_xof:u_keccak|f_permutation:f_permutation_|out[1543]     ; 0                 ; 0       ;
;      - keccak_xof:u_keccak|f_permutation:f_permutation_|out[1544]     ; 0                 ; 0       ;
;      - keccak_xof:u_keccak|f_permutation:f_permutation_|out[1545]     ; 0                 ; 0       ;
;      - keccak_xof:u_keccak|f_permutation:f_permutation_|out[1546]     ; 0                 ; 0       ;
;      - keccak_xof:u_keccak|f_permutation:f_permutation_|out[1547]     ; 0                 ; 0       ;
;      - keccak_xof:u_keccak|f_permutation:f_permutation_|out[1548]     ; 0                 ; 0       ;
;      - keccak_xof:u_keccak|f_permutation:f_permutation_|out[1549]     ; 0                 ; 0       ;
;      - keccak_xof:u_keccak|f_permutation:f_permutation_|out[1550]     ; 0                 ; 0       ;
;      - keccak_xof:u_keccak|f_permutation:f_permutation_|out[1551]     ; 0                 ; 0       ;
;      - keccak_xof:u_keccak|f_permutation:f_permutation_|out[1552]     ; 0                 ; 0       ;
;      - keccak_xof:u_keccak|f_permutation:f_permutation_|out[1553]     ; 0                 ; 0       ;
;      - keccak_xof:u_keccak|f_permutation:f_permutation_|out[1554]     ; 0                 ; 0       ;
;      - keccak_xof:u_keccak|f_permutation:f_permutation_|out[1555]     ; 0                 ; 0       ;
;      - keccak_xof:u_keccak|f_permutation:f_permutation_|out[1556]     ; 0                 ; 0       ;
;      - keccak_xof:u_keccak|f_permutation:f_permutation_|out[1557]     ; 0                 ; 0       ;
;      - keccak_xof:u_keccak|f_permutation:f_permutation_|out[1558]     ; 0                 ; 0       ;
;      - keccak_xof:u_keccak|f_permutation:f_permutation_|out[1559]     ; 0                 ; 0       ;
;      - keccak_xof:u_keccak|f_permutation:f_permutation_|out[1560]     ; 0                 ; 0       ;
;      - keccak_xof:u_keccak|f_permutation:f_permutation_|out[1561]     ; 0                 ; 0       ;
;      - keccak_xof:u_keccak|f_permutation:f_permutation_|out[512]      ; 0                 ; 0       ;
;      - keccak_xof:u_keccak|f_permutation:f_permutation_|out[1562]     ; 0                 ; 0       ;
;      - keccak_xof:u_keccak|f_permutation:f_permutation_|out[1563]     ; 0                 ; 0       ;
;      - keccak_xof:u_keccak|f_permutation:f_permutation_|out[1564]     ; 0                 ; 0       ;
;      - keccak_xof:u_keccak|f_permutation:f_permutation_|out[1565]     ; 0                 ; 0       ;
;      - keccak_xof:u_keccak|f_permutation:f_permutation_|out[1566]     ; 0                 ; 0       ;
;      - keccak_xof:u_keccak|f_permutation:f_permutation_|out[1567]     ; 0                 ; 0       ;
;      - keccak_xof:u_keccak|f_permutation:f_permutation_|out[1568]     ; 0                 ; 0       ;
;      - keccak_xof:u_keccak|f_permutation:f_permutation_|out[1569]     ; 0                 ; 0       ;
;      - keccak_xof:u_keccak|f_permutation:f_permutation_|out[1570]     ; 0                 ; 0       ;
;      - keccak_xof:u_keccak|f_permutation:f_permutation_|out[1571]     ; 0                 ; 0       ;
;      - keccak_xof:u_keccak|f_permutation:f_permutation_|out[1572]     ; 0                 ; 0       ;
;      - keccak_xof:u_keccak|f_permutation:f_permutation_|out[1573]     ; 0                 ; 0       ;
;      - keccak_xof:u_keccak|f_permutation:f_permutation_|out[1574]     ; 0                 ; 0       ;
;      - keccak_xof:u_keccak|f_permutation:f_permutation_|out[1575]     ; 0                 ; 0       ;
;      - keccak_xof:u_keccak|f_permutation:f_permutation_|out[1576]     ; 0                 ; 0       ;
;      - keccak_xof:u_keccak|f_permutation:f_permutation_|out[1577]     ; 0                 ; 0       ;
;      - keccak_xof:u_keccak|f_permutation:f_permutation_|out[1578]     ; 0                 ; 0       ;
;      - keccak_xof:u_keccak|f_permutation:f_permutation_|out[1579]     ; 0                 ; 0       ;
;      - keccak_xof:u_keccak|f_permutation:f_permutation_|out[1580]     ; 0                 ; 0       ;
;      - keccak_xof:u_keccak|f_permutation:f_permutation_|out[1581]     ; 0                 ; 0       ;
;      - keccak_xof:u_keccak|f_permutation:f_permutation_|out[1582]     ; 0                 ; 0       ;
;      - keccak_xof:u_keccak|f_permutation:f_permutation_|out[1583]     ; 0                 ; 0       ;
;      - keccak_xof:u_keccak|f_permutation:f_permutation_|out[1584]     ; 0                 ; 0       ;
;      - keccak_xof:u_keccak|f_permutation:f_permutation_|out[1585]     ; 0                 ; 0       ;
;      - keccak_xof:u_keccak|f_permutation:f_permutation_|out[1586]     ; 0                 ; 0       ;
;      - keccak_xof:u_keccak|f_permutation:f_permutation_|out[1587]     ; 0                 ; 0       ;
;      - keccak_xof:u_keccak|f_permutation:f_permutation_|out[1588]     ; 0                 ; 0       ;
;      - keccak_xof:u_keccak|f_permutation:f_permutation_|out[1589]     ; 0                 ; 0       ;
;      - keccak_xof:u_keccak|f_permutation:f_permutation_|out[1590]     ; 0                 ; 0       ;
;      - keccak_xof:u_keccak|f_permutation:f_permutation_|out[1591]     ; 0                 ; 0       ;
;      - keccak_xof:u_keccak|f_permutation:f_permutation_|out[1592]     ; 0                 ; 0       ;
;      - keccak_xof:u_keccak|f_permutation:f_permutation_|out[1593]     ; 0                 ; 0       ;
;      - keccak_xof:u_keccak|f_permutation:f_permutation_|out[1594]     ; 0                 ; 0       ;
;      - keccak_xof:u_keccak|f_permutation:f_permutation_|out[1595]     ; 0                 ; 0       ;
;      - keccak_xof:u_keccak|f_permutation:f_permutation_|out[1596]     ; 0                 ; 0       ;
;      - keccak_xof:u_keccak|f_permutation:f_permutation_|out[1597]     ; 0                 ; 0       ;
;      - keccak_xof:u_keccak|f_permutation:f_permutation_|out[1598]     ; 0                 ; 0       ;
;      - keccak_xof:u_keccak|f_permutation:f_permutation_|out[1599]     ; 0                 ; 0       ;
;      - keccak_xof:u_keccak|f_permutation:f_permutation_|round_in[128] ; 0                 ; 0       ;
;      - keccak_xof:u_keccak|f_permutation:f_permutation_|round_in[448] ; 0                 ; 0       ;
;      - keccak_xof:u_keccak|f_permutation:f_permutation_|round_in[63]  ; 0                 ; 0       ;
;      - keccak_xof:u_keccak|f_permutation:f_permutation_|round_in[383] ; 0                 ; 0       ;
;      - keccak_xof:u_keccak|f_permutation:f_permutation_|round_in[263] ; 0                 ; 0       ;
;      - keccak_xof:u_keccak|f_permutation:f_permutation_|round_in[72]  ; 0                 ; 0       ;
;      - keccak_xof:u_keccak|f_permutation:f_permutation_|round_in[392] ; 0                 ; 0       ;
;      - keccak_xof:u_keccak|f_permutation:f_permutation_|round_in[216] ; 0                 ; 0       ;
;      - keccak_xof:u_keccak|f_permutation:f_permutation_|round_in[25]  ; 0                 ; 0       ;
;      - keccak_xof:u_keccak|f_permutation:f_permutation_|round_in[345] ; 0                 ; 0       ;
;      - keccak_xof:u_keccak|f_permutation:f_permutation_|round_in[303] ; 0                 ; 0       ;
;      - keccak_xof:u_keccak|f_permutation:f_permutation_|round_in[174] ; 0                 ; 0       ;
;      - keccak_xof:u_keccak|f_permutation:f_permutation_|round_in[494] ; 0                 ; 0       ;
;      - keccak_xof:u_keccak|f_permutation:f_permutation_|round_in[240] ; 0                 ; 0       ;
;      - keccak_xof:u_keccak|f_permutation:f_permutation_|round_in[111] ; 0                 ; 0       ;
;      - keccak_xof:u_keccak|f_permutation:f_permutation_|round_in[431] ; 0                 ; 0       ;
;      - keccak_xof:u_keccak|f_permutation:f_permutation_|round_in[390] ; 0                 ; 0       ;
;      - keccak_xof:u_keccak|f_permutation:f_permutation_|round_in[134] ; 0                 ; 0       ;
;      - keccak_xof:u_keccak|f_permutation:f_permutation_|round_in[454] ; 0                 ; 0       ;
;      - keccak_xof:u_keccak|f_permutation:f_permutation_|round_in[5]   ; 0                 ; 0       ;
;      - keccak_xof:u_keccak|f_permutation:f_permutation_|round_in[325] ; 0                 ; 0       ;
;      - keccak_xof:u_keccak|f_permutation:f_permutation_|round_in[262] ; 0                 ; 0       ;
;      - keccak_xof:u_keccak|f_permutation:f_permutation_|round_in[71]  ; 0                 ; 0       ;
;      - keccak_xof:u_keccak|f_permutation:f_permutation_|round_in[391] ; 0                 ; 0       ;
;      - keccak_xof:u_keccak|f_permutation:f_permutation_|round_in[215] ; 0                 ; 0       ;
;      - keccak_xof:u_keccak|f_permutation:f_permutation_|round_in[24]  ; 0                 ; 0       ;
;      - keccak_xof:u_keccak|f_permutation:f_permutation_|round_in[344] ; 0                 ; 0       ;
;      - keccak_xof:u_keccak|f_permutation:f_permutation_|round_in[302] ; 0                 ; 0       ;
;      - keccak_xof:u_keccak|f_permutation:f_permutation_|round_in[173] ; 0                 ; 0       ;
;      - keccak_xof:u_keccak|f_permutation:f_permutation_|round_in[493] ; 0                 ; 0       ;
;      - keccak_xof:u_keccak|f_permutation:f_permutation_|round_in[213] ; 0                 ; 0       ;
;      - keccak_xof:u_keccak|f_permutation:f_permutation_|round_in[84]  ; 0                 ; 0       ;
;      - keccak_xof:u_keccak|f_permutation:f_permutation_|round_in[404] ; 0                 ; 0       ;
;      - keccak_xof:u_keccak|f_permutation:f_permutation_|round_in[130] ; 0                 ; 0       ;
;      - keccak_xof:u_keccak|f_permutation:f_permutation_|round_in[450] ; 0                 ; 0       ;
;      - keccak_xof:u_keccak|f_permutation:f_permutation_|round_in[1]   ; 0                 ; 0       ;
;      - keccak_xof:u_keccak|f_permutation:f_permutation_|round_in[321] ; 0                 ; 0       ;
;      - keccak_xof:u_keccak|f_permutation:f_permutation_|round_in[339] ; 0                 ; 0       ;
;      - keccak_xof:u_keccak|f_permutation:f_permutation_|round_in[274] ; 0                 ; 0       ;
;      - keccak_xof:u_keccak|f_permutation:f_permutation_|round_in[83]  ; 0                 ; 0       ;
;      - keccak_xof:u_keccak|f_permutation:f_permutation_|round_in[403] ; 0                 ; 0       ;
;      - keccak_xof:u_keccak|f_permutation:f_permutation_|round_in[246] ; 0                 ; 0       ;
;      - keccak_xof:u_keccak|f_permutation:f_permutation_|round_in[55]  ; 0                 ; 0       ;
;      - keccak_xof:u_keccak|f_permutation:f_permutation_|round_in[375] ; 0                 ; 0       ;
;      - keccak_xof:u_keccak|f_permutation:f_permutation_|round_in[273] ; 0                 ; 0       ;
;      - keccak_xof:u_keccak|f_permutation:f_permutation_|round_in[144] ; 0                 ; 0       ;
;      - keccak_xof:u_keccak|f_permutation:f_permutation_|round_in[464] ; 0                 ; 0       ;
;      - keccak_xof:u_keccak|f_permutation:f_permutation_|round_in[460] ; 0                 ; 0       ;
;      - keccak_xof:u_keccak|f_permutation:f_permutation_|round_in[204] ; 0                 ; 0       ;
;      - keccak_xof:u_keccak|f_permutation:f_permutation_|round_in[75]  ; 0                 ; 0       ;
;      - keccak_xof:u_keccak|f_permutation:f_permutation_|round_in[395] ; 0                 ; 0       ;
;      - keccak_xof:u_keccak|f_permutation:f_permutation_|round_in[164] ; 0                 ; 0       ;
;      - keccak_xof:u_keccak|f_permutation:f_permutation_|round_in[484] ; 0                 ; 0       ;
;      - keccak_xof:u_keccak|f_permutation:f_permutation_|round_in[35]  ; 0                 ; 0       ;
;      - keccak_xof:u_keccak|f_permutation:f_permutation_|round_in[355] ; 0                 ; 0       ;
;      - keccak_xof:u_keccak|f_permutation:f_permutation_|round_in[307] ; 0                 ; 0       ;
;      - keccak_xof:u_keccak|f_permutation:f_permutation_|round_in[116] ; 0                 ; 0       ;
;      - keccak_xof:u_keccak|f_permutation:f_permutation_|round_in[436] ; 0                 ; 0       ;
;      - keccak_xof:u_keccak|f_permutation:f_permutation_|round_in[241] ; 0                 ; 0       ;
;      - keccak_xof:u_keccak|f_permutation:f_permutation_|round_in[50]  ; 0                 ; 0       ;
;      - keccak_xof:u_keccak|f_permutation:f_permutation_|round_in[370] ; 0                 ; 0       ;
;      - keccak_xof:u_keccak|f_permutation:f_permutation_|round_in[14]  ; 0                 ; 0       ;
;      - keccak_xof:u_keccak|f_permutation:f_permutation_|round_in[269] ; 0                 ; 0       ;
;      - keccak_xof:u_keccak|f_permutation:f_permutation_|round_in[78]  ; 0                 ; 0       ;
;      - keccak_xof:u_keccak|f_permutation:f_permutation_|round_in[398] ; 0                 ; 0       ;
;      - keccak_xof:u_keccak|f_permutation:f_permutation_|round_in[219] ; 0                 ; 0       ;
;      - keccak_xof:u_keccak|f_permutation:f_permutation_|round_in[28]  ; 0                 ; 0       ;
;      - keccak_xof:u_keccak|f_permutation:f_permutation_|round_in[348] ; 0                 ; 0       ;
;      - keccak_xof:u_keccak|f_permutation:f_permutation_|round_in[304] ; 0                 ; 0       ;
;      - keccak_xof:u_keccak|f_permutation:f_permutation_|round_in[175] ; 0                 ; 0       ;
;      - keccak_xof:u_keccak|f_permutation:f_permutation_|round_in[495] ; 0                 ; 0       ;
;      - keccak_xof:u_keccak|f_permutation:f_permutation_|round_in[159] ; 0                 ; 0       ;
;      - keccak_xof:u_keccak|f_permutation:f_permutation_|round_in[223] ; 0                 ; 0       ;
;      - keccak_xof:u_keccak|f_permutation:f_permutation_|round_in[94]  ; 0                 ; 0       ;
;      - keccak_xof:u_keccak|f_permutation:f_permutation_|round_in[414] ; 0                 ; 0       ;
;      - keccak_xof:u_keccak|f_permutation:f_permutation_|round_in[266] ; 0                 ; 0       ;
;      - keccak_xof:u_keccak|f_permutation:f_permutation_|round_in[201] ; 0                 ; 0       ;
;      - keccak_xof:u_keccak|f_permutation:f_permutation_|round_in[10]  ; 0                 ; 0       ;
;      - keccak_xof:u_keccak|f_permutation:f_permutation_|round_in[330] ; 0                 ; 0       ;
;      - keccak_xof:u_keccak|f_permutation:f_permutation_|round_in[283] ; 0                 ; 0       ;
;      - keccak_xof:u_keccak|f_permutation:f_permutation_|round_in[154] ; 0                 ; 0       ;
;      - keccak_xof:u_keccak|f_permutation:f_permutation_|round_in[474] ; 0                 ; 0       ;
;      - keccak_xof:u_keccak|f_permutation:f_permutation_|round_in[214] ; 0                 ; 0       ;
;      - keccak_xof:u_keccak|f_permutation:f_permutation_|round_in[85]  ; 0                 ; 0       ;
;      - keccak_xof:u_keccak|f_permutation:f_permutation_|round_in[405] ; 0                 ; 0       ;
;      - keccak_xof:u_keccak|f_permutation:f_permutation_|round_in[100] ; 0                 ; 0       ;
;      - keccak_xof:u_keccak|f_permutation:f_permutation_|round_in[256] ; 0                 ; 0       ;
;      - keccak_xof:u_keccak|f_permutation:f_permutation_|round_in[65]  ; 0                 ; 0       ;
;      - keccak_xof:u_keccak|f_permutation:f_permutation_|round_in[385] ; 0                 ; 0       ;
;      - keccak_xof:u_keccak|f_permutation:f_permutation_|round_in[247] ; 0                 ; 0       ;
;      - keccak_xof:u_keccak|f_permutation:f_permutation_|round_in[56]  ; 0                 ; 0       ;
;      - keccak_xof:u_keccak|f_permutation:f_permutation_|round_in[376] ; 0                 ; 0       ;
;      - keccak_xof:u_keccak|f_permutation:f_permutation_|round_in[218] ; 0                 ; 0       ;
;      - keccak_xof:u_keccak|f_permutation:f_permutation_|round_in[282] ; 0                 ; 0       ;
;      - keccak_xof:u_keccak|f_permutation:f_permutation_|round_in[153] ; 0                 ; 0       ;
;      - keccak_xof:u_keccak|f_permutation:f_permutation_|round_in[473] ; 0                 ; 0       ;
;      - keccak_xof:u_keccak|f_permutation:f_permutation_|round_in[222] ; 0                 ; 0       ;
;      - keccak_xof:u_keccak|f_permutation:f_permutation_|round_in[93]  ; 0                 ; 0       ;
;      - keccak_xof:u_keccak|f_permutation:f_permutation_|round_in[413] ; 0                 ; 0       ;
;      - keccak_xof:u_keccak|f_permutation:f_permutation_|round_in[165] ; 0                 ; 0       ;
;      - keccak_xof:u_keccak|f_permutation:f_permutation_|round_in[485] ; 0                 ; 0       ;
;      - keccak_xof:u_keccak|f_permutation:f_permutation_|round_in[36]  ; 0                 ; 0       ;
;      - keccak_xof:u_keccak|f_permutation:f_permutation_|round_in[356] ; 0                 ; 0       ;
;      - keccak_xof:u_keccak|f_permutation:f_permutation_|round_in[157] ; 0                 ; 0       ;
;      - keccak_xof:u_keccak|f_permutation:f_permutation_|round_in[477] ; 0                 ; 0       ;
;      - keccak_xof:u_keccak|f_permutation:f_permutation_|round_in[366] ; 0                 ; 0       ;
;      - keccak_xof:u_keccak|f_permutation:f_permutation_|round_in[301] ; 0                 ; 0       ;
;      - keccak_xof:u_keccak|f_permutation:f_permutation_|round_in[110] ; 0                 ; 0       ;
;      - keccak_xof:u_keccak|f_permutation:f_permutation_|round_in[430] ; 0                 ; 0       ;
;      - keccak_xof:u_keccak|f_permutation:f_permutation_|round_in[245] ; 0                 ; 0       ;
;      - keccak_xof:u_keccak|f_permutation:f_permutation_|round_in[54]  ; 0                 ; 0       ;
;      - keccak_xof:u_keccak|f_permutation:f_permutation_|round_in[374] ; 0                 ; 0       ;
;      - keccak_xof:u_keccak|f_permutation:f_permutation_|round_in[137] ; 0                 ; 0       ;
;      - keccak_xof:u_keccak|f_permutation:f_permutation_|round_in[457] ; 0                 ; 0       ;
;      - keccak_xof:u_keccak|f_permutation:f_permutation_|round_in[203] ; 0                 ; 0       ;
;      - keccak_xof:u_keccak|f_permutation:f_permutation_|round_in[74]  ; 0                 ; 0       ;
;      - keccak_xof:u_keccak|f_permutation:f_permutation_|round_in[394] ; 0                 ; 0       ;
;      - keccak_xof:u_keccak|f_permutation:f_permutation_|round_in[289] ; 0                 ; 0       ;
;      - keccak_xof:u_keccak|f_permutation:f_permutation_|round_in[98]  ; 0                 ; 0       ;
;      - keccak_xof:u_keccak|f_permutation:f_permutation_|round_in[418] ; 0                 ; 0       ;
;      - keccak_xof:u_keccak|f_permutation:f_permutation_|round_in[242] ; 0                 ; 0       ;
;      - keccak_xof:u_keccak|f_permutation:f_permutation_|round_in[51]  ; 0                 ; 0       ;
;      - keccak_xof:u_keccak|f_permutation:f_permutation_|round_in[371] ; 0                 ; 0       ;
;      - keccak_xof:u_keccak|f_permutation:f_permutation_|round_in[309] ; 0                 ; 0       ;
;      - keccak_xof:u_keccak|f_permutation:f_permutation_|round_in[180] ; 0                 ; 0       ;
;      - keccak_xof:u_keccak|f_permutation:f_permutation_|round_in[500] ; 0                 ; 0       ;
;      - keccak_xof:u_keccak|f_permutation:f_permutation_|round_in[91]  ; 0                 ; 0       ;
;      - keccak_xof:u_keccak|f_permutation:f_permutation_|round_in[411] ; 0                 ; 0       ;
;      - keccak_xof:u_keccak|f_permutation:f_permutation_|round_in[209] ; 0                 ; 0       ;
;      - keccak_xof:u_keccak|f_permutation:f_permutation_|round_in[18]  ; 0                 ; 0       ;
;      - keccak_xof:u_keccak|f_permutation:f_permutation_|round_in[338] ; 0                 ; 0       ;
;      - keccak_xof:u_keccak|f_permutation:f_permutation_|round_in[300] ; 0                 ; 0       ;
;      - keccak_xof:u_keccak|f_permutation:f_permutation_|round_in[171] ; 0                 ; 0       ;
;      - keccak_xof:u_keccak|f_permutation:f_permutation_|round_in[491] ; 0                 ; 0       ;
;      - keccak_xof:u_keccak|f_permutation:f_permutation_|round_in[248] ; 0                 ; 0       ;
;      - keccak_xof:u_keccak|f_permutation:f_permutation_|round_in[119] ; 0                 ; 0       ;
;      - keccak_xof:u_keccak|f_permutation:f_permutation_|round_in[439] ; 0                 ; 0       ;
;      - keccak_xof:u_keccak|f_permutation:f_permutation_|round_in[191] ; 0                 ; 0       ;
;      - keccak_xof:u_keccak|f_permutation:f_permutation_|round_in[511] ; 0                 ; 0       ;
;      - keccak_xof:u_keccak|f_permutation:f_permutation_|round_in[62]  ; 0                 ; 0       ;
;      - keccak_xof:u_keccak|f_permutation:f_permutation_|round_in[382] ; 0                 ; 0       ;
;      - keccak_xof:u_keccak|f_permutation:f_permutation_|round_in[270] ; 0                 ; 0       ;
;      - keccak_xof:u_keccak|f_permutation:f_permutation_|round_in[79]  ; 0                 ; 0       ;
;      - keccak_xof:u_keccak|f_permutation:f_permutation_|round_in[399] ; 0                 ; 0       ;
;      - keccak_xof:u_keccak|f_permutation:f_permutation_|round_in[202] ; 0                 ; 0       ;
;      - keccak_xof:u_keccak|f_permutation:f_permutation_|round_in[73]  ; 0                 ; 0       ;
;      - keccak_xof:u_keccak|f_permutation:f_permutation_|round_in[393] ; 0                 ; 0       ;
;      - keccak_xof:u_keccak|f_permutation:f_permutation_|round_in[416] ; 0                 ; 0       ;
;      - keccak_xof:u_keccak|f_permutation:f_permutation_|round_in[160] ; 0                 ; 0       ;
;      - keccak_xof:u_keccak|f_permutation:f_permutation_|round_in[480] ; 0                 ; 0       ;
;      - keccak_xof:u_keccak|f_permutation:f_permutation_|round_in[31]  ; 0                 ; 0       ;
;      - keccak_xof:u_keccak|f_permutation:f_permutation_|round_in[351] ; 0                 ; 0       ;
;      - keccak_xof:u_keccak|f_permutation:f_permutation_|round_in[39]  ; 0                 ; 0       ;
;      - keccak_xof:u_keccak|f_permutation:f_permutation_|round_in[294] ; 0                 ; 0       ;
;      - keccak_xof:u_keccak|f_permutation:f_permutation_|round_in[103] ; 0                 ; 0       ;
;      - keccak_xof:u_keccak|f_permutation:f_permutation_|round_in[423] ; 0                 ; 0       ;
;      - keccak_xof:u_keccak|f_permutation:f_permutation_|round_in[264] ; 0                 ; 0       ;
;      - keccak_xof:u_keccak|f_permutation:f_permutation_|round_in[135] ; 0                 ; 0       ;
;      - keccak_xof:u_keccak|f_permutation:f_permutation_|round_in[455] ; 0                 ; 0       ;
;      - keccak_xof:u_keccak|f_permutation:f_permutation_|round_in[184] ; 0                 ; 0       ;
;      - keccak_xof:u_keccak|f_permutation:f_permutation_|round_in[156] ; 0                 ; 0       ;
;      - keccak_xof:u_keccak|f_permutation:f_permutation_|round_in[476] ; 0                 ; 0       ;
;      - keccak_xof:u_keccak|f_permutation:f_permutation_|round_in[27]  ; 0                 ; 0       ;
;      - keccak_xof:u_keccak|f_permutation:f_permutation_|round_in[347] ; 0                 ; 0       ;
;      - keccak_xof:u_keccak|f_permutation:f_permutation_|round_in[365] ; 0                 ; 0       ;
;      - keccak_xof:u_keccak|f_permutation:f_permutation_|round_in[109] ; 0                 ; 0       ;
;      - keccak_xof:u_keccak|f_permutation:f_permutation_|round_in[429] ; 0                 ; 0       ;
;      - keccak_xof:u_keccak|f_permutation:f_permutation_|round_in[291] ; 0                 ; 0       ;
;      - keccak_xof:u_keccak|f_permutation:f_permutation_|round_in[226] ; 0                 ; 0       ;
;      - keccak_xof:u_keccak|f_permutation:f_permutation_|round_in[299] ; 0                 ; 0       ;
;      - keccak_xof:u_keccak|f_permutation:f_permutation_|round_in[170] ; 0                 ; 0       ;
;      - keccak_xof:u_keccak|f_permutation:f_permutation_|round_in[486] ; 0                 ; 0       ;
;      - keccak_xof:u_keccak|f_permutation:f_permutation_|round_in[230] ; 0                 ; 0       ;
;      - keccak_xof:u_keccak|f_permutation:f_permutation_|round_in[101] ; 0                 ; 0       ;
;      - keccak_xof:u_keccak|f_permutation:f_permutation_|round_in[421] ; 0                 ; 0       ;
;      - keccak_xof:u_keccak|f_permutation:f_permutation_|round_in[125] ; 0                 ; 0       ;
;      - keccak_xof:u_keccak|f_permutation:f_permutation_|round_in[189] ; 0                 ; 0       ;
;      - keccak_xof:u_keccak|f_permutation:f_permutation_|round_in[509] ; 0                 ; 0       ;
;      - keccak_xof:u_keccak|f_permutation:f_permutation_|round_in[60]  ; 0                 ; 0       ;
;      - keccak_xof:u_keccak|f_permutation:f_permutation_|round_in[380] ; 0                 ; 0       ;
;      - keccak_xof:u_keccak|f_permutation:f_permutation_|round_in[12]  ; 0                 ; 0       ;
;      - keccak_xof:u_keccak|f_permutation:f_permutation_|round_in[332] ; 0                 ; 0       ;
;      - keccak_xof:u_keccak|f_permutation:f_permutation_|round_in[243] ; 0                 ; 0       ;
;      - keccak_xof:u_keccak|f_permutation:f_permutation_|round_in[178] ; 0                 ; 0       ;
;      - keccak_xof:u_keccak|f_permutation:f_permutation_|round_in[498] ; 0                 ; 0       ;
;      - keccak_xof:u_keccak|f_permutation:f_permutation_|round_in[295] ; 0                 ; 0       ;
;      - keccak_xof:u_keccak|f_permutation:f_permutation_|round_in[166] ; 0                 ; 0       ;
;      - keccak_xof:u_keccak|f_permutation:f_permutation_|out[513]      ; 0                 ; 0       ;
;      - keccak_xof:u_keccak|f_permutation:f_permutation_|round_in[482] ; 0                 ; 0       ;
;      - keccak_xof:u_keccak|f_permutation:f_permutation_|round_in[97]  ; 0                 ; 0       ;
;      - keccak_xof:u_keccak|f_permutation:f_permutation_|round_in[417] ; 0                 ; 0       ;
;      - keccak_xof:u_keccak|f_permutation:f_permutation_|round_in[121] ; 0                 ; 0       ;
;      - keccak_xof:u_keccak|f_permutation:f_permutation_|round_in[185] ; 0                 ; 0       ;
;      - keccak_xof:u_keccak|f_permutation:f_permutation_|round_in[505] ; 0                 ; 0       ;
;      - keccak_xof:u_keccak|f_permutation:f_permutation_|round_in[261] ; 0                 ; 0       ;
;      - keccak_xof:u_keccak|f_permutation:f_permutation_|round_in[132] ; 0                 ; 0       ;
;      - keccak_xof:u_keccak|f_permutation:f_permutation_|round_in[452] ; 0                 ; 0       ;
;      - keccak_xof:u_keccak|f_permutation:f_permutation_|round_in[198] ; 0                 ; 0       ;
;      - keccak_xof:u_keccak|f_permutation:f_permutation_|round_in[69]  ; 0                 ; 0       ;
;      - keccak_xof:u_keccak|f_permutation:f_permutation_|round_in[389] ; 0                 ; 0       ;
;      - keccak_xof:u_keccak|f_permutation:f_permutation_|round_in[412] ; 0                 ; 0       ;
;      - keccak_xof:u_keccak|f_permutation:f_permutation_|round_in[284] ; 0                 ; 0       ;
;      - keccak_xof:u_keccak|f_permutation:f_permutation_|round_in[237] ; 0                 ; 0       ;
;      - keccak_xof:u_keccak|f_permutation:f_permutation_|round_in[46]  ; 0                 ; 0       ;
;      - keccak_xof:u_keccak|f_permutation:f_permutation_|round_in[260] ; 0                 ; 0       ;
;      - keccak_xof:u_keccak|f_permutation:f_permutation_|round_in[131] ; 0                 ; 0       ;
;      - keccak_xof:u_keccak|f_permutation:f_permutation_|round_in[451] ; 0                 ; 0       ;
;      - keccak_xof:u_keccak|f_permutation:f_permutation_|round_in[235] ; 0                 ; 0       ;
;      - keccak_xof:u_keccak|f_permutation:f_permutation_|round_in[106] ; 0                 ; 0       ;
;      - keccak_xof:u_keccak|f_permutation:f_permutation_|round_in[426] ; 0                 ; 0       ;
;      - keccak_xof:u_keccak|f_permutation:f_permutation_|round_in[152] ; 0                 ; 0       ;
;      - keccak_xof:u_keccak|f_permutation:f_permutation_|round_in[472] ; 0                 ; 0       ;
;      - keccak_xof:u_keccak|f_permutation:f_permutation_|round_in[23]  ; 0                 ; 0       ;
;      - keccak_xof:u_keccak|f_permutation:f_permutation_|round_in[343] ; 0                 ; 0       ;
;      - keccak_xof:u_keccak|f_permutation:f_permutation_|round_in[361] ; 0                 ; 0       ;
;      - keccak_xof:u_keccak|f_permutation:f_permutation_|round_in[296] ; 0                 ; 0       ;
;      - keccak_xof:u_keccak|f_permutation:f_permutation_|round_in[105] ; 0                 ; 0       ;
;      - keccak_xof:u_keccak|f_permutation:f_permutation_|round_in[425] ; 0                 ; 0       ;
;      - keccak_xof:u_keccak|f_permutation:f_permutation_|round_in[13]  ; 0                 ; 0       ;
;      - keccak_xof:u_keccak|f_permutation:f_permutation_|round_in[333] ; 0                 ; 0       ;
;      - keccak_xof:u_keccak|f_permutation:f_permutation_|round_in[186] ; 0                 ; 0       ;
;      - keccak_xof:u_keccak|f_permutation:f_permutation_|round_in[506] ; 0                 ; 0       ;
;      - keccak_xof:u_keccak|f_permutation:f_permutation_|round_in[57]  ; 0                 ; 0       ;
;      - keccak_xof:u_keccak|f_permutation:f_permutation_|round_in[377] ; 0                 ; 0       ;
;      - keccak_xof:u_keccak|f_permutation:f_permutation_|round_in[265] ; 0                 ; 0       ;
;      - keccak_xof:u_keccak|f_permutation:f_permutation_|round_in[199] ; 0                 ; 0       ;
;      - keccak_xof:u_keccak|f_permutation:f_permutation_|round_in[8]   ; 0                 ; 0       ;
;      - keccak_xof:u_keccak|f_permutation:f_permutation_|round_in[328] ; 0                 ; 0       ;
;      - keccak_xof:u_keccak|f_permutation:f_permutation_|round_in[155] ; 0                 ; 0       ;
;      - keccak_xof:u_keccak|f_permutation:f_permutation_|round_in[475] ; 0                 ; 0       ;
;      - keccak_xof:u_keccak|f_permutation:f_permutation_|round_in[26]  ; 0                 ; 0       ;
;      - keccak_xof:u_keccak|f_permutation:f_permutation_|round_in[346] ; 0                 ; 0       ;
;      - keccak_xof:u_keccak|f_permutation:f_permutation_|round_in[239] ; 0                 ; 0       ;
;      - keccak_xof:u_keccak|f_permutation:f_permutation_|round_in[48]  ; 0                 ; 0       ;
;      - keccak_xof:u_keccak|f_permutation:f_permutation_|round_in[368] ; 0                 ; 0       ;
;      - keccak_xof:u_keccak|f_permutation:f_permutation_|round_in[34]  ; 0                 ; 0       ;
;      - keccak_xof:u_keccak|f_permutation:f_permutation_|round_in[259] ; 0                 ; 0       ;
;      - keccak_xof:u_keccak|f_permutation:f_permutation_|round_in[148] ; 0                 ; 0       ;
;      - keccak_xof:u_keccak|f_permutation:f_permutation_|round_in[468] ; 0                 ; 0       ;
;      - keccak_xof:u_keccak|f_permutation:f_permutation_|round_in[19]  ; 0                 ; 0       ;
;      - keccak_xof:u_keccak|f_permutation:f_permutation_|round_in[179] ; 0                 ; 0       ;
;      - keccak_xof:u_keccak|f_permutation:f_permutation_|round_in[114] ; 0                 ; 0       ;
;      - keccak_xof:u_keccak|f_permutation:f_permutation_|round_in[434] ; 0                 ; 0       ;
;      - keccak_xof:u_keccak|f_permutation:f_permutation_|round_in[360] ; 0                 ; 0       ;
;      - keccak_xof:u_keccak|f_permutation:f_permutation_|round_in[104] ; 0                 ; 0       ;
;      - keccak_xof:u_keccak|f_permutation:f_permutation_|round_in[424] ; 0                 ; 0       ;
;      - keccak_xof:u_keccak|f_permutation:f_permutation_|round_in[286] ; 0                 ; 0       ;
;      - keccak_xof:u_keccak|f_permutation:f_permutation_|round_in[221] ; 0                 ; 0       ;
;      - keccak_xof:u_keccak|f_permutation:f_permutation_|round_in[30]  ; 0                 ; 0       ;
;      - keccak_xof:u_keccak|f_permutation:f_permutation_|round_in[350] ; 0                 ; 0       ;
;      - keccak_xof:u_keccak|f_permutation:f_permutation_|round_in[481] ; 0                 ; 0       ;
;      - keccak_xof:u_keccak|f_permutation:f_permutation_|round_in[225] ; 0                 ; 0       ;
;      - keccak_xof:u_keccak|f_permutation:f_permutation_|round_in[96]  ; 0                 ; 0       ;
;      - keccak_xof:u_keccak|f_permutation:f_permutation_|round_in[276] ; 0                 ; 0       ;
;      - keccak_xof:u_keccak|f_permutation:f_permutation_|round_in[120] ; 0                 ; 0       ;
;      - keccak_xof:u_keccak|f_permutation:f_permutation_|round_in[504] ; 0                 ; 0       ;
;      - keccak_xof:u_keccak|f_permutation:f_permutation_|round_in[7]   ; 0                 ; 0       ;
;      - keccak_xof:u_keccak|f_permutation:f_permutation_|round_in[327] ; 0                 ; 0       ;
;      - keccak_xof:u_keccak|f_permutation:f_permutation_|round_in[113] ; 0                 ; 0       ;
;      - keccak_xof:u_keccak|f_permutation:f_permutation_|round_in[433] ; 0                 ; 0       ;
;      - keccak_xof:u_keccak|f_permutation:f_permutation_|round_in[238] ; 0                 ; 0       ;
;      - keccak_xof:u_keccak|f_permutation:f_permutation_|round_in[129] ; 0                 ; 0       ;
;      - keccak_xof:u_keccak|f_permutation:f_permutation_|round_in[449] ; 0                 ; 0       ;
;      - keccak_xof:u_keccak|f_permutation:f_permutation_|round_in[0]   ; 0                 ; 0       ;
;      - keccak_xof:u_keccak|f_permutation:f_permutation_|round_in[320] ; 0                 ; 0       ;
;      - keccak_xof:u_keccak|f_permutation:f_permutation_|round_in[217] ; 0                 ; 0       ;
;      - keccak_xof:u_keccak|f_permutation:f_permutation_|round_in[112] ; 0                 ; 0       ;
;      - keccak_xof:u_keccak|f_permutation:f_permutation_|round_in[432] ; 0                 ; 0       ;
;      - keccak_xof:u_keccak|f_permutation:f_permutation_|round_in[6]   ; 0                 ; 0       ;
;      - keccak_xof:u_keccak|f_permutation:f_permutation_|round_in[326] ; 0                 ; 0       ;
;      - keccak_xof:u_keccak|f_permutation:f_permutation_|round_in[2]   ; 0                 ; 0       ;
;      - keccak_xof:u_keccak|f_permutation:f_permutation_|round_in[322] ; 0                 ; 0       ;
;      - keccak_xof:u_keccak|f_permutation:f_permutation_|round_in[340] ; 0                 ; 0       ;
;      - keccak_xof:u_keccak|f_permutation:f_permutation_|round_in[275] ; 0                 ; 0       ;
;      - keccak_xof:u_keccak|f_permutation:f_permutation_|round_in[145] ; 0                 ; 0       ;
;      - keccak_xof:u_keccak|f_permutation:f_permutation_|round_in[465] ; 0                 ; 0       ;
;      - keccak_xof:u_keccak|f_permutation:f_permutation_|round_in[461] ; 0                 ; 0       ;
;      - keccak_xof:u_keccak|f_permutation:f_permutation_|round_in[205] ; 0                 ; 0       ;
;      - keccak_xof:u_keccak|f_permutation:f_permutation_|round_in[76]  ; 0                 ; 0       ;
;      - keccak_xof:u_keccak|f_permutation:f_permutation_|round_in[396] ; 0                 ; 0       ;
;      - keccak_xof:u_keccak|f_permutation:f_permutation_|round_in[308] ; 0                 ; 0       ;
;      - keccak_xof:u_keccak|f_permutation:f_permutation_|round_in[117] ; 0                 ; 0       ;
;      - keccak_xof:u_keccak|f_permutation:f_permutation_|round_in[437] ; 0                 ; 0       ;
;      - keccak_xof:u_keccak|f_permutation:f_permutation_|round_in[15]  ; 0                 ; 0       ;
;      - keccak_xof:u_keccak|f_permutation:f_permutation_|round_in[220] ; 0                 ; 0       ;
;      - keccak_xof:u_keccak|f_permutation:f_permutation_|round_in[29]  ; 0                 ; 0       ;
;      - keccak_xof:u_keccak|f_permutation:f_permutation_|round_in[349] ; 0                 ; 0       ;
;      - keccak_xof:u_keccak|f_permutation:f_permutation_|round_in[305] ; 0                 ; 0       ;
;      - keccak_xof:u_keccak|f_permutation:f_permutation_|round_in[176] ; 0                 ; 0       ;
;      - keccak_xof:u_keccak|f_permutation:f_permutation_|round_in[496] ; 0                 ; 0       ;
;      - keccak_xof:u_keccak|f_permutation:f_permutation_|round_in[224] ; 0                 ; 0       ;
;      - keccak_xof:u_keccak|f_permutation:f_permutation_|round_in[95]  ; 0                 ; 0       ;
;      - keccak_xof:u_keccak|f_permutation:f_permutation_|round_in[415] ; 0                 ; 0       ;
;      - keccak_xof:u_keccak|f_permutation:f_permutation_|round_in[267] ; 0                 ; 0       ;
;      - keccak_xof:u_keccak|f_permutation:f_permutation_|round_in[11]  ; 0                 ; 0       ;
;      - keccak_xof:u_keccak|f_permutation:f_permutation_|round_in[331] ; 0                 ; 0       ;
;      - keccak_xof:u_keccak|f_permutation:f_permutation_|round_in[86]  ; 0                 ; 0       ;
;      - keccak_xof:u_keccak|f_permutation:f_permutation_|round_in[406] ; 0                 ; 0       ;
;      - keccak_xof:u_keccak|f_permutation:f_permutation_|round_in[257] ; 0                 ; 0       ;
;      - keccak_xof:u_keccak|f_permutation:f_permutation_|round_in[66]  ; 0                 ; 0       ;
;      - keccak_xof:u_keccak|f_permutation:f_permutation_|round_in[386] ; 0                 ; 0       ;
;      - keccak_xof:u_keccak|f_permutation:f_permutation_|round_in[37]  ; 0                 ; 0       ;
;      - keccak_xof:u_keccak|f_permutation:f_permutation_|round_in[357] ; 0                 ; 0       ;
;      - keccak_xof:u_keccak|f_permutation:f_permutation_|round_in[158] ; 0                 ; 0       ;
;      - keccak_xof:u_keccak|f_permutation:f_permutation_|round_in[478] ; 0                 ; 0       ;
;      - keccak_xof:u_keccak|f_permutation:f_permutation_|round_in[367] ; 0                 ; 0       ;
;      - keccak_xof:u_keccak|f_permutation:f_permutation_|round_in[138] ; 0                 ; 0       ;
;      - keccak_xof:u_keccak|f_permutation:f_permutation_|round_in[458] ; 0                 ; 0       ;
;      - keccak_xof:u_keccak|f_permutation:f_permutation_|round_in[290] ; 0                 ; 0       ;
;      - keccak_xof:u_keccak|f_permutation:f_permutation_|round_in[99]  ; 0                 ; 0       ;
;      - keccak_xof:u_keccak|f_permutation:f_permutation_|round_in[419] ; 0                 ; 0       ;
;      - keccak_xof:u_keccak|f_permutation:f_permutation_|round_in[52]  ; 0                 ; 0       ;
;      - keccak_xof:u_keccak|f_permutation:f_permutation_|out[514]      ; 0                 ; 0       ;
;      - keccak_xof:u_keccak|f_permutation:f_permutation_|round_in[372] ; 0                 ; 0       ;
;      - keccak_xof:u_keccak|f_permutation:f_permutation_|round_in[310] ; 0                 ; 0       ;
;      - keccak_xof:u_keccak|f_permutation:f_permutation_|round_in[181] ; 0                 ; 0       ;
;      - keccak_xof:u_keccak|f_permutation:f_permutation_|round_in[501] ; 0                 ; 0       ;
;      - keccak_xof:u_keccak|f_permutation:f_permutation_|round_in[92]  ; 0                 ; 0       ;
;      - keccak_xof:u_keccak|f_permutation:f_permutation_|round_in[210] ; 0                 ; 0       ;
;      - keccak_xof:u_keccak|f_permutation:f_permutation_|round_in[172] ; 0                 ; 0       ;
;      - keccak_xof:u_keccak|f_permutation:f_permutation_|round_in[492] ; 0                 ; 0       ;
;      - keccak_xof:u_keccak|f_permutation:f_permutation_|round_in[249] ; 0                 ; 0       ;
;      - keccak_xof:u_keccak|f_permutation:f_permutation_|round_in[440] ; 0                 ; 0       ;
;      - keccak_xof:u_keccak|f_permutation:f_permutation_|round_in[271] ; 0                 ; 0       ;
;      - keccak_xof:u_keccak|f_permutation:f_permutation_|round_in[80]  ; 0                 ; 0       ;
;      - keccak_xof:u_keccak|f_permutation:f_permutation_|round_in[400] ; 0                 ; 0       ;
;      - keccak_xof:u_keccak|f_permutation:f_permutation_|round_in[161] ; 0                 ; 0       ;
;      - keccak_xof:u_keccak|f_permutation:f_permutation_|round_in[32]  ; 0                 ; 0       ;
;      - keccak_xof:u_keccak|f_permutation:f_permutation_|round_in[352] ; 0                 ; 0       ;
;      - keccak_xof:u_keccak|f_permutation:f_permutation_|round_in[40]  ; 0                 ; 0       ;
;      - keccak_xof:u_keccak|f_permutation:f_permutation_|round_in[136] ; 0                 ; 0       ;
;      - keccak_xof:u_keccak|f_permutation:f_permutation_|round_in[456] ; 0                 ; 0       ;
;      - keccak_xof:u_keccak|f_permutation:f_permutation_|round_in[292] ; 0                 ; 0       ;
;      - keccak_xof:u_keccak|f_permutation:f_permutation_|round_in[227] ; 0                 ; 0       ;
;      - keccak_xof:u_keccak|f_permutation:f_permutation_|round_in[487] ; 0                 ; 0       ;
;      - keccak_xof:u_keccak|f_permutation:f_permutation_|round_in[231] ; 0                 ; 0       ;
;      - keccak_xof:u_keccak|f_permutation:f_permutation_|round_in[102] ; 0                 ; 0       ;
;      - keccak_xof:u_keccak|f_permutation:f_permutation_|round_in[422] ; 0                 ; 0       ;
;      - keccak_xof:u_keccak|f_permutation:f_permutation_|round_in[126] ; 0                 ; 0       ;
;      - keccak_xof:u_keccak|f_permutation:f_permutation_|round_in[190] ; 0                 ; 0       ;
;      - keccak_xof:u_keccak|f_permutation:f_permutation_|round_in[510] ; 0                 ; 0       ;
;      - keccak_xof:u_keccak|f_permutation:f_permutation_|round_in[61]  ; 0                 ; 0       ;
;      - keccak_xof:u_keccak|f_permutation:f_permutation_|round_in[381] ; 0                 ; 0       ;
;      - keccak_xof:u_keccak|f_permutation:f_permutation_|round_in[244] ; 0                 ; 0       ;
;      - keccak_xof:u_keccak|f_permutation:f_permutation_|round_in[499] ; 0                 ; 0       ;
;      - keccak_xof:u_keccak|f_permutation:f_permutation_|round_in[167] ; 0                 ; 0       ;
;      - keccak_xof:u_keccak|f_permutation:f_permutation_|round_in[483] ; 0                 ; 0       ;
;      - keccak_xof:u_keccak|f_permutation:f_permutation_|round_in[122] ; 0                 ; 0       ;
;      - keccak_xof:u_keccak|f_permutation:f_permutation_|round_in[133] ; 0                 ; 0       ;
;      - keccak_xof:u_keccak|f_permutation:f_permutation_|round_in[453] ; 0                 ; 0       ;
;      - keccak_xof:u_keccak|f_permutation:f_permutation_|round_in[70]  ; 0                 ; 0       ;
;      - keccak_xof:u_keccak|f_permutation:f_permutation_|round_in[285] ; 0                 ; 0       ;
;      - keccak_xof:u_keccak|f_permutation:f_permutation_|round_in[47]  ; 0                 ; 0       ;
;      - keccak_xof:u_keccak|f_permutation:f_permutation_|round_in[236] ; 0                 ; 0       ;
;      - keccak_xof:u_keccak|f_permutation:f_permutation_|round_in[107] ; 0                 ; 0       ;
;      - keccak_xof:u_keccak|f_permutation:f_permutation_|round_in[427] ; 0                 ; 0       ;
;      - keccak_xof:u_keccak|f_permutation:f_permutation_|round_in[362] ; 0                 ; 0       ;
;      - keccak_xof:u_keccak|f_permutation:f_permutation_|round_in[297] ; 0                 ; 0       ;
;      - keccak_xof:u_keccak|f_permutation:f_permutation_|round_in[334] ; 0                 ; 0       ;
;      - keccak_xof:u_keccak|f_permutation:f_permutation_|round_in[187] ; 0                 ; 0       ;
;      - keccak_xof:u_keccak|f_permutation:f_permutation_|round_in[507] ; 0                 ; 0       ;
;      - keccak_xof:u_keccak|f_permutation:f_permutation_|round_in[58]  ; 0                 ; 0       ;
;      - keccak_xof:u_keccak|f_permutation:f_permutation_|round_in[378] ; 0                 ; 0       ;
;      - keccak_xof:u_keccak|f_permutation:f_permutation_|round_in[200] ; 0                 ; 0       ;
;      - keccak_xof:u_keccak|f_permutation:f_permutation_|round_in[9]   ; 0                 ; 0       ;
;      - keccak_xof:u_keccak|f_permutation:f_permutation_|round_in[329] ; 0                 ; 0       ;
;      - keccak_xof:u_keccak|f_permutation:f_permutation_|round_in[49]  ; 0                 ; 0       ;
;      - keccak_xof:u_keccak|f_permutation:f_permutation_|round_in[369] ; 0                 ; 0       ;
;      - keccak_xof:u_keccak|f_permutation:f_permutation_|round_in[149] ; 0                 ; 0       ;
;      - keccak_xof:u_keccak|f_permutation:f_permutation_|round_in[469] ; 0                 ; 0       ;
;      - keccak_xof:u_keccak|f_permutation:f_permutation_|round_in[20]  ; 0                 ; 0       ;
;      - keccak_xof:u_keccak|f_permutation:f_permutation_|round_in[115] ; 0                 ; 0       ;
;      - keccak_xof:u_keccak|f_permutation:f_permutation_|round_in[435] ; 0                 ; 0       ;
;      - keccak_xof:u_keccak|f_permutation:f_permutation_|round_in[287] ; 0                 ; 0       ;
;      - keccak_xof:u_keccak|f_permutation:f_permutation_|round_in[277] ; 0                 ; 0       ;
;      - keccak_xof:u_keccak|f_permutation:f_permutation_|round_in[3]   ; 0                 ; 0       ;
;      - keccak_xof:u_keccak|f_permutation:f_permutation_|round_in[323] ; 0                 ; 0       ;
;      - keccak_xof:u_keccak|f_permutation:f_permutation_|round_in[341] ; 0                 ; 0       ;
;      - keccak_xof:u_keccak|f_permutation:f_permutation_|round_in[146] ; 0                 ; 0       ;
;      - keccak_xof:u_keccak|f_permutation:f_permutation_|round_in[466] ; 0                 ; 0       ;
;      - keccak_xof:u_keccak|f_permutation:f_permutation_|round_in[462] ; 0                 ; 0       ;
;      - keccak_xof:u_keccak|f_permutation:f_permutation_|round_in[206] ; 0                 ; 0       ;
;      - keccak_xof:u_keccak|f_permutation:f_permutation_|round_in[77]  ; 0                 ; 0       ;
;      - keccak_xof:u_keccak|f_permutation:f_permutation_|round_in[397] ; 0                 ; 0       ;
;      - keccak_xof:u_keccak|f_permutation:f_permutation_|round_in[118] ; 0                 ; 0       ;
;      - keccak_xof:u_keccak|f_permutation:f_permutation_|round_in[438] ; 0                 ; 0       ;
;      - keccak_xof:u_keccak|f_permutation:f_permutation_|round_in[16]  ; 0                 ; 0       ;
;      - keccak_xof:u_keccak|f_permutation:f_permutation_|round_in[306] ; 0                 ; 0       ;
;      - keccak_xof:u_keccak|f_permutation:f_permutation_|out[515]      ; 0                 ; 0       ;
;      - keccak_xof:u_keccak|f_permutation:f_permutation_|round_in[177] ; 0                 ; 0       ;
;      - keccak_xof:u_keccak|f_permutation:f_permutation_|round_in[497] ; 0                 ; 0       ;
;      - keccak_xof:u_keccak|f_permutation:f_permutation_|round_in[268] ; 0                 ; 0       ;
;      - keccak_xof:u_keccak|f_permutation:f_permutation_|round_in[87]  ; 0                 ; 0       ;
;      - keccak_xof:u_keccak|f_permutation:f_permutation_|round_in[407] ; 0                 ; 0       ;
;      - keccak_xof:u_keccak|f_permutation:f_permutation_|round_in[258] ; 0                 ; 0       ;
;      - keccak_xof:u_keccak|f_permutation:f_permutation_|round_in[67]  ; 0                 ; 0       ;
;      - keccak_xof:u_keccak|f_permutation:f_permutation_|round_in[387] ; 0                 ; 0       ;
;      - keccak_xof:u_keccak|f_permutation:f_permutation_|round_in[38]  ; 0                 ; 0       ;
;      - keccak_xof:u_keccak|f_permutation:f_permutation_|round_in[358] ; 0                 ; 0       ;
;      - keccak_xof:u_keccak|f_permutation:f_permutation_|round_in[479] ; 0                 ; 0       ;
;      - keccak_xof:u_keccak|f_permutation:f_permutation_|round_in[139] ; 0                 ; 0       ;
;      - keccak_xof:u_keccak|f_permutation:f_permutation_|round_in[459] ; 0                 ; 0       ;
;      - keccak_xof:u_keccak|f_permutation:f_permutation_|round_in[420] ; 0                 ; 0       ;
;      - keccak_xof:u_keccak|f_permutation:f_permutation_|round_in[53]  ; 0                 ; 0       ;
;      - keccak_xof:u_keccak|f_permutation:f_permutation_|round_in[373] ; 0                 ; 0       ;
;      - keccak_xof:u_keccak|f_permutation:f_permutation_|round_in[311] ; 0                 ; 0       ;
;      - keccak_xof:u_keccak|f_permutation:f_permutation_|round_in[182] ; 0                 ; 0       ;
;      - keccak_xof:u_keccak|f_permutation:f_permutation_|round_in[502] ; 0                 ; 0       ;
;      - keccak_xof:u_keccak|f_permutation:f_permutation_|round_in[211] ; 0                 ; 0       ;
;      - keccak_xof:u_keccak|f_permutation:f_permutation_|round_in[250] ; 0                 ; 0       ;
;      - keccak_xof:u_keccak|f_permutation:f_permutation_|round_in[441] ; 0                 ; 0       ;
;      - keccak_xof:u_keccak|f_permutation:f_permutation_|out[751]      ; 0                 ; 0       ;
;      - keccak_xof:u_keccak|f_permutation:f_permutation_|round_in[272] ; 0                 ; 0       ;
;      - keccak_xof:u_keccak|f_permutation:f_permutation_|round_in[81]  ; 0                 ; 0       ;
;      - keccak_xof:u_keccak|f_permutation:f_permutation_|round_in[401] ; 0                 ; 0       ;
;      - keccak_xof:u_keccak|f_permutation:f_permutation_|round_in[162] ; 0                 ; 0       ;
;      - keccak_xof:u_keccak|f_permutation:f_permutation_|round_in[33]  ; 0                 ; 0       ;
;      - keccak_xof:u_keccak|f_permutation:f_permutation_|round_in[353] ; 0                 ; 0       ;
;      - keccak_xof:u_keccak|f_permutation:f_permutation_|round_in[41]  ; 0                 ; 0       ;
;      - keccak_xof:u_keccak|f_permutation:f_permutation_|round_in[293] ; 0                 ; 0       ;
;      - keccak_xof:u_keccak|f_permutation:f_permutation_|round_in[228] ; 0                 ; 0       ;
;      - keccak_xof:u_keccak|f_permutation:f_permutation_|round_in[488] ; 0                 ; 0       ;
;      - keccak_xof:u_keccak|f_permutation:f_permutation_|round_in[232] ; 0                 ; 0       ;
;      - keccak_xof:u_keccak|f_permutation:f_permutation_|round_in[127] ; 0                 ; 0       ;
;      - keccak_xof:u_keccak|f_permutation:f_permutation_|round_in[168] ; 0                 ; 0       ;
;      - keccak_xof:u_keccak|f_permutation:f_permutation_|round_in[123] ; 0                 ; 0       ;
;      - keccak_xof:u_keccak|f_permutation:f_permutation_|round_in[108] ; 0                 ; 0       ;
;      - keccak_xof:u_keccak|f_permutation:f_permutation_|round_in[428] ; 0                 ; 0       ;
;      - keccak_xof:u_keccak|f_permutation:f_permutation_|out[516]      ; 0                 ; 0       ;
;      - keccak_xof:u_keccak|f_permutation:f_permutation_|round_in[363] ; 0                 ; 0       ;
;      - keccak_xof:u_keccak|f_permutation:f_permutation_|round_in[298] ; 0                 ; 0       ;
;      - keccak_xof:u_keccak|f_permutation:f_permutation_|round_in[335] ; 0                 ; 0       ;
;      - keccak_xof:u_keccak|f_permutation:f_permutation_|round_in[188] ; 0                 ; 0       ;
;      - keccak_xof:u_keccak|f_permutation:f_permutation_|round_in[508] ; 0                 ; 0       ;
;      - keccak_xof:u_keccak|f_permutation:f_permutation_|round_in[59]  ; 0                 ; 0       ;
;      - keccak_xof:u_keccak|f_permutation:f_permutation_|round_in[379] ; 0                 ; 0       ;
;      - keccak_xof:u_keccak|f_permutation:f_permutation_|round_in[150] ; 0                 ; 0       ;
;      - keccak_xof:u_keccak|f_permutation:f_permutation_|round_in[470] ; 0                 ; 0       ;
;      - keccak_xof:u_keccak|f_permutation:f_permutation_|round_in[21]  ; 0                 ; 0       ;
;      - keccak_xof:u_keccak|f_permutation:f_permutation_|round_in[288] ; 0                 ; 0       ;
;      - keccak_xof:u_keccak|f_permutation:f_permutation_|round_in[278] ; 0                 ; 0       ;
;      - keccak_xof:u_keccak|f_permutation:f_permutation_|round_in[4]   ; 0                 ; 0       ;
;      - keccak_xof:u_keccak|f_permutation:f_permutation_|round_in[324] ; 0                 ; 0       ;
;      - keccak_xof:u_keccak|f_permutation:f_permutation_|round_in[342] ; 0                 ; 0       ;
;      - keccak_xof:u_keccak|f_permutation:f_permutation_|round_in[147] ; 0                 ; 0       ;
;      - keccak_xof:u_keccak|f_permutation:f_permutation_|round_in[467] ; 0                 ; 0       ;
;      - keccak_xof:u_keccak|f_permutation:f_permutation_|round_in[463] ; 0                 ; 0       ;
;      - keccak_xof:u_keccak|f_permutation:f_permutation_|round_in[207] ; 0                 ; 0       ;
;      - keccak_xof:u_keccak|f_permutation:f_permutation_|out[517]      ; 0                 ; 0       ;
;      - keccak_xof:u_keccak|f_permutation:f_permutation_|round_in[17]  ; 0                 ; 0       ;
;      - keccak_xof:u_keccak|f_permutation:f_permutation_|round_in[88]  ; 0                 ; 0       ;
;      - keccak_xof:u_keccak|f_permutation:f_permutation_|round_in[408] ; 0                 ; 0       ;
;      - keccak_xof:u_keccak|f_permutation:f_permutation_|round_in[68]  ; 0                 ; 0       ;
;      - keccak_xof:u_keccak|f_permutation:f_permutation_|round_in[388] ; 0                 ; 0       ;
;      - keccak_xof:u_keccak|f_permutation:f_permutation_|round_in[359] ; 0                 ; 0       ;
;      - keccak_xof:u_keccak|f_permutation:f_permutation_|round_in[140] ; 0                 ; 0       ;
;      - keccak_xof:u_keccak|f_permutation:f_permutation_|round_in[312] ; 0                 ; 0       ;
;      - keccak_xof:u_keccak|f_permutation:f_permutation_|round_in[183] ; 0                 ; 0       ;
;      - keccak_xof:u_keccak|f_permutation:f_permutation_|round_in[503] ; 0                 ; 0       ;
;      - keccak_xof:u_keccak|f_permutation:f_permutation_|round_in[212] ; 0                 ; 0       ;
;      - keccak_xof:u_keccak|f_permutation:f_permutation_|round_in[251] ; 0                 ; 0       ;
;      - keccak_xof:u_keccak|f_permutation:f_permutation_|round_in[442] ; 0                 ; 0       ;
;      - keccak_xof:u_keccak|f_permutation:f_permutation_|round_in[82]  ; 0                 ; 0       ;
;      - keccak_xof:u_keccak|f_permutation:f_permutation_|round_in[402] ; 0                 ; 0       ;
;      - keccak_xof:u_keccak|f_permutation:f_permutation_|out[518]      ; 0                 ; 0       ;
;      - keccak_xof:u_keccak|f_permutation:f_permutation_|round_in[163] ; 0                 ; 0       ;
;      - keccak_xof:u_keccak|f_permutation:f_permutation_|round_in[354] ; 0                 ; 0       ;
;      - keccak_xof:u_keccak|f_permutation:f_permutation_|round_in[42]  ; 0                 ; 0       ;
;      - keccak_xof:u_keccak|f_permutation:f_permutation_|round_in[229] ; 0                 ; 0       ;
;      - keccak_xof:u_keccak|f_permutation:f_permutation_|round_in[489] ; 0                 ; 0       ;
;      - keccak_xof:u_keccak|f_permutation:f_permutation_|round_in[233] ; 0                 ; 0       ;
;      - keccak_xof:u_keccak|f_permutation:f_permutation_|round_in[64]  ; 0                 ; 0       ;
;      - keccak_xof:u_keccak|f_permutation:f_permutation_|round_in[169] ; 0                 ; 0       ;
;      - keccak_xof:u_keccak|f_permutation:f_permutation_|round_in[124] ; 0                 ; 0       ;
;      - keccak_xof:u_keccak|f_permutation:f_permutation_|round_in[364] ; 0                 ; 0       ;
;      - keccak_xof:u_keccak|f_permutation:f_permutation_|round_in[336] ; 0                 ; 0       ;
;      - keccak_xof:u_keccak|f_permutation:f_permutation_|round_in[151] ; 0                 ; 0       ;
;      - keccak_xof:u_keccak|f_permutation:f_permutation_|round_in[471] ; 0                 ; 0       ;
;      - keccak_xof:u_keccak|f_permutation:f_permutation_|round_in[22]  ; 0                 ; 0       ;
;      - keccak_xof:u_keccak|f_permutation:f_permutation_|out[519]      ; 0                 ; 0       ;
;      - keccak_xof:u_keccak|f_permutation:f_permutation_|round_in[279] ; 0                 ; 0       ;
;      - keccak_xof:u_keccak|f_permutation:f_permutation_|round_in[208] ; 0                 ; 0       ;
;      - keccak_xof:u_keccak|f_permutation:f_permutation_|round_in[89]  ; 0                 ; 0       ;
;      - keccak_xof:u_keccak|f_permutation:f_permutation_|round_in[409] ; 0                 ; 0       ;
;      - keccak_xof:u_keccak|f_permutation:f_permutation_|round_in[141] ; 0                 ; 0       ;
;      - keccak_xof:u_keccak|f_permutation:f_permutation_|round_in[313] ; 0                 ; 0       ;
;      - keccak_xof:u_keccak|f_permutation:f_permutation_|round_in[252] ; 0                 ; 0       ;
;      - keccak_xof:u_keccak|f_permutation:f_permutation_|round_in[443] ; 0                 ; 0       ;
;      - keccak_xof:u_keccak|f_permutation:f_permutation_|round_in[43]  ; 0                 ; 0       ;
;      - keccak_xof:u_keccak|f_permutation:f_permutation_|round_in[234] ; 0                 ; 0       ;
;      - keccak_xof:u_keccak|f_permutation:f_permutation_|round_in[337] ; 0                 ; 0       ;
;      - keccak_xof:u_keccak|f_permutation:f_permutation_|round_in[280] ; 0                 ; 0       ;
;      - keccak_xof:u_keccak|f_permutation:f_permutation_|round_in[90]  ; 0                 ; 0       ;
;      - keccak_xof:u_keccak|f_permutation:f_permutation_|round_in[410] ; 0                 ; 0       ;
;      - keccak_xof:u_keccak|f_permutation:f_permutation_|round_in[142] ; 0                 ; 0       ;
;      - keccak_xof:u_keccak|f_permutation:f_permutation_|out[520]      ; 0                 ; 0       ;
;      - keccak_xof:u_keccak|f_permutation:f_permutation_|round_in[314] ; 0                 ; 0       ;
;      - keccak_xof:u_keccak|f_permutation:f_permutation_|round_in[253] ; 0                 ; 0       ;
;      - keccak_xof:u_keccak|f_permutation:f_permutation_|round_in[444] ; 0                 ; 0       ;
;      - keccak_xof:u_keccak|f_permutation:f_permutation_|round_in[44]  ; 0                 ; 0       ;
;      - keccak_xof:u_keccak|f_permutation:f_permutation_|round_in[281] ; 0                 ; 0       ;
;      - keccak_xof:u_keccak|f_permutation:f_permutation_|round_in[143] ; 0                 ; 0       ;
;      - keccak_xof:u_keccak|f_permutation:f_permutation_|round_in[315] ; 0                 ; 0       ;
;      - keccak_xof:u_keccak|f_permutation:f_permutation_|round_in[254] ; 0                 ; 0       ;
;      - keccak_xof:u_keccak|f_permutation:f_permutation_|round_in[445] ; 0                 ; 0       ;
;      - keccak_xof:u_keccak|f_permutation:f_permutation_|round_in[45]  ; 0                 ; 0       ;
;      - keccak_xof:u_keccak|f_permutation:f_permutation_|round_in[316] ; 0                 ; 0       ;
;      - keccak_xof:u_keccak|f_permutation:f_permutation_|out[521]      ; 0                 ; 0       ;
;      - keccak_xof:u_keccak|f_permutation:f_permutation_|round_in[255] ; 0                 ; 0       ;
;      - keccak_xof:u_keccak|f_permutation:f_permutation_|round_in[446] ; 0                 ; 0       ;
;      - keccak_xof:u_keccak|f_permutation:f_permutation_|round_in[317] ; 0                 ; 0       ;
;      - keccak_xof:u_keccak|f_permutation:f_permutation_|round_in[192] ; 0                 ; 0       ;
;      - keccak_xof:u_keccak|f_permutation:f_permutation_|round_in[447] ; 0                 ; 0       ;
;      - keccak_xof:u_keccak|f_permutation:f_permutation_|round_in[318] ; 0                 ; 0       ;
;      - keccak_xof:u_keccak|f_permutation:f_permutation_|out[522]      ; 0                 ; 0       ;
;      - keccak_xof:u_keccak|f_permutation:f_permutation_|round_in[193] ; 0                 ; 0       ;
;      - keccak_xof:u_keccak|f_permutation:f_permutation_|round_in[384] ; 0                 ; 0       ;
;      - keccak_xof:u_keccak|f_permutation:f_permutation_|round_in[319] ; 0                 ; 0       ;
;      - keccak_xof:u_keccak|f_permutation:f_permutation_|out[523]      ; 0                 ; 0       ;
;      - keccak_xof:u_keccak|f_permutation:f_permutation_|round_in[194] ; 0                 ; 0       ;
;      - keccak_xof:u_keccak|f_permutation:f_permutation_|round_in[195] ; 0                 ; 0       ;
;      - keccak_xof:u_keccak|f_permutation:f_permutation_|round_in[196] ; 0                 ; 0       ;
;      - keccak_xof:u_keccak|f_permutation:f_permutation_|out[524]      ; 0                 ; 0       ;
;      - keccak_xof:u_keccak|f_permutation:f_permutation_|round_in[197] ; 0                 ; 0       ;
;      - keccak_xof:u_keccak|f_permutation:f_permutation_|out[525]      ; 0                 ; 0       ;
;      - keccak_xof:u_keccak|f_permutation:f_permutation_|out[526]      ; 0                 ; 0       ;
;      - keccak_xof:u_keccak|f_permutation:f_permutation_|out[527]      ; 0                 ; 0       ;
;      - keccak_xof:u_keccak|f_permutation:f_permutation_|out[528]      ; 0                 ; 0       ;
;      - keccak_xof:u_keccak|f_permutation:f_permutation_|out[529]      ; 0                 ; 0       ;
;      - keccak_xof:u_keccak|f_permutation:f_permutation_|out[530]      ; 0                 ; 0       ;
;      - keccak_xof:u_keccak|f_permutation:f_permutation_|out[531]      ; 0                 ; 0       ;
;      - keccak_xof:u_keccak|f_permutation:f_permutation_|out[532]      ; 0                 ; 0       ;
;      - keccak_xof:u_keccak|f_permutation:f_permutation_|out[533]      ; 0                 ; 0       ;
;      - keccak_xof:u_keccak|f_permutation:f_permutation_|out[534]      ; 0                 ; 0       ;
;      - keccak_xof:u_keccak|f_permutation:f_permutation_|out[535]      ; 0                 ; 0       ;
;      - keccak_xof:u_keccak|f_permutation:f_permutation_|out[536]      ; 0                 ; 0       ;
;      - keccak_xof:u_keccak|f_permutation:f_permutation_|out[537]      ; 0                 ; 0       ;
;      - keccak_xof:u_keccak|f_permutation:f_permutation_|out[538]      ; 0                 ; 0       ;
;      - keccak_xof:u_keccak|f_permutation:f_permutation_|out[539]      ; 0                 ; 0       ;
;      - keccak_xof:u_keccak|f_permutation:f_permutation_|out[540]      ; 0                 ; 0       ;
;      - keccak_xof:u_keccak|f_permutation:f_permutation_|out[541]      ; 0                 ; 0       ;
;      - keccak_xof:u_keccak|f_permutation:f_permutation_|out[542]      ; 0                 ; 0       ;
;      - keccak_xof:u_keccak|f_permutation:f_permutation_|out[543]      ; 0                 ; 0       ;
;      - keccak_xof:u_keccak|f_permutation:f_permutation_|out[544]      ; 0                 ; 0       ;
;      - keccak_xof:u_keccak|f_permutation:f_permutation_|out[545]      ; 0                 ; 0       ;
;      - keccak_xof:u_keccak|f_permutation:f_permutation_|out[546]      ; 0                 ; 0       ;
;      - keccak_xof:u_keccak|f_permutation:f_permutation_|out[547]      ; 0                 ; 0       ;
;      - keccak_xof:u_keccak|f_permutation:f_permutation_|out[548]      ; 0                 ; 0       ;
;      - keccak_xof:u_keccak|f_permutation:f_permutation_|out[549]      ; 0                 ; 0       ;
;      - keccak_xof:u_keccak|f_permutation:f_permutation_|out[550]      ; 0                 ; 0       ;
;      - keccak_xof:u_keccak|f_permutation:f_permutation_|out[551]      ; 0                 ; 0       ;
;      - keccak_xof:u_keccak|f_permutation:f_permutation_|out[552]      ; 0                 ; 0       ;
;      - keccak_xof:u_keccak|f_permutation:f_permutation_|out[553]      ; 0                 ; 0       ;
;      - keccak_xof:u_keccak|f_permutation:f_permutation_|out[554]      ; 0                 ; 0       ;
;      - keccak_xof:u_keccak|f_permutation:f_permutation_|out[555]      ; 0                 ; 0       ;
;      - keccak_xof:u_keccak|f_permutation:f_permutation_|out[556]      ; 0                 ; 0       ;
;      - keccak_xof:u_keccak|f_permutation:f_permutation_|out[557]      ; 0                 ; 0       ;
;      - keccak_xof:u_keccak|f_permutation:f_permutation_|out[558]      ; 0                 ; 0       ;
;      - keccak_xof:u_keccak|f_permutation:f_permutation_|out[559]      ; 0                 ; 0       ;
;      - keccak_xof:u_keccak|f_permutation:f_permutation_|out[560]      ; 0                 ; 0       ;
;      - keccak_xof:u_keccak|f_permutation:f_permutation_|out[561]      ; 0                 ; 0       ;
;      - keccak_xof:u_keccak|f_permutation:f_permutation_|out[562]      ; 0                 ; 0       ;
;      - keccak_xof:u_keccak|f_permutation:f_permutation_|out[563]      ; 0                 ; 0       ;
;      - keccak_xof:u_keccak|f_permutation:f_permutation_|out[564]      ; 0                 ; 0       ;
;      - keccak_xof:u_keccak|f_permutation:f_permutation_|out[565]      ; 0                 ; 0       ;
;      - keccak_xof:u_keccak|f_permutation:f_permutation_|out[566]      ; 0                 ; 0       ;
;      - keccak_xof:u_keccak|f_permutation:f_permutation_|out[567]      ; 0                 ; 0       ;
;      - keccak_xof:u_keccak|f_permutation:f_permutation_|out[568]      ; 0                 ; 0       ;
;      - keccak_xof:u_keccak|f_permutation:f_permutation_|out[569]      ; 0                 ; 0       ;
;      - keccak_xof:u_keccak|f_permutation:f_permutation_|out[570]      ; 0                 ; 0       ;
;      - keccak_xof:u_keccak|f_permutation:f_permutation_|out[571]      ; 0                 ; 0       ;
;      - keccak_xof:u_keccak|f_permutation:f_permutation_|out[572]      ; 0                 ; 0       ;
;      - keccak_xof:u_keccak|f_permutation:f_permutation_|out[573]      ; 0                 ; 0       ;
;      - keccak_xof:u_keccak|f_permutation:f_permutation_|out[574]      ; 0                 ; 0       ;
;      - keccak_xof:u_keccak|f_permutation:f_permutation_|out[575]      ; 0                 ; 0       ;
;      - keccak_xof:u_keccak|f_permutation:f_permutation_|out[576]      ; 0                 ; 0       ;
;      - keccak_xof:u_keccak|f_permutation:f_permutation_|out[577]      ; 0                 ; 0       ;
;      - keccak_xof:u_keccak|f_permutation:f_permutation_|out[578]      ; 0                 ; 0       ;
;      - keccak_xof:u_keccak|f_permutation:f_permutation_|out[579]      ; 0                 ; 0       ;
;      - keccak_xof:u_keccak|f_permutation:f_permutation_|out[580]      ; 0                 ; 0       ;
;      - keccak_xof:u_keccak|f_permutation:f_permutation_|out[581]      ; 0                 ; 0       ;
;      - keccak_xof:u_keccak|f_permutation:f_permutation_|out[582]      ; 0                 ; 0       ;
;      - keccak_xof:u_keccak|f_permutation:f_permutation_|out[583]      ; 0                 ; 0       ;
;      - keccak_xof:u_keccak|f_permutation:f_permutation_|out[584]      ; 0                 ; 0       ;
;      - keccak_xof:u_keccak|f_permutation:f_permutation_|out[585]      ; 0                 ; 0       ;
;      - keccak_xof:u_keccak|f_permutation:f_permutation_|out[586]      ; 0                 ; 0       ;
;      - keccak_xof:u_keccak|f_permutation:f_permutation_|out[587]      ; 0                 ; 0       ;
;      - keccak_xof:u_keccak|f_permutation:f_permutation_|out[588]      ; 0                 ; 0       ;
;      - keccak_xof:u_keccak|f_permutation:f_permutation_|out[589]      ; 0                 ; 0       ;
;      - keccak_xof:u_keccak|f_permutation:f_permutation_|out[590]      ; 0                 ; 0       ;
;      - keccak_xof:u_keccak|f_permutation:f_permutation_|out[591]      ; 0                 ; 0       ;
;      - keccak_xof:u_keccak|f_permutation:f_permutation_|out[592]      ; 0                 ; 0       ;
;      - keccak_xof:u_keccak|f_permutation:f_permutation_|out[593]      ; 0                 ; 0       ;
;      - keccak_xof:u_keccak|f_permutation:f_permutation_|out[594]      ; 0                 ; 0       ;
;      - keccak_xof:u_keccak|f_permutation:f_permutation_|out[595]      ; 0                 ; 0       ;
;      - keccak_xof:u_keccak|f_permutation:f_permutation_|out[596]      ; 0                 ; 0       ;
;      - keccak_xof:u_keccak|f_permutation:f_permutation_|out[597]      ; 0                 ; 0       ;
;      - keccak_xof:u_keccak|f_permutation:f_permutation_|out[598]      ; 0                 ; 0       ;
;      - keccak_xof:u_keccak|f_permutation:f_permutation_|out[599]      ; 0                 ; 0       ;
;      - keccak_xof:u_keccak|f_permutation:f_permutation_|out[600]      ; 0                 ; 0       ;
;      - keccak_xof:u_keccak|f_permutation:f_permutation_|out[601]      ; 0                 ; 0       ;
;      - keccak_xof:u_keccak|f_permutation:f_permutation_|out[602]      ; 0                 ; 0       ;
;      - keccak_xof:u_keccak|f_permutation:f_permutation_|out[603]      ; 0                 ; 0       ;
;      - keccak_xof:u_keccak|f_permutation:f_permutation_|out[604]      ; 0                 ; 0       ;
;      - keccak_xof:u_keccak|f_permutation:f_permutation_|out[605]      ; 0                 ; 0       ;
;      - keccak_xof:u_keccak|f_permutation:f_permutation_|out[606]      ; 0                 ; 0       ;
;      - keccak_xof:u_keccak|f_permutation:f_permutation_|out[607]      ; 0                 ; 0       ;
;      - keccak_xof:u_keccak|f_permutation:f_permutation_|out[608]      ; 0                 ; 0       ;
;      - keccak_xof:u_keccak|f_permutation:f_permutation_|out[609]      ; 0                 ; 0       ;
;      - keccak_xof:u_keccak|f_permutation:f_permutation_|out[610]      ; 0                 ; 0       ;
;      - keccak_xof:u_keccak|f_permutation:f_permutation_|out[611]      ; 0                 ; 0       ;
;      - keccak_xof:u_keccak|f_permutation:f_permutation_|out[612]      ; 0                 ; 0       ;
;      - keccak_xof:u_keccak|f_permutation:f_permutation_|out[613]      ; 0                 ; 0       ;
;      - keccak_xof:u_keccak|f_permutation:f_permutation_|out[614]      ; 0                 ; 0       ;
;      - keccak_xof:u_keccak|f_permutation:f_permutation_|out[615]      ; 0                 ; 0       ;
;      - keccak_xof:u_keccak|f_permutation:f_permutation_|out[616]      ; 0                 ; 0       ;
;      - keccak_xof:u_keccak|f_permutation:f_permutation_|out[617]      ; 0                 ; 0       ;
;      - keccak_xof:u_keccak|f_permutation:f_permutation_|out[618]      ; 0                 ; 0       ;
;      - keccak_xof:u_keccak|f_permutation:f_permutation_|out[619]      ; 0                 ; 0       ;
;      - keccak_xof:u_keccak|f_permutation:f_permutation_|out[620]      ; 0                 ; 0       ;
;      - keccak_xof:u_keccak|f_permutation:f_permutation_|out[621]      ; 0                 ; 0       ;
;      - keccak_xof:u_keccak|f_permutation:f_permutation_|out[622]      ; 0                 ; 0       ;
;      - keccak_xof:u_keccak|f_permutation:f_permutation_|out[623]      ; 0                 ; 0       ;
;      - keccak_xof:u_keccak|f_permutation:f_permutation_|out[624]      ; 0                 ; 0       ;
;      - keccak_xof:u_keccak|f_permutation:f_permutation_|out[625]      ; 0                 ; 0       ;
;      - keccak_xof:u_keccak|f_permutation:f_permutation_|out[626]      ; 0                 ; 0       ;
;      - keccak_xof:u_keccak|f_permutation:f_permutation_|out[627]      ; 0                 ; 0       ;
;      - keccak_xof:u_keccak|f_permutation:f_permutation_|out[628]      ; 0                 ; 0       ;
;      - keccak_xof:u_keccak|f_permutation:f_permutation_|out[629]      ; 0                 ; 0       ;
;      - keccak_xof:u_keccak|f_permutation:f_permutation_|out[630]      ; 0                 ; 0       ;
;      - keccak_xof:u_keccak|f_permutation:f_permutation_|out[631]      ; 0                 ; 0       ;
;      - keccak_xof:u_keccak|f_permutation:f_permutation_|out[632]      ; 0                 ; 0       ;
;      - keccak_xof:u_keccak|f_permutation:f_permutation_|out[633]      ; 0                 ; 0       ;
;      - keccak_xof:u_keccak|f_permutation:f_permutation_|out[634]      ; 0                 ; 0       ;
;      - keccak_xof:u_keccak|f_permutation:f_permutation_|out[635]      ; 0                 ; 0       ;
;      - keccak_xof:u_keccak|f_permutation:f_permutation_|out[636]      ; 0                 ; 0       ;
;      - keccak_xof:u_keccak|f_permutation:f_permutation_|out[637]      ; 0                 ; 0       ;
;      - keccak_xof:u_keccak|f_permutation:f_permutation_|out[638]      ; 0                 ; 0       ;
;      - keccak_xof:u_keccak|f_permutation:f_permutation_|out[639]      ; 0                 ; 0       ;
;      - keccak_xof:u_keccak|f_permutation:f_permutation_|out[640]      ; 0                 ; 0       ;
;      - keccak_xof:u_keccak|f_permutation:f_permutation_|out[641]      ; 0                 ; 0       ;
;      - keccak_xof:u_keccak|f_permutation:f_permutation_|out[642]      ; 0                 ; 0       ;
;      - keccak_xof:u_keccak|f_permutation:f_permutation_|out[643]      ; 0                 ; 0       ;
;      - keccak_xof:u_keccak|f_permutation:f_permutation_|out[644]      ; 0                 ; 0       ;
;      - keccak_xof:u_keccak|f_permutation:f_permutation_|out[645]      ; 0                 ; 0       ;
;      - keccak_xof:u_keccak|f_permutation:f_permutation_|out[646]      ; 0                 ; 0       ;
;      - keccak_xof:u_keccak|f_permutation:f_permutation_|out[647]      ; 0                 ; 0       ;
;      - keccak_xof:u_keccak|f_permutation:f_permutation_|out[648]      ; 0                 ; 0       ;
;      - keccak_xof:u_keccak|f_permutation:f_permutation_|out[649]      ; 0                 ; 0       ;
;      - keccak_xof:u_keccak|f_permutation:f_permutation_|out[650]      ; 0                 ; 0       ;
;      - keccak_xof:u_keccak|f_permutation:f_permutation_|out[651]      ; 0                 ; 0       ;
;      - keccak_xof:u_keccak|f_permutation:f_permutation_|out[652]      ; 0                 ; 0       ;
;      - keccak_xof:u_keccak|f_permutation:f_permutation_|out[653]      ; 0                 ; 0       ;
;      - keccak_xof:u_keccak|f_permutation:f_permutation_|out[654]      ; 0                 ; 0       ;
;      - keccak_xof:u_keccak|f_permutation:f_permutation_|out[655]      ; 0                 ; 0       ;
;      - keccak_xof:u_keccak|f_permutation:f_permutation_|out[656]      ; 0                 ; 0       ;
;      - keccak_xof:u_keccak|f_permutation:f_permutation_|out[657]      ; 0                 ; 0       ;
;      - keccak_xof:u_keccak|f_permutation:f_permutation_|out[658]      ; 0                 ; 0       ;
;      - keccak_xof:u_keccak|f_permutation:f_permutation_|out[659]      ; 0                 ; 0       ;
;      - keccak_xof:u_keccak|f_permutation:f_permutation_|out[660]      ; 0                 ; 0       ;
;      - keccak_xof:u_keccak|f_permutation:f_permutation_|out[661]      ; 0                 ; 0       ;
;      - keccak_xof:u_keccak|f_permutation:f_permutation_|out[662]      ; 0                 ; 0       ;
;      - keccak_xof:u_keccak|f_permutation:f_permutation_|out[663]      ; 0                 ; 0       ;
;      - keccak_xof:u_keccak|f_permutation:f_permutation_|out[664]      ; 0                 ; 0       ;
;      - keccak_xof:u_keccak|f_permutation:f_permutation_|out[665]      ; 0                 ; 0       ;
;      - keccak_xof:u_keccak|f_permutation:f_permutation_|out[666]      ; 0                 ; 0       ;
;      - keccak_xof:u_keccak|f_permutation:f_permutation_|out[667]      ; 0                 ; 0       ;
;      - keccak_xof:u_keccak|f_permutation:f_permutation_|out[668]      ; 0                 ; 0       ;
;      - keccak_xof:u_keccak|f_permutation:f_permutation_|out[669]      ; 0                 ; 0       ;
;      - keccak_xof:u_keccak|f_permutation:f_permutation_|out[670]      ; 0                 ; 0       ;
;      - keccak_xof:u_keccak|f_permutation:f_permutation_|out[671]      ; 0                 ; 0       ;
;      - keccak_xof:u_keccak|f_permutation:f_permutation_|out[672]      ; 0                 ; 0       ;
;      - keccak_xof:u_keccak|f_permutation:f_permutation_|out[673]      ; 0                 ; 0       ;
;      - keccak_xof:u_keccak|f_permutation:f_permutation_|out[674]      ; 0                 ; 0       ;
;      - keccak_xof:u_keccak|f_permutation:f_permutation_|out[675]      ; 0                 ; 0       ;
;      - keccak_xof:u_keccak|f_permutation:f_permutation_|out[676]      ; 0                 ; 0       ;
;      - keccak_xof:u_keccak|f_permutation:f_permutation_|out[677]      ; 0                 ; 0       ;
;      - keccak_xof:u_keccak|f_permutation:f_permutation_|out[678]      ; 0                 ; 0       ;
;      - keccak_xof:u_keccak|f_permutation:f_permutation_|out[679]      ; 0                 ; 0       ;
;      - keccak_xof:u_keccak|f_permutation:f_permutation_|out[680]      ; 0                 ; 0       ;
;      - keccak_xof:u_keccak|f_permutation:f_permutation_|out[681]      ; 0                 ; 0       ;
;      - keccak_xof:u_keccak|f_permutation:f_permutation_|out[682]      ; 0                 ; 0       ;
;      - keccak_xof:u_keccak|f_permutation:f_permutation_|out[683]      ; 0                 ; 0       ;
;      - keccak_xof:u_keccak|f_permutation:f_permutation_|out[684]      ; 0                 ; 0       ;
;      - keccak_xof:u_keccak|f_permutation:f_permutation_|out[685]      ; 0                 ; 0       ;
;      - keccak_xof:u_keccak|f_permutation:f_permutation_|out[686]      ; 0                 ; 0       ;
;      - keccak_xof:u_keccak|f_permutation:f_permutation_|out[687]      ; 0                 ; 0       ;
;      - keccak_xof:u_keccak|f_permutation:f_permutation_|out[688]      ; 0                 ; 0       ;
;      - keccak_xof:u_keccak|f_permutation:f_permutation_|out[689]      ; 0                 ; 0       ;
;      - keccak_xof:u_keccak|f_permutation:f_permutation_|out[690]      ; 0                 ; 0       ;
;      - keccak_xof:u_keccak|f_permutation:f_permutation_|out[691]      ; 0                 ; 0       ;
;      - keccak_xof:u_keccak|f_permutation:f_permutation_|out[692]      ; 0                 ; 0       ;
;      - keccak_xof:u_keccak|f_permutation:f_permutation_|out[693]      ; 0                 ; 0       ;
;      - keccak_xof:u_keccak|f_permutation:f_permutation_|out[694]      ; 0                 ; 0       ;
;      - keccak_xof:u_keccak|f_permutation:f_permutation_|out[695]      ; 0                 ; 0       ;
;      - keccak_xof:u_keccak|f_permutation:f_permutation_|out[696]      ; 0                 ; 0       ;
;      - keccak_xof:u_keccak|f_permutation:f_permutation_|out[697]      ; 0                 ; 0       ;
;      - keccak_xof:u_keccak|f_permutation:f_permutation_|out[698]      ; 0                 ; 0       ;
;      - keccak_xof:u_keccak|f_permutation:f_permutation_|out[699]      ; 0                 ; 0       ;
;      - keccak_xof:u_keccak|f_permutation:f_permutation_|out[700]      ; 0                 ; 0       ;
;      - keccak_xof:u_keccak|f_permutation:f_permutation_|out[701]      ; 0                 ; 0       ;
;      - keccak_xof:u_keccak|f_permutation:f_permutation_|out[702]      ; 0                 ; 0       ;
;      - keccak_xof:u_keccak|f_permutation:f_permutation_|out[703]      ; 0                 ; 0       ;
;      - keccak_xof:u_keccak|f_permutation:f_permutation_|out[704]      ; 0                 ; 0       ;
;      - keccak_xof:u_keccak|f_permutation:f_permutation_|out[705]      ; 0                 ; 0       ;
;      - keccak_xof:u_keccak|f_permutation:f_permutation_|out[706]      ; 0                 ; 0       ;
;      - keccak_xof:u_keccak|f_permutation:f_permutation_|out[707]      ; 0                 ; 0       ;
;      - keccak_xof:u_keccak|f_permutation:f_permutation_|out[708]      ; 0                 ; 0       ;
;      - keccak_xof:u_keccak|f_permutation:f_permutation_|out[709]      ; 0                 ; 0       ;
;      - keccak_xof:u_keccak|f_permutation:f_permutation_|out[710]      ; 0                 ; 0       ;
;      - keccak_xof:u_keccak|f_permutation:f_permutation_|out[711]      ; 0                 ; 0       ;
;      - keccak_xof:u_keccak|f_permutation:f_permutation_|out[712]      ; 0                 ; 0       ;
;      - keccak_xof:u_keccak|f_permutation:f_permutation_|out[713]      ; 0                 ; 0       ;
;      - keccak_xof:u_keccak|f_permutation:f_permutation_|out[714]      ; 0                 ; 0       ;
;      - keccak_xof:u_keccak|f_permutation:f_permutation_|out[715]      ; 0                 ; 0       ;
;      - keccak_xof:u_keccak|f_permutation:f_permutation_|out[716]      ; 0                 ; 0       ;
;      - keccak_xof:u_keccak|f_permutation:f_permutation_|out[717]      ; 0                 ; 0       ;
;      - keccak_xof:u_keccak|f_permutation:f_permutation_|out[718]      ; 0                 ; 0       ;
;      - keccak_xof:u_keccak|f_permutation:f_permutation_|out[719]      ; 0                 ; 0       ;
;      - keccak_xof:u_keccak|f_permutation:f_permutation_|out[720]      ; 0                 ; 0       ;
;      - keccak_xof:u_keccak|f_permutation:f_permutation_|out[721]      ; 0                 ; 0       ;
;      - keccak_xof:u_keccak|f_permutation:f_permutation_|out[722]      ; 0                 ; 0       ;
;      - keccak_xof:u_keccak|f_permutation:f_permutation_|out[723]      ; 0                 ; 0       ;
;      - keccak_xof:u_keccak|f_permutation:f_permutation_|out[724]      ; 0                 ; 0       ;
;      - keccak_xof:u_keccak|f_permutation:f_permutation_|out[725]      ; 0                 ; 0       ;
;      - keccak_xof:u_keccak|f_permutation:f_permutation_|out[726]      ; 0                 ; 0       ;
;      - keccak_xof:u_keccak|f_permutation:f_permutation_|out[727]      ; 0                 ; 0       ;
;      - keccak_xof:u_keccak|f_permutation:f_permutation_|out[728]      ; 0                 ; 0       ;
;      - keccak_xof:u_keccak|f_permutation:f_permutation_|out[729]      ; 0                 ; 0       ;
;      - keccak_xof:u_keccak|f_permutation:f_permutation_|out[730]      ; 0                 ; 0       ;
;      - keccak_xof:u_keccak|f_permutation:f_permutation_|out[731]      ; 0                 ; 0       ;
;      - keccak_xof:u_keccak|f_permutation:f_permutation_|out[732]      ; 0                 ; 0       ;
;      - keccak_xof:u_keccak|f_permutation:f_permutation_|out[733]      ; 0                 ; 0       ;
;      - keccak_xof:u_keccak|f_permutation:f_permutation_|out[734]      ; 0                 ; 0       ;
;      - keccak_xof:u_keccak|f_permutation:f_permutation_|out[735]      ; 0                 ; 0       ;
;      - keccak_xof:u_keccak|f_permutation:f_permutation_|out[736]      ; 0                 ; 0       ;
;      - keccak_xof:u_keccak|f_permutation:f_permutation_|out[737]      ; 0                 ; 0       ;
;      - keccak_xof:u_keccak|f_permutation:f_permutation_|out[738]      ; 0                 ; 0       ;
;      - keccak_xof:u_keccak|f_permutation:f_permutation_|out[739]      ; 0                 ; 0       ;
;      - keccak_xof:u_keccak|f_permutation:f_permutation_|out[740]      ; 0                 ; 0       ;
;      - keccak_xof:u_keccak|f_permutation:f_permutation_|out[741]      ; 0                 ; 0       ;
;      - keccak_xof:u_keccak|f_permutation:f_permutation_|out[742]      ; 0                 ; 0       ;
;      - keccak_xof:u_keccak|f_permutation:f_permutation_|out[743]      ; 0                 ; 0       ;
;      - keccak_xof:u_keccak|f_permutation:f_permutation_|out[744]      ; 0                 ; 0       ;
;      - keccak_xof:u_keccak|f_permutation:f_permutation_|out[745]      ; 0                 ; 0       ;
;      - keccak_xof:u_keccak|f_permutation:f_permutation_|out[746]      ; 0                 ; 0       ;
;      - keccak_xof:u_keccak|f_permutation:f_permutation_|out[747]      ; 0                 ; 0       ;
;      - keccak_xof:u_keccak|f_permutation:f_permutation_|out[748]      ; 0                 ; 0       ;
;      - keccak_xof:u_keccak|f_permutation:f_permutation_|out[749]      ; 0                 ; 0       ;
;      - keccak_xof:u_keccak|f_permutation:f_permutation_|out[750]      ; 0                 ; 0       ;
;      - keccak_xof:u_keccak|f_permutation:f_permutation_|round_in[490] ; 0                 ; 0       ;
;      - keccak_xof:u_keccak|f_permutation:f_permutation_|out[752]      ; 0                 ; 0       ;
;      - keccak_xof:u_keccak|f_permutation:f_permutation_|out[753]      ; 0                 ; 0       ;
;      - keccak_xof:u_keccak|f_permutation:f_permutation_|out[754]      ; 0                 ; 0       ;
;      - keccak_xof:u_keccak|f_permutation:f_permutation_|out[755]      ; 0                 ; 0       ;
;      - keccak_xof:u_keccak|f_permutation:f_permutation_|out[756]      ; 0                 ; 0       ;
;      - keccak_xof:u_keccak|f_permutation:f_permutation_|out[757]      ; 0                 ; 0       ;
;      - keccak_xof:u_keccak|f_permutation:f_permutation_|out[758]      ; 0                 ; 0       ;
;      - keccak_xof:u_keccak|f_permutation:f_permutation_|out[759]      ; 0                 ; 0       ;
;      - keccak_xof:u_keccak|f_permutation:f_permutation_|out[760]      ; 0                 ; 0       ;
;      - keccak_xof:u_keccak|f_permutation:f_permutation_|out[761]      ; 0                 ; 0       ;
;      - keccak_xof:u_keccak|f_permutation:f_permutation_|out[762]      ; 0                 ; 0       ;
;      - keccak_xof:u_keccak|f_permutation:f_permutation_|out[763]      ; 0                 ; 0       ;
;      - keccak_xof:u_keccak|f_permutation:f_permutation_|out[764]      ; 0                 ; 0       ;
;      - keccak_xof:u_keccak|f_permutation:f_permutation_|out[765]      ; 0                 ; 0       ;
;      - keccak_xof:u_keccak|f_permutation:f_permutation_|out[766]      ; 0                 ; 0       ;
;      - keccak_xof:u_keccak|f_permutation:f_permutation_|out[767]      ; 0                 ; 0       ;
;      - keccak_xof:u_keccak|f_permutation:f_permutation_|out[768]      ; 0                 ; 0       ;
;      - keccak_xof:u_keccak|f_permutation:f_permutation_|out[769]      ; 0                 ; 0       ;
;      - keccak_xof:u_keccak|f_permutation:f_permutation_|out[770]      ; 0                 ; 0       ;
;      - keccak_xof:u_keccak|f_permutation:f_permutation_|out[771]      ; 0                 ; 0       ;
;      - keccak_xof:u_keccak|f_permutation:f_permutation_|out[772]      ; 0                 ; 0       ;
;      - keccak_xof:u_keccak|f_permutation:f_permutation_|out[773]      ; 0                 ; 0       ;
;      - keccak_xof:u_keccak|f_permutation:f_permutation_|out[774]      ; 0                 ; 0       ;
;      - keccak_xof:u_keccak|f_permutation:f_permutation_|out[775]      ; 0                 ; 0       ;
;      - keccak_xof:u_keccak|f_permutation:f_permutation_|out[776]      ; 0                 ; 0       ;
;      - keccak_xof:u_keccak|f_permutation:f_permutation_|out[777]      ; 0                 ; 0       ;
;      - keccak_xof:u_keccak|f_permutation:f_permutation_|out[778]      ; 0                 ; 0       ;
;      - keccak_xof:u_keccak|f_permutation:f_permutation_|out[779]      ; 0                 ; 0       ;
;      - keccak_xof:u_keccak|f_permutation:f_permutation_|out[780]      ; 0                 ; 0       ;
;      - keccak_xof:u_keccak|f_permutation:f_permutation_|out[781]      ; 0                 ; 0       ;
;      - keccak_xof:u_keccak|f_permutation:f_permutation_|out[782]      ; 0                 ; 0       ;
;      - keccak_xof:u_keccak|f_permutation:f_permutation_|out[783]      ; 0                 ; 0       ;
;      - keccak_xof:u_keccak|f_permutation:f_permutation_|out[784]      ; 0                 ; 0       ;
;      - keccak_xof:u_keccak|f_permutation:f_permutation_|out[785]      ; 0                 ; 0       ;
;      - keccak_xof:u_keccak|f_permutation:f_permutation_|out[786]      ; 0                 ; 0       ;
;      - keccak_xof:u_keccak|f_permutation:f_permutation_|out[787]      ; 0                 ; 0       ;
;      - keccak_xof:u_keccak|f_permutation:f_permutation_|out[788]      ; 0                 ; 0       ;
;      - keccak_xof:u_keccak|f_permutation:f_permutation_|out[789]      ; 0                 ; 0       ;
;      - keccak_xof:u_keccak|f_permutation:f_permutation_|out[790]      ; 0                 ; 0       ;
;      - keccak_xof:u_keccak|f_permutation:f_permutation_|out[791]      ; 0                 ; 0       ;
;      - keccak_xof:u_keccak|f_permutation:f_permutation_|out[792]      ; 0                 ; 0       ;
;      - keccak_xof:u_keccak|f_permutation:f_permutation_|out[793]      ; 0                 ; 0       ;
;      - keccak_xof:u_keccak|f_permutation:f_permutation_|out[794]      ; 0                 ; 0       ;
;      - keccak_xof:u_keccak|f_permutation:f_permutation_|out[795]      ; 0                 ; 0       ;
;      - keccak_xof:u_keccak|f_permutation:f_permutation_|out[796]      ; 0                 ; 0       ;
;      - keccak_xof:u_keccak|f_permutation:f_permutation_|out[797]      ; 0                 ; 0       ;
;      - keccak_xof:u_keccak|f_permutation:f_permutation_|out[798]      ; 0                 ; 0       ;
;      - keccak_xof:u_keccak|f_permutation:f_permutation_|out[799]      ; 0                 ; 0       ;
;      - keccak_xof:u_keccak|f_permutation:f_permutation_|out[800]      ; 0                 ; 0       ;
;      - keccak_xof:u_keccak|f_permutation:f_permutation_|out[801]      ; 0                 ; 0       ;
;      - keccak_xof:u_keccak|f_permutation:f_permutation_|out[802]      ; 0                 ; 0       ;
;      - keccak_xof:u_keccak|f_permutation:f_permutation_|out[803]      ; 0                 ; 0       ;
;      - keccak_xof:u_keccak|f_permutation:f_permutation_|out[804]      ; 0                 ; 0       ;
;      - keccak_xof:u_keccak|f_permutation:f_permutation_|out[805]      ; 0                 ; 0       ;
;      - keccak_xof:u_keccak|f_permutation:f_permutation_|out[806]      ; 0                 ; 0       ;
;      - keccak_xof:u_keccak|f_permutation:f_permutation_|out[807]      ; 0                 ; 0       ;
;      - keccak_xof:u_keccak|f_permutation:f_permutation_|out[808]      ; 0                 ; 0       ;
;      - keccak_xof:u_keccak|f_permutation:f_permutation_|out[809]      ; 0                 ; 0       ;
;      - keccak_xof:u_keccak|f_permutation:f_permutation_|out[810]      ; 0                 ; 0       ;
;      - keccak_xof:u_keccak|f_permutation:f_permutation_|out[811]      ; 0                 ; 0       ;
;      - keccak_xof:u_keccak|f_permutation:f_permutation_|out[812]      ; 0                 ; 0       ;
;      - keccak_xof:u_keccak|f_permutation:f_permutation_|out[813]      ; 0                 ; 0       ;
;      - keccak_xof:u_keccak|f_permutation:f_permutation_|out[814]      ; 0                 ; 0       ;
;      - keccak_xof:u_keccak|f_permutation:f_permutation_|out[815]      ; 0                 ; 0       ;
;      - keccak_xof:u_keccak|f_permutation:f_permutation_|out[816]      ; 0                 ; 0       ;
;      - keccak_xof:u_keccak|f_permutation:f_permutation_|out[817]      ; 0                 ; 0       ;
;      - keccak_xof:u_keccak|f_permutation:f_permutation_|out[818]      ; 0                 ; 0       ;
;      - keccak_xof:u_keccak|f_permutation:f_permutation_|out[819]      ; 0                 ; 0       ;
;      - keccak_xof:u_keccak|f_permutation:f_permutation_|out[820]      ; 0                 ; 0       ;
;      - keccak_xof:u_keccak|f_permutation:f_permutation_|out[821]      ; 0                 ; 0       ;
;      - keccak_xof:u_keccak|f_permutation:f_permutation_|out[822]      ; 0                 ; 0       ;
;      - keccak_xof:u_keccak|f_permutation:f_permutation_|out[823]      ; 0                 ; 0       ;
;      - keccak_xof:u_keccak|f_permutation:f_permutation_|out[824]      ; 0                 ; 0       ;
;      - keccak_xof:u_keccak|f_permutation:f_permutation_|out[825]      ; 0                 ; 0       ;
;      - keccak_xof:u_keccak|f_permutation:f_permutation_|out[826]      ; 0                 ; 0       ;
;      - keccak_xof:u_keccak|f_permutation:f_permutation_|out[827]      ; 0                 ; 0       ;
;      - keccak_xof:u_keccak|f_permutation:f_permutation_|out[828]      ; 0                 ; 0       ;
;      - keccak_xof:u_keccak|f_permutation:f_permutation_|out[829]      ; 0                 ; 0       ;
;      - keccak_xof:u_keccak|f_permutation:f_permutation_|out[830]      ; 0                 ; 0       ;
;      - keccak_xof:u_keccak|f_permutation:f_permutation_|out[831]      ; 0                 ; 0       ;
;      - keccak_xof:u_keccak|f_permutation:f_permutation_|out[832]      ; 0                 ; 0       ;
;      - keccak_xof:u_keccak|f_permutation:f_permutation_|out[833]      ; 0                 ; 0       ;
;      - keccak_xof:u_keccak|f_permutation:f_permutation_|out[834]      ; 0                 ; 0       ;
;      - keccak_xof:u_keccak|f_permutation:f_permutation_|out[835]      ; 0                 ; 0       ;
;      - keccak_xof:u_keccak|f_permutation:f_permutation_|out[836]      ; 0                 ; 0       ;
;      - keccak_xof:u_keccak|f_permutation:f_permutation_|out[837]      ; 0                 ; 0       ;
;      - keccak_xof:u_keccak|f_permutation:f_permutation_|out[838]      ; 0                 ; 0       ;
;      - keccak_xof:u_keccak|f_permutation:f_permutation_|out[839]      ; 0                 ; 0       ;
;      - keccak_xof:u_keccak|f_permutation:f_permutation_|out[840]      ; 0                 ; 0       ;
;      - keccak_xof:u_keccak|f_permutation:f_permutation_|out[841]      ; 0                 ; 0       ;
;      - keccak_xof:u_keccak|f_permutation:f_permutation_|out[842]      ; 0                 ; 0       ;
;      - keccak_xof:u_keccak|f_permutation:f_permutation_|out[843]      ; 0                 ; 0       ;
;      - keccak_xof:u_keccak|f_permutation:f_permutation_|out[844]      ; 0                 ; 0       ;
;      - keccak_xof:u_keccak|f_permutation:f_permutation_|out[845]      ; 0                 ; 0       ;
;      - keccak_xof:u_keccak|f_permutation:f_permutation_|out[846]      ; 0                 ; 0       ;
;      - keccak_xof:u_keccak|f_permutation:f_permutation_|out[847]      ; 0                 ; 0       ;
;      - keccak_xof:u_keccak|f_permutation:f_permutation_|out[848]      ; 0                 ; 0       ;
;      - keccak_xof:u_keccak|f_permutation:f_permutation_|out[849]      ; 0                 ; 0       ;
;      - keccak_xof:u_keccak|f_permutation:f_permutation_|out[850]      ; 0                 ; 0       ;
;      - keccak_xof:u_keccak|f_permutation:f_permutation_|out[851]      ; 0                 ; 0       ;
;      - keccak_xof:u_keccak|f_permutation:f_permutation_|out[852]      ; 0                 ; 0       ;
;      - keccak_xof:u_keccak|f_permutation:f_permutation_|out[853]      ; 0                 ; 0       ;
;      - keccak_xof:u_keccak|f_permutation:f_permutation_|out[854]      ; 0                 ; 0       ;
;      - keccak_xof:u_keccak|f_permutation:f_permutation_|out[855]      ; 0                 ; 0       ;
;      - keccak_xof:u_keccak|f_permutation:f_permutation_|out[856]      ; 0                 ; 0       ;
;      - keccak_xof:u_keccak|f_permutation:f_permutation_|out[857]      ; 0                 ; 0       ;
;      - keccak_xof:u_keccak|f_permutation:f_permutation_|out[858]      ; 0                 ; 0       ;
;      - keccak_xof:u_keccak|f_permutation:f_permutation_|out[859]      ; 0                 ; 0       ;
;      - keccak_xof:u_keccak|f_permutation:f_permutation_|out[860]      ; 0                 ; 0       ;
;      - keccak_xof:u_keccak|f_permutation:f_permutation_|out[861]      ; 0                 ; 0       ;
;      - keccak_xof:u_keccak|f_permutation:f_permutation_|out[862]      ; 0                 ; 0       ;
;      - keccak_xof:u_keccak|f_permutation:f_permutation_|out[863]      ; 0                 ; 0       ;
;      - keccak_xof:u_keccak|f_permutation:f_permutation_|out[864]      ; 0                 ; 0       ;
;      - keccak_xof:u_keccak|f_permutation:f_permutation_|out[865]      ; 0                 ; 0       ;
;      - keccak_xof:u_keccak|f_permutation:f_permutation_|out[866]      ; 0                 ; 0       ;
;      - keccak_xof:u_keccak|f_permutation:f_permutation_|out[867]      ; 0                 ; 0       ;
;      - keccak_xof:u_keccak|f_permutation:f_permutation_|out[868]      ; 0                 ; 0       ;
;      - keccak_xof:u_keccak|f_permutation:f_permutation_|out[869]      ; 0                 ; 0       ;
;      - keccak_xof:u_keccak|f_permutation:f_permutation_|out[870]      ; 0                 ; 0       ;
;      - keccak_xof:u_keccak|f_permutation:f_permutation_|out[871]      ; 0                 ; 0       ;
;      - keccak_xof:u_keccak|f_permutation:f_permutation_|out[872]      ; 0                 ; 0       ;
;      - keccak_xof:u_keccak|f_permutation:f_permutation_|out[873]      ; 0                 ; 0       ;
;      - keccak_xof:u_keccak|f_permutation:f_permutation_|out[874]      ; 0                 ; 0       ;
;      - keccak_xof:u_keccak|f_permutation:f_permutation_|out[875]      ; 0                 ; 0       ;
;      - keccak_xof:u_keccak|f_permutation:f_permutation_|out[876]      ; 0                 ; 0       ;
;      - keccak_xof:u_keccak|f_permutation:f_permutation_|out[877]      ; 0                 ; 0       ;
;      - keccak_xof:u_keccak|f_permutation:f_permutation_|out[878]      ; 0                 ; 0       ;
;      - keccak_xof:u_keccak|f_permutation:f_permutation_|out[879]      ; 0                 ; 0       ;
;      - keccak_xof:u_keccak|f_permutation:f_permutation_|out[880]      ; 0                 ; 0       ;
;      - keccak_xof:u_keccak|f_permutation:f_permutation_|out[881]      ; 0                 ; 0       ;
;      - keccak_xof:u_keccak|f_permutation:f_permutation_|out[882]      ; 0                 ; 0       ;
;      - keccak_xof:u_keccak|f_permutation:f_permutation_|out[883]      ; 0                 ; 0       ;
;      - keccak_xof:u_keccak|f_permutation:f_permutation_|out[884]      ; 0                 ; 0       ;
;      - keccak_xof:u_keccak|f_permutation:f_permutation_|out[885]      ; 0                 ; 0       ;
;      - keccak_xof:u_keccak|f_permutation:f_permutation_|out[886]      ; 0                 ; 0       ;
;      - keccak_xof:u_keccak|f_permutation:f_permutation_|out[887]      ; 0                 ; 0       ;
;      - keccak_xof:u_keccak|f_permutation:f_permutation_|out[888]      ; 0                 ; 0       ;
;      - keccak_xof:u_keccak|f_permutation:f_permutation_|out[889]      ; 0                 ; 0       ;
;      - keccak_xof:u_keccak|f_permutation:f_permutation_|out[890]      ; 0                 ; 0       ;
;      - keccak_xof:u_keccak|f_permutation:f_permutation_|out[891]      ; 0                 ; 0       ;
;      - keccak_xof:u_keccak|f_permutation:f_permutation_|out[892]      ; 0                 ; 0       ;
;      - keccak_xof:u_keccak|f_permutation:f_permutation_|out[893]      ; 0                 ; 0       ;
;      - keccak_xof:u_keccak|f_permutation:f_permutation_|out[894]      ; 0                 ; 0       ;
;      - keccak_xof:u_keccak|f_permutation:f_permutation_|out[895]      ; 0                 ; 0       ;
;      - keccak_xof:u_keccak|f_permutation:f_permutation_|out[896]      ; 0                 ; 0       ;
;      - keccak_xof:u_keccak|f_permutation:f_permutation_|out[897]      ; 0                 ; 0       ;
;      - keccak_xof:u_keccak|f_permutation:f_permutation_|out[898]      ; 0                 ; 0       ;
;      - keccak_xof:u_keccak|f_permutation:f_permutation_|out[899]      ; 0                 ; 0       ;
;      - keccak_xof:u_keccak|f_permutation:f_permutation_|out[900]      ; 0                 ; 0       ;
;      - keccak_xof:u_keccak|f_permutation:f_permutation_|out[901]      ; 0                 ; 0       ;
;      - keccak_xof:u_keccak|f_permutation:f_permutation_|out[902]      ; 0                 ; 0       ;
;      - keccak_xof:u_keccak|f_permutation:f_permutation_|out[903]      ; 0                 ; 0       ;
;      - keccak_xof:u_keccak|f_permutation:f_permutation_|out[904]      ; 0                 ; 0       ;
;      - keccak_xof:u_keccak|f_permutation:f_permutation_|out[905]      ; 0                 ; 0       ;
;      - keccak_xof:u_keccak|f_permutation:f_permutation_|out[906]      ; 0                 ; 0       ;
;      - keccak_xof:u_keccak|f_permutation:f_permutation_|out[907]      ; 0                 ; 0       ;
;      - keccak_xof:u_keccak|f_permutation:f_permutation_|out[908]      ; 0                 ; 0       ;
;      - keccak_xof:u_keccak|f_permutation:f_permutation_|out[909]      ; 0                 ; 0       ;
;      - keccak_xof:u_keccak|f_permutation:f_permutation_|out[910]      ; 0                 ; 0       ;
;      - keccak_xof:u_keccak|f_permutation:f_permutation_|out[911]      ; 0                 ; 0       ;
;      - keccak_xof:u_keccak|f_permutation:f_permutation_|out[912]      ; 0                 ; 0       ;
;      - keccak_xof:u_keccak|f_permutation:f_permutation_|out[913]      ; 0                 ; 0       ;
;      - keccak_xof:u_keccak|f_permutation:f_permutation_|out[914]      ; 0                 ; 0       ;
;      - keccak_xof:u_keccak|f_permutation:f_permutation_|out[915]      ; 0                 ; 0       ;
;      - keccak_xof:u_keccak|f_permutation:f_permutation_|out[916]      ; 0                 ; 0       ;
;      - keccak_xof:u_keccak|f_permutation:f_permutation_|out[917]      ; 0                 ; 0       ;
;      - keccak_xof:u_keccak|f_permutation:f_permutation_|out[918]      ; 0                 ; 0       ;
;      - keccak_xof:u_keccak|f_permutation:f_permutation_|out[919]      ; 0                 ; 0       ;
;      - keccak_xof:u_keccak|f_permutation:f_permutation_|out[920]      ; 0                 ; 0       ;
;      - keccak_xof:u_keccak|f_permutation:f_permutation_|out[921]      ; 0                 ; 0       ;
;      - keccak_xof:u_keccak|f_permutation:f_permutation_|out[922]      ; 0                 ; 0       ;
;      - keccak_xof:u_keccak|f_permutation:f_permutation_|out[923]      ; 0                 ; 0       ;
;      - keccak_xof:u_keccak|f_permutation:f_permutation_|out[924]      ; 0                 ; 0       ;
;      - keccak_xof:u_keccak|f_permutation:f_permutation_|out[925]      ; 0                 ; 0       ;
;      - keccak_xof:u_keccak|f_permutation:f_permutation_|out[926]      ; 0                 ; 0       ;
;      - keccak_xof:u_keccak|f_permutation:f_permutation_|out[927]      ; 0                 ; 0       ;
;      - keccak_xof:u_keccak|f_permutation:f_permutation_|out[928]      ; 0                 ; 0       ;
;      - keccak_xof:u_keccak|f_permutation:f_permutation_|out[929]      ; 0                 ; 0       ;
;      - keccak_xof:u_keccak|f_permutation:f_permutation_|out[930]      ; 0                 ; 0       ;
;      - keccak_xof:u_keccak|f_permutation:f_permutation_|out[931]      ; 0                 ; 0       ;
;      - keccak_xof:u_keccak|f_permutation:f_permutation_|out[932]      ; 0                 ; 0       ;
;      - keccak_xof:u_keccak|f_permutation:f_permutation_|out[933]      ; 0                 ; 0       ;
;      - keccak_xof:u_keccak|f_permutation:f_permutation_|out[934]      ; 0                 ; 0       ;
;      - keccak_xof:u_keccak|f_permutation:f_permutation_|out[935]      ; 0                 ; 0       ;
;      - keccak_xof:u_keccak|f_permutation:f_permutation_|out[936]      ; 0                 ; 0       ;
;      - keccak_xof:u_keccak|f_permutation:f_permutation_|out[937]      ; 0                 ; 0       ;
;      - keccak_xof:u_keccak|f_permutation:f_permutation_|out[938]      ; 0                 ; 0       ;
;      - keccak_xof:u_keccak|f_permutation:f_permutation_|out[939]      ; 0                 ; 0       ;
;      - keccak_xof:u_keccak|f_permutation:f_permutation_|out[940]      ; 0                 ; 0       ;
;      - keccak_xof:u_keccak|f_permutation:f_permutation_|out[941]      ; 0                 ; 0       ;
;      - keccak_xof:u_keccak|f_permutation:f_permutation_|out[942]      ; 0                 ; 0       ;
;      - keccak_xof:u_keccak|f_permutation:f_permutation_|out[943]      ; 0                 ; 0       ;
;      - keccak_xof:u_keccak|f_permutation:f_permutation_|out[944]      ; 0                 ; 0       ;
;      - keccak_xof:u_keccak|f_permutation:f_permutation_|out[945]      ; 0                 ; 0       ;
;      - keccak_xof:u_keccak|f_permutation:f_permutation_|out[946]      ; 0                 ; 0       ;
;      - keccak_xof:u_keccak|f_permutation:f_permutation_|out[947]      ; 0                 ; 0       ;
;      - keccak_xof:u_keccak|f_permutation:f_permutation_|out[948]      ; 0                 ; 0       ;
;      - keccak_xof:u_keccak|f_permutation:f_permutation_|out[949]      ; 0                 ; 0       ;
;      - keccak_xof:u_keccak|f_permutation:f_permutation_|out[950]      ; 0                 ; 0       ;
;      - keccak_xof:u_keccak|f_permutation:f_permutation_|out[951]      ; 0                 ; 0       ;
;      - keccak_xof:u_keccak|f_permutation:f_permutation_|out[952]      ; 0                 ; 0       ;
;      - keccak_xof:u_keccak|f_permutation:f_permutation_|out[953]      ; 0                 ; 0       ;
;      - keccak_xof:u_keccak|f_permutation:f_permutation_|out[954]      ; 0                 ; 0       ;
;      - keccak_xof:u_keccak|f_permutation:f_permutation_|out[955]      ; 0                 ; 0       ;
;      - keccak_xof:u_keccak|f_permutation:f_permutation_|out[956]      ; 0                 ; 0       ;
;      - keccak_xof:u_keccak|f_permutation:f_permutation_|out[957]      ; 0                 ; 0       ;
;      - keccak_xof:u_keccak|f_permutation:f_permutation_|out[958]      ; 0                 ; 0       ;
;      - keccak_xof:u_keccak|f_permutation:f_permutation_|out[959]      ; 0                 ; 0       ;
;      - keccak_xof:u_keccak|f_permutation:f_permutation_|out[960]      ; 0                 ; 0       ;
;      - keccak_xof:u_keccak|f_permutation:f_permutation_|out[961]      ; 0                 ; 0       ;
;      - keccak_xof:u_keccak|f_permutation:f_permutation_|out[962]      ; 0                 ; 0       ;
;      - keccak_xof:u_keccak|f_permutation:f_permutation_|out[963]      ; 0                 ; 0       ;
;      - keccak_xof:u_keccak|f_permutation:f_permutation_|out[964]      ; 0                 ; 0       ;
;      - keccak_xof:u_keccak|f_permutation:f_permutation_|out[965]      ; 0                 ; 0       ;
;      - keccak_xof:u_keccak|f_permutation:f_permutation_|out[966]      ; 0                 ; 0       ;
;      - keccak_xof:u_keccak|f_permutation:f_permutation_|out[967]      ; 0                 ; 0       ;
;      - keccak_xof:u_keccak|f_permutation:f_permutation_|out[968]      ; 0                 ; 0       ;
;      - keccak_xof:u_keccak|f_permutation:f_permutation_|out[969]      ; 0                 ; 0       ;
;      - keccak_xof:u_keccak|f_permutation:f_permutation_|out[970]      ; 0                 ; 0       ;
;      - keccak_xof:u_keccak|f_permutation:f_permutation_|out[971]      ; 0                 ; 0       ;
;      - keccak_xof:u_keccak|f_permutation:f_permutation_|out[972]      ; 0                 ; 0       ;
;      - keccak_xof:u_keccak|f_permutation:f_permutation_|out[973]      ; 0                 ; 0       ;
;      - keccak_xof:u_keccak|f_permutation:f_permutation_|out[974]      ; 0                 ; 0       ;
;      - keccak_xof:u_keccak|f_permutation:f_permutation_|out[975]      ; 0                 ; 0       ;
;      - keccak_xof:u_keccak|f_permutation:f_permutation_|out[976]      ; 0                 ; 0       ;
;      - keccak_xof:u_keccak|f_permutation:f_permutation_|out[977]      ; 0                 ; 0       ;
;      - keccak_xof:u_keccak|f_permutation:f_permutation_|out[978]      ; 0                 ; 0       ;
;      - keccak_xof:u_keccak|f_permutation:f_permutation_|out[979]      ; 0                 ; 0       ;
;      - keccak_xof:u_keccak|f_permutation:f_permutation_|out[980]      ; 0                 ; 0       ;
;      - keccak_xof:u_keccak|f_permutation:f_permutation_|out[981]      ; 0                 ; 0       ;
;      - keccak_xof:u_keccak|f_permutation:f_permutation_|out[982]      ; 0                 ; 0       ;
;      - keccak_xof:u_keccak|f_permutation:f_permutation_|out[983]      ; 0                 ; 0       ;
;      - keccak_xof:u_keccak|f_permutation:f_permutation_|out[984]      ; 0                 ; 0       ;
;      - keccak_xof:u_keccak|f_permutation:f_permutation_|out[985]      ; 0                 ; 0       ;
;      - keccak_xof:u_keccak|f_permutation:f_permutation_|out[986]      ; 0                 ; 0       ;
;      - keccak_xof:u_keccak|f_permutation:f_permutation_|out[987]      ; 0                 ; 0       ;
;      - keccak_xof:u_keccak|f_permutation:f_permutation_|out[988]      ; 0                 ; 0       ;
;      - keccak_xof:u_keccak|f_permutation:f_permutation_|out[989]      ; 0                 ; 0       ;
;      - keccak_xof:u_keccak|f_permutation:f_permutation_|calc          ; 0                 ; 0       ;
;      - keccak_xof:u_keccak|f_permutation:f_permutation_|out[990]~0    ; 0                 ; 0       ;
;      - keccak_xof:u_keccak|st~8                                       ; 0                 ; 0       ;
;      - keccak_xof:u_keccak|st~10                                      ; 0                 ; 0       ;
;      - keccak_xof:u_keccak|i[2]~0                                     ; 0                 ; 0       ;
;      - keccak_xof:u_keccak|st~12                                      ; 0                 ; 0       ;
;      - keccak_xof:u_keccak|st_d~12                                    ; 0                 ; 0       ;
;      - keccak_xof:u_keccak|padder_fast_2:padder_|pad_bit~1            ; 0                 ; 0       ;
;      - keccak_xof:u_keccak|st~13                                      ; 0                 ; 0       ;
; start                                                                 ;                   ;         ;
;      - running                                                        ; 1                 ; 0       ;
;      - Selector1119~0                                                 ; 1                 ; 0       ;
;      - Selector1118~0                                                 ; 1                 ; 0       ;
;      - Selector1119~3                                                 ; 1                 ; 0       ;
+-----------------------------------------------------------------------+-------------------+---------+


+----------------------------------------------------------------------------------------------------------------------------------------------------------------------------------------------------------+
; Control Signals                                                                                                                                                                                          ;
+-------------------------------------------------------------+-----------------------+---------+---------------------------+--------+----------------------+------------------+---------------------------+
; Name                                                        ; Location              ; Fan-Out ; Usage                     ; Global ; Global Resource Used ; Global Line Name ; Enable Signal Source Name ;
+-------------------------------------------------------------+-----------------------+---------+---------------------------+--------+----------------------+------------------+---------------------------+
; ast.A_IDLE                                                  ; FF_X95_Y107_N14       ; 1114    ; Clock enable, Sync. clear ; no     ; --                   ; --               ; --                        ;
; ast.A_RUN                                                   ; FF_X95_Y107_N2        ; 1115    ; Sync. clear               ; no     ; --                   ; --               ; --                        ;
; bitbuf[102]~3                                               ; LABCELL_X95_Y107_N51  ; 1094    ; Clock enable              ; no     ; --                   ; --               ; --                        ;
; bitbuf[1082]~4                                              ; LABCELL_X74_Y101_N6   ; 8       ; Sync. clear               ; no     ; --                   ; --               ; --                        ;
; clk                                                         ; PIN_V27               ; 2769    ; Clock                     ; yes    ; Global Clock         ; GCLK8            ; --                        ;
; keccak_xof:u_keccak|f_permutation:f_permutation_|out[990]~0 ; LABCELL_X106_Y100_N15 ; 1600    ; Clock enable              ; no     ; --                   ; --               ; --                        ;
; keccak_xof:u_keccak|i[2]~0                                  ; LABCELL_X107_Y100_N51 ; 11      ; Sync. clear               ; no     ; --                   ; --               ; --                        ;
; keccak_xof:u_keccak|padder_fast_2:padder_|pad_bit~1         ; LABCELL_X106_Y100_N6  ; 1       ; Clock enable              ; no     ; --                   ; --               ; --                        ;
; prg_bits[0]~0                                               ; LABCELL_X95_Y107_N54  ; 9       ; Clock enable              ; no     ; --                   ; --               ; --                        ;
; rst_n                                                       ; PIN_W27               ; 1626    ; Sync. clear, Sync. load   ; no     ; --                   ; --               ; --                        ;
; rst_n                                                       ; PIN_W27               ; 1136    ; Async. clear              ; yes    ; Global Clock         ; GCLK9            ; --                        ;
+-------------------------------------------------------------+-----------------------+---------+---------------------------+--------+----------------------+------------------+---------------------------+


+--------------------------------------------------------------------------------------------------+
; Global & Other Fast Signals                                                                      ;
+-------+----------+---------+----------------------+------------------+---------------------------+
; Name  ; Location ; Fan-Out ; Global Resource Used ; Global Line Name ; Enable Signal Source Name ;
+-------+----------+---------+----------------------+------------------+---------------------------+
; clk   ; PIN_V27  ; 2769    ; Global Clock         ; GCLK8            ; --                        ;
; rst_n ; PIN_W27  ; 1136    ; Global Clock         ; GCLK9            ; --                        ;
+-------+----------+---------+----------------------+------------------+---------------------------+


+-----------------------------------------------------------------------+
; Non-Global High Fan-Out Signals                                       ;
+-------------------------------------------------------------+---------+
; Name                                                        ; Fan-Out ;
+-------------------------------------------------------------+---------+
; rst_n~input                                                 ; 1625    ;
; keccak_xof:u_keccak|f_permutation:f_permutation_|out[990]~0 ; 1600    ;
; ast.A_RUN                                                   ; 1115    ;
; ast.A_IDLE                                                  ; 1114    ;
; bitbuf[102]~3                                               ; 1094    ;
+-------------------------------------------------------------+---------+


+----------------------------------------------------------+
; Routing Usage Summary                                    ;
+------------------------------+---------------------------+
; Routing Resource Type        ; Usage                     ;
+------------------------------+---------------------------+
; Block interconnects          ; 17,287 / 721,028 ( 2 % )  ;
; C12 interconnects            ; 1,059 / 30,780 ( 3 % )    ;
; C2 interconnects             ; 8,918 / 303,248 ( 3 % )   ;
; C4 interconnects             ; 5,261 / 140,620 ( 4 % )   ;
; DQS bus muxes                ; 0 / 35 ( 0 % )            ;
; DQS-18 I/O buses             ; 0 / 35 ( 0 % )            ;
; DQS-9 I/O buses              ; 0 / 35 ( 0 % )            ;
; Direct links                 ; 407 / 721,028 ( < 1 % )   ;
; Global clocks                ; 2 / 16 ( 13 % )           ;
; Horizontal periphery clocks  ; 0 / 96 ( 0 % )            ;
; Local interconnects          ; 1,545 / 227,120 ( < 1 % ) ;
; Quadrant clocks              ; 0 / 88 ( 0 % )            ;
; R14 interconnects            ; 1,110 / 30,168 ( 4 % )    ;
; R14/C12 interconnect drivers ; 2,022 / 53,952 ( 4 % )    ;
; R3 interconnects             ; 9,953 / 331,920 ( 3 % )   ;
; R6 interconnects             ; 17,087 / 622,512 ( 3 % )  ;
; Spine clocks                 ; 8 / 480 ( 2 % )           ;
; Wire stub REs                ; 0 / 40,996 ( 0 % )        ;
+------------------------------+---------------------------+


+------------------------------------------+
; I/O Rules Summary                        ;
+----------------------------------+-------+
; I/O Rules Statistic              ; Total ;
+----------------------------------+-------+
; Total I/O Rules                  ; 28    ;
; Number of I/O Rules Passed       ; 6     ;
; Number of I/O Rules Failed       ; 0     ;
; Number of I/O Rules Unchecked    ; 0     ;
; Number of I/O Rules Inapplicable ; 22    ;
+----------------------------------+-------+


+-----------------------------------------------------------------------------------------------------------------------------------------------------------------------------------------------------------------------------------------------------------------------------------+
; I/O Rules Details                                                                                                                                                                                                                                                                 ;
+--------------+-----------+-----------------------------------+------------------------------------------------------------------------------------+----------+--------------------------------------------------------------------------+---------------------+-------------------+
; Status       ; ID        ; Category                          ; Rule Description                                                                   ; Severity ; Information                                                              ; Area                ; Extra Information ;
+--------------+-----------+-----------------------------------+------------------------------------------------------------------------------------+----------+--------------------------------------------------------------------------+---------------------+-------------------+
; Inapplicable ; IO_000001 ; Capacity Checks                   ; Number of pins in an I/O bank should not exceed the number of locations available. ; Critical ; No Location assignments found.                                           ; I/O                 ;                   ;
; Inapplicable ; IO_000002 ; Capacity Checks                   ; Number of clocks in an I/O bank should not exceed the number of clocks available.  ; Critical ; No Global Signal assignments found.                                      ; I/O                 ;                   ;
; Inapplicable ; IO_000003 ; Capacity Checks                   ; Number of pins in a Vrefgroup should not exceed the number of locations available. ; Critical ; No Location assignments found.                                           ; I/O                 ;                   ;
; Inapplicable ; IO_000004 ; Voltage Compatibility Checks      ; The I/O bank should support the requested VCCIO.                                   ; Critical ; No IOBANK_VCCIO assignments found.                                       ; I/O                 ;                   ;
; Inapplicable ; IO_000005 ; Voltage Compatibility Checks      ; The I/O bank should not have competing VREF values.                                ; Critical ; No VREF I/O Standard assignments found.                                  ; I/O                 ;                   ;
; Pass         ; IO_000006 ; Voltage Compatibility Checks      ; The I/O bank should not have competing VCCIO values.                               ; Critical ; 0 such failures found.                                                   ; I/O                 ;                   ;
; Inapplicable ; IO_000007 ; Valid Location Checks             ; Checks for unavailable locations.                                                  ; Critical ; No Location assignments found.                                           ; I/O                 ;                   ;
; Inapplicable ; IO_000008 ; Valid Location Checks             ; Checks for reserved locations.                                                     ; Critical ; No reserved LogicLock region found.                                      ; I/O                 ;                   ;
; Pass         ; IO_000009 ; I/O Properties Checks for One I/O ; The location should support the requested I/O standard.                            ; Critical ; 0 such failures found.                                                   ; I/O                 ;                   ;
; Pass         ; IO_000010 ; I/O Properties Checks for One I/O ; The location should support the requested I/O direction.                           ; Critical ; 0 such failures found.                                                   ; I/O                 ;                   ;
; Inapplicable ; IO_000011 ; I/O Properties Checks for One I/O ; The location should support the requested Current Strength.                        ; Critical ; No Current Strength assignments found.                                   ; I/O                 ;                   ;
; Pass         ; IO_000012 ; I/O Properties Checks for One I/O ; The location should support the requested On Chip Termination value.               ; Critical ; 0 such failures found.                                                   ; I/O                 ;                   ;
; Inapplicable ; IO_000013 ; I/O Properties Checks for One I/O ; The location should support the requested Bus Hold value.                          ; Critical ; No Enable Bus-Hold Circuitry assignments found.                          ; I/O                 ;                   ;
; Inapplicable ; IO_000014 ; I/O Properties Checks for One I/O ; The location should support the requested Weak Pull Up value.                      ; Critical ; No Weak Pull-Up Resistor assignments found.                              ; I/O                 ;                   ;
; Inapplicable ; IO_000015 ; I/O Properties Checks for One I/O ; The location should support the requested PCI Clamp Diode.                         ; Critical ; No Clamping Diode assignments found.                                     ; I/O                 ;                   ;
; Inapplicable ; IO_000018 ; I/O Properties Checks for One I/O ; The I/O standard should support the requested Current Strength.                    ; Critical ; No Current Strength assignments found.                                   ; I/O                 ;                   ;
; Pass         ; IO_000019 ; I/O Properties Checks for One I/O ; The I/O standard should support the requested On Chip Termination value.           ; Critical ; 0 such failures found.                                                   ; I/O                 ;                   ;
; Inapplicable ; IO_000020 ; I/O Properties Checks for One I/O ; The I/O standard should support the requested PCI Clamp Diode.                     ; Critical ; No Clamping Diode assignments found.                                     ; I/O                 ;                   ;
; Inapplicable ; IO_000021 ; I/O Properties Checks for One I/O ; The I/O standard should support the requested Weak Pull Up value.                  ; Critical ; No Weak Pull-Up Resistor assignments found.                              ; I/O                 ;                   ;
; Inapplicable ; IO_000022 ; I/O Properties Checks for One I/O ; The I/O standard should support the requested Bus Hold value.                      ; Critical ; No Enable Bus-Hold Circuitry assignments found.                          ; I/O                 ;                   ;
; Inapplicable ; IO_000023 ; I/O Properties Checks for One I/O ; The I/O standard should support the Open Drain value.                              ; Critical ; No open drain assignments found.                                         ; I/O                 ;                   ;
; Pass         ; IO_000024 ; I/O Properties Checks for One I/O ; The I/O direction should support the On Chip Termination value.                    ; Critical ; 0 such failures found.                                                   ; I/O                 ;                   ;
; Inapplicable ; IO_000026 ; I/O Properties Checks for One I/O ; On Chip Termination and Current Strength should not be used at the same time.      ; Critical ; No Current Strength assignments found.                                   ; I/O                 ;                   ;
; Inapplicable ; IO_000027 ; I/O Properties Checks for One I/O ; Weak Pull Up and Bus Hold should not be used at the same time.                     ; Critical ; No Enable Bus-Hold Circuitry or Weak Pull-Up Resistor assignments found. ; I/O                 ;                   ;
; Inapplicable ; IO_000045 ; I/O Properties Checks for One I/O ; The I/O standard should support the requested Slew Rate value.                     ; Critical ; No Slew Rate assignments found.                                          ; I/O                 ;                   ;
; Inapplicable ; IO_000046 ; I/O Properties Checks for One I/O ; The location should support the requested Slew Rate value.                         ; Critical ; No Slew Rate assignments found.                                          ; I/O                 ;                   ;
; Inapplicable ; IO_000047 ; I/O Properties Checks for One I/O ; On Chip Termination and Slew Rate should not be used at the same time.             ; Critical ; No Slew Rate assignments found.                                          ; I/O                 ;                   ;
; Inapplicable ; IO_000034 ; SI Related Distance Checks        ; Single-ended outputs should be 0 LAB row(s) away from a differential I/O.          ; High     ; No Differential I/O Standard assignments found.                          ; I/O                 ;                   ;
; ----         ; ----      ; Disclaimer                        ; OCT rules are checked but not reported.                                            ; None     ; ----                                                                     ; On Chip Termination ;                   ;
+--------------+-----------+-----------------------------------+------------------------------------------------------------------------------------+----------+--------------------------------------------------------------------------+---------------------+-------------------+


+-----------------------------------------------------------------------------------------------------------------------------------------------------------------------------------------------------------------------------------------------------------------------------------------------------------------------------------------------------------------------------------------------------------------------------------------------+
; I/O Rules Matrix                                                                                                                                                                                                                                                                                                                                                                                                                              ;
+--------------------+--------------+--------------+--------------+--------------+--------------+-----------+--------------+--------------+-----------+-----------+--------------+--------------+--------------+--------------+--------------+--------------+--------------+--------------+--------------+--------------+--------------+--------------+--------------+--------------+--------------+--------------+--------------+--------------+
; Pin/Rules          ; IO_000001    ; IO_000002    ; IO_000003    ; IO_000004    ; IO_000005    ; IO_000006 ; IO_000007    ; IO_000008    ; IO_000009 ; IO_000010 ; IO_000011    ; IO_000012    ; IO_000013    ; IO_000014    ; IO_000015    ; IO_000018    ; IO_000019    ; IO_000020    ; IO_000021    ; IO_000022    ; IO_000023    ; IO_000024    ; IO_000026    ; IO_000027    ; IO_000045    ; IO_000046    ; IO_000047    ; IO_000034    ;
+--------------------+--------------+--------------+--------------+--------------+--------------+-----------+--------------+--------------+-----------+-----------+--------------+--------------+--------------+--------------+--------------+--------------+--------------+--------------+--------------+--------------+--------------+--------------+--------------+--------------+--------------+--------------+--------------+--------------+
; Total Pass         ; 0            ; 0            ; 0            ; 0            ; 0            ; 31        ; 0            ; 0            ; 31        ; 31        ; 0            ; 27           ; 0            ; 0            ; 0            ; 0            ; 27           ; 0            ; 0            ; 0            ; 0            ; 27           ; 0            ; 0            ; 0            ; 0            ; 0            ; 0            ;
; Total Unchecked    ; 0            ; 0            ; 0            ; 0            ; 0            ; 0         ; 0            ; 0            ; 0         ; 0         ; 0            ; 0            ; 0            ; 0            ; 0            ; 0            ; 0            ; 0            ; 0            ; 0            ; 0            ; 0            ; 0            ; 0            ; 0            ; 0            ; 0            ; 0            ;
; Total Inapplicable ; 31           ; 31           ; 31           ; 31           ; 31           ; 0         ; 31           ; 31           ; 0         ; 0         ; 31           ; 4            ; 31           ; 31           ; 31           ; 31           ; 4            ; 31           ; 31           ; 31           ; 31           ; 4            ; 31           ; 31           ; 31           ; 31           ; 31           ; 31           ;
; Total Fail         ; 0            ; 0            ; 0            ; 0            ; 0            ; 0         ; 0            ; 0            ; 0         ; 0         ; 0            ; 0            ; 0            ; 0            ; 0            ; 0            ; 0            ; 0            ; 0            ; 0            ; 0            ; 0            ; 0            ; 0            ; 0            ; 0            ; 0            ; 0            ;
; valid              ; Inapplicable ; Inapplicable ; Inapplicable ; Inapplicable ; Inapplicable ; Pass      ; Inapplicable ; Inapplicable ; Pass      ; Pass      ; Inapplicable ; Pass         ; Inapplicable ; Inapplicable ; Inapplicable ; Inapplicable ; Pass         ; Inapplicable ; Inapplicable ; Inapplicable ; Inapplicable ; Pass         ; Inapplicable ; Inapplicable ; Inapplicable ; Inapplicable ; Inapplicable ; Inapplicable ;
; prg_bits[0]        ; Inapplicable ; Inapplicable ; Inapplicable ; Inapplicable ; Inapplicable ; Pass      ; Inapplicable ; Inapplicable ; Pass      ; Pass      ; Inapplicable ; Pass         ; Inapplicable ; Inapplicable ; Inapplicable ; Inapplicable ; Pass         ; Inapplicable ; Inapplicable ; Inapplicable ; Inapplicable ; Pass         ; Inapplicable ; Inapplicable ; Inapplicable ; Inapplicable ; Inapplicable ; Inapplicable ;
; prg_bits[1]        ; Inapplicable ; Inapplicable ; Inapplicable ; Inapplicable ; Inapplicable ; Pass      ; Inapplicable ; Inapplicable ; Pass      ; Pass      ; Inapplicable ; Pass         ; Inapplicable ; Inapplicable ; Inapplicable ; Inapplicable ; Pass         ; Inapplicable ; Inapplicable ; Inapplicable ; Inapplicable ; Pass         ; Inapplicable ; Inapplicable ; Inapplicable ; Inapplicable ; Inapplicable ; Inapplicable ;
; prg_bits[2]        ; Inapplicable ; Inapplicable ; Inapplicable ; Inapplicable ; Inapplicable ; Pass      ; Inapplicable ; Inapplicable ; Pass      ; Pass      ; Inapplicable ; Pass         ; Inapplicable ; Inapplicable ; Inapplicable ; Inapplicable ; Pass         ; Inapplicable ; Inapplicable ; Inapplicable ; Inapplicable ; Pass         ; Inapplicable ; Inapplicable ; Inapplicable ; Inapplicable ; Inapplicable ; Inapplicable ;
; prg_bits[3]        ; Inapplicable ; Inapplicable ; Inapplicable ; Inapplicable ; Inapplicable ; Pass      ; Inapplicable ; Inapplicable ; Pass      ; Pass      ; Inapplicable ; Pass         ; Inapplicable ; Inapplicable ; Inapplicable ; Inapplicable ; Pass         ; Inapplicable ; Inapplicable ; Inapplicable ; Inapplicable ; Pass         ; Inapplicable ; Inapplicable ; Inapplicable ; Inapplicable ; Inapplicable ; Inapplicable ;
; prg_bits[4]        ; Inapplicable ; Inapplicable ; Inapplicable ; Inapplicable ; Inapplicable ; Pass      ; Inapplicable ; Inapplicable ; Pass      ; Pass      ; Inapplicable ; Pass         ; Inapplicable ; Inapplicable ; Inapplicable ; Inapplicable ; Pass         ; Inapplicable ; Inapplicable ; Inapplicable ; Inapplicable ; Pass         ; Inapplicable ; Inapplicable ; Inapplicable ; Inapplicable ; Inapplicable ; Inapplicable ;
; prg_bits[5]        ; Inapplicable ; Inapplicable ; Inapplicable ; Inapplicable ; Inapplicable ; Pass      ; Inapplicable ; Inapplicable ; Pass      ; Pass      ; Inapplicable ; Pass         ; Inapplicable ; Inapplicable ; Inapplicable ; Inapplicable ; Pass         ; Inapplicable ; Inapplicable ; Inapplicable ; Inapplicable ; Pass         ; Inapplicable ; Inapplicable ; Inapplicable ; Inapplicable ; Inapplicable ; Inapplicable ;
; prg_bits[6]        ; Inapplicable ; Inapplicable ; Inapplicable ; Inapplicable ; Inapplicable ; Pass      ; Inapplicable ; Inapplicable ; Pass      ; Pass      ; Inapplicable ; Pass         ; Inapplicable ; Inapplicable ; Inapplicable ; Inapplicable ; Pass         ; Inapplicable ; Inapplicable ; Inapplicable ; Inapplicable ; Pass         ; Inapplicable ; Inapplicable ; Inapplicable ; Inapplicable ; Inapplicable ; Inapplicable ;
; prg_bits[7]        ; Inapplicable ; Inapplicable ; Inapplicable ; Inapplicable ; Inapplicable ; Pass      ; Inapplicable ; Inapplicable ; Pass      ; Pass      ; Inapplicable ; Pass         ; Inapplicable ; Inapplicable ; Inapplicable ; Inapplicable ; Pass         ; Inapplicable ; Inapplicable ; Inapplicable ; Inapplicable ; Pass         ; Inapplicable ; Inapplicable ; Inapplicable ; Inapplicable ; Inapplicable ; Inapplicable ;
; prg_bits[8]        ; Inapplicable ; Inapplicable ; Inapplicable ; Inapplicable ; Inapplicable ; Pass      ; Inapplicable ; Inapplicable ; Pass      ; Pass      ; Inapplicable ; Pass         ; Inapplicable ; Inapplicable ; Inapplicable ; Inapplicable ; Pass         ; Inapplicable ; Inapplicable ; Inapplicable ; Inapplicable ; Pass         ; Inapplicable ; Inapplicable ; Inapplicable ; Inapplicable ; Inapplicable ; Inapplicable ;
; exhausted          ; Inapplicable ; Inapplicable ; Inapplicable ; Inapplicable ; Inapplicable ; Pass      ; Inapplicable ; Inapplicable ; Pass      ; Pass      ; Inapplicable ; Pass         ; Inapplicable ; Inapplicable ; Inapplicable ; Inapplicable ; Pass         ; Inapplicable ; Inapplicable ; Inapplicable ; Inapplicable ; Pass         ; Inapplicable ; Inapplicable ; Inapplicable ; Inapplicable ; Inapplicable ; Inapplicable ;
; sample_count[0]    ; Inapplicable ; Inapplicable ; Inapplicable ; Inapplicable ; Inapplicable ; Pass      ; Inapplicable ; Inapplicable ; Pass      ; Pass      ; Inapplicable ; Pass         ; Inapplicable ; Inapplicable ; Inapplicable ; Inapplicable ; Pass         ; Inapplicable ; Inapplicable ; Inapplicable ; Inapplicable ; Pass         ; Inapplicable ; Inapplicable ; Inapplicable ; Inapplicable ; Inapplicable ; Inapplicable ;
; sample_count[1]    ; Inapplicable ; Inapplicable ; Inapplicable ; Inapplicable ; Inapplicable ; Pass      ; Inapplicable ; Inapplicable ; Pass      ; Pass      ; Inapplicable ; Pass         ; Inapplicable ; Inapplicable ; Inapplicable ; Inapplicable ; Pass         ; Inapplicable ; Inapplicable ; Inapplicable ; Inapplicable ; Pass         ; Inapplicable ; Inapplicable ; Inapplicable ; Inapplicable ; Inapplicable ; Inapplicable ;
; sample_count[2]    ; Inapplicable ; Inapplicable ; Inapplicable ; Inapplicable ; Inapplicable ; Pass      ; Inapplicable ; Inapplicable ; Pass      ; Pass      ; Inapplicable ; Pass         ; Inapplicable ; Inapplicable ; Inapplicable ; Inapplicable ; Pass         ; Inapplicable ; Inapplicable ; Inapplicable ; Inapplicable ; Pass         ; Inapplicable ; Inapplicable ; Inapplicable ; Inapplicable ; Inapplicable ; Inapplicable ;
; sample_count[3]    ; Inapplicable ; Inapplicable ; Inapplicable ; Inapplicable ; Inapplicable ; Pass      ; Inapplicable ; Inapplicable ; Pass      ; Pass      ; Inapplicable ; Pass         ; Inapplicable ; Inapplicable ; Inapplicable ; Inapplicable ; Pass         ; Inapplicable ; Inapplicable ; Inapplicable ; Inapplicable ; Pass         ; Inapplicable ; Inapplicable ; Inapplicable ; Inapplicable ; Inapplicable ; Inapplicable ;
; sample_count[4]    ; Inapplicable ; Inapplicable ; Inapplicable ; Inapplicable ; Inapplicable ; Pass      ; Inapplicable ; Inapplicable ; Pass      ; Pass      ; Inapplicable ; Pass         ; Inapplicable ; Inapplicable ; Inapplicable ; Inapplicable ; Pass         ; Inapplicable ; Inapplicable ; Inapplicable ; Inapplicable ; Pass         ; Inapplicable ; Inapplicable ; Inapplicable ; Inapplicable ; Inapplicable ; Inapplicable ;
; sample_count[5]    ; Inapplicable ; Inapplicable ; Inapplicable ; Inapplicable ; Inapplicable ; Pass      ; Inapplicable ; Inapplicable ; Pass      ; Pass      ; Inapplicable ; Pass         ; Inapplicable ; Inapplicable ; Inapplicable ; Inapplicable ; Pass         ; Inapplicable ; Inapplicable ; Inapplicable ; Inapplicable ; Pass         ; Inapplicable ; Inapplicable ; Inapplicable ; Inapplicable ; Inapplicable ; Inapplicable ;
; sample_count[6]    ; Inapplicable ; Inapplicable ; Inapplicable ; Inapplicable ; Inapplicable ; Pass      ; Inapplicable ; Inapplicable ; Pass      ; Pass      ; Inapplicable ; Pass         ; Inapplicable ; Inapplicable ; Inapplicable ; Inapplicable ; Pass         ; Inapplicable ; Inapplicable ; Inapplicable ; Inapplicable ; Pass         ; Inapplicable ; Inapplicable ; Inapplicable ; Inapplicable ; Inapplicable ; Inapplicable ;
; sample_count[7]    ; Inapplicable ; Inapplicable ; Inapplicable ; Inapplicable ; Inapplicable ; Pass      ; Inapplicable ; Inapplicable ; Pass      ; Pass      ; Inapplicable ; Pass         ; Inapplicable ; Inapplicable ; Inapplicable ; Inapplicable ; Pass         ; Inapplicable ; Inapplicable ; Inapplicable ; Inapplicable ; Pass         ; Inapplicable ; Inapplicable ; Inapplicable ; Inapplicable ; Inapplicable ; Inapplicable ;
; sample_count[8]    ; Inapplicable ; Inapplicable ; Inapplicable ; Inapplicable ; Inapplicable ; Pass      ; Inapplicable ; Inapplicable ; Pass      ; Pass      ; Inapplicable ; Pass         ; Inapplicable ; Inapplicable ; Inapplicable ; Inapplicable ; Pass         ; Inapplicable ; Inapplicable ; Inapplicable ; Inapplicable ; Pass         ; Inapplicable ; Inapplicable ; Inapplicable ; Inapplicable ; Inapplicable ; Inapplicable ;
; sample_count[9]    ; Inapplicable ; Inapplicable ; Inapplicable ; Inapplicable ; Inapplicable ; Pass      ; Inapplicable ; Inapplicable ; Pass      ; Pass      ; Inapplicable ; Pass         ; Inapplicable ; Inapplicable ; Inapplicable ; Inapplicable ; Pass         ; Inapplicable ; Inapplicable ; Inapplicable ; Inapplicable ; Pass         ; Inapplicable ; Inapplicable ; Inapplicable ; Inapplicable ; Inapplicable ; Inapplicable ;
; sample_count[10]   ; Inapplicable ; Inapplicable ; Inapplicable ; Inapplicable ; Inapplicable ; Pass      ; Inapplicable ; Inapplicable ; Pass      ; Pass      ; Inapplicable ; Pass         ; Inapplicable ; Inapplicable ; Inapplicable ; Inapplicable ; Pass         ; Inapplicable ; Inapplicable ; Inapplicable ; Inapplicable ; Pass         ; Inapplicable ; Inapplicable ; Inapplicable ; Inapplicable ; Inapplicable ; Inapplicable ;
; sample_count[11]   ; Inapplicable ; Inapplicable ; Inapplicable ; Inapplicable ; Inapplicable ; Pass      ; Inapplicable ; Inapplicable ; Pass      ; Pass      ; Inapplicable ; Pass         ; Inapplicable ; Inapplicable ; Inapplicable ; Inapplicable ; Pass         ; Inapplicable ; Inapplicable ; Inapplicable ; Inapplicable ; Pass         ; Inapplicable ; Inapplicable ; Inapplicable ; Inapplicable ; Inapplicable ; Inapplicable ;
; sample_count[12]   ; Inapplicable ; Inapplicable ; Inapplicable ; Inapplicable ; Inapplicable ; Pass      ; Inapplicable ; Inapplicable ; Pass      ; Pass      ; Inapplicable ; Pass         ; Inapplicable ; Inapplicable ; Inapplicable ; Inapplicable ; Pass         ; Inapplicable ; Inapplicable ; Inapplicable ; Inapplicable ; Pass         ; Inapplicable ; Inapplicable ; Inapplicable ; Inapplicable ; Inapplicable ; Inapplicable ;
; sample_count[13]   ; Inapplicable ; Inapplicable ; Inapplicable ; Inapplicable ; Inapplicable ; Pass      ; Inapplicable ; Inapplicable ; Pass      ; Pass      ; Inapplicable ; Pass         ; Inapplicable ; Inapplicable ; Inapplicable ; Inapplicable ; Pass         ; Inapplicable ; Inapplicable ; Inapplicable ; Inapplicable ; Pass         ; Inapplicable ; Inapplicable ; Inapplicable ; Inapplicable ; Inapplicable ; Inapplicable ;
; sample_count[14]   ; Inapplicable ; Inapplicable ; Inapplicable ; Inapplicable ; Inapplicable ; Pass      ; Inapplicable ; Inapplicable ; Pass      ; Pass      ; Inapplicable ; Pass         ; Inapplicable ; Inapplicable ; Inapplicable ; Inapplicable ; Pass         ; Inapplicable ; Inapplicable ; Inapplicable ; Inapplicable ; Pass         ; Inapplicable ; Inapplicable ; Inapplicable ; Inapplicable ; Inapplicable ; Inapplicable ;
; sample_count[15]   ; Inapplicable ; Inapplicable ; Inapplicable ; Inapplicable ; Inapplicable ; Pass      ; Inapplicable ; Inapplicable ; Pass      ; Pass      ; Inapplicable ; Pass         ; Inapplicable ; Inapplicable ; Inapplicable ; Inapplicable ; Pass         ; Inapplicable ; Inapplicable ; Inapplicable ; Inapplicable ; Pass         ; Inapplicable ; Inapplicable ; Inapplicable ; Inapplicable ; Inapplicable ; Inapplicable ;
; clk                ; Inapplicable ; Inapplicable ; Inapplicable ; Inapplicable ; Inapplicable ; Pass      ; Inapplicable ; Inapplicable ; Pass      ; Pass      ; Inapplicable ; Inapplicable ; Inapplicable ; Inapplicable ; Inapplicable ; Inapplicable ; Inapplicable ; Inapplicable ; Inapplicable ; Inapplicable ; Inapplicable ; Inapplicable ; Inapplicable ; Inapplicable ; Inapplicable ; Inapplicable ; Inapplicable ; Inapplicable ;
; ready              ; Inapplicable ; Inapplicable ; Inapplicable ; Inapplicable ; Inapplicable ; Pass      ; Inapplicable ; Inapplicable ; Pass      ; Pass      ; Inapplicable ; Inapplicable ; Inapplicable ; Inapplicable ; Inapplicable ; Inapplicable ; Inapplicable ; Inapplicable ; Inapplicable ; Inapplicable ; Inapplicable ; Inapplicable ; Inapplicable ; Inapplicable ; Inapplicable ; Inapplicable ; Inapplicable ; Inapplicable ;
; rst_n              ; Inapplicable ; Inapplicable ; Inapplicable ; Inapplicable ; Inapplicable ; Pass      ; Inapplicable ; Inapplicable ; Pass      ; Pass      ; Inapplicable ; Inapplicable ; Inapplicable ; Inapplicable ; Inapplicable ; Inapplicable ; Inapplicable ; Inapplicable ; Inapplicable ; Inapplicable ; Inapplicable ; Inapplicable ; Inapplicable ; Inapplicable ; Inapplicable ; Inapplicable ; Inapplicable ; Inapplicable ;
; start              ; Inapplicable ; Inapplicable ; Inapplicable ; Inapplicable ; Inapplicable ; Pass      ; Inapplicable ; Inapplicable ; Pass      ; Pass      ; Inapplicable ; Inapplicable ; Inapplicable ; Inapplicable ; Inapplicable ; Inapplicable ; Inapplicable ; Inapplicable ; Inapplicable ; Inapplicable ; Inapplicable ; Inapplicable ; Inapplicable ; Inapplicable ; Inapplicable ; Inapplicable ; Inapplicable ; Inapplicable ;
+--------------------+--------------+--------------+--------------+--------------+--------------+-----------+--------------+--------------+-----------+-----------+--------------+--------------+--------------+--------------+--------------+--------------+--------------+--------------+--------------+--------------+--------------+--------------+--------------+--------------+--------------+--------------+--------------+--------------+


+------------------------------------------------------------------------------------------------+
; Fitter Device Options                                                                          ;
+------------------------------------------------------------------+-----------------------------+
; Option                                                           ; Setting                     ;
+------------------------------------------------------------------+-----------------------------+
; Enable user-supplied start-up clock (CLKUSR)                     ; Off                         ;
; Enable device-wide reset (DEV_CLRn)                              ; Off                         ;
; Enable device-wide output enable (DEV_OE)                        ; Off                         ;
; Enable INIT_DONE output                                          ; Off                         ;
; Configuration scheme                                             ; Passive Serial              ;
; Enable Error Detection CRC_ERROR pin                             ; Off                         ;
; Enable CvP_CONFDONE pin                                          ; Off                         ;
; Enable open drain on CRC_ERROR pin                               ; On                          ;
; Enable open drain on CvP_CONFDONE pin                            ; On                          ;
; Enable open drain on INIT_DONE pin                               ; On                          ;
; Enable open drain on Partial Reconfiguration pins                ; Off                         ;
; Enable open drain on nCEO pin                                    ; On                          ;
; Enable Partial Reconfiguration pins                              ; Off                         ;
; Enable input tri-state on active configuration pins in user mode ; Off                         ;
; Enable internal scrubbing                                        ; Off                         ;
; Active Serial clock source                                       ; 100 MHz Internal Oscillator ;
; Device initialization clock source                               ; Internal Oscillator         ;
; Configuration via Protocol                                       ; Off                         ;
; Configuration Voltage Level                                      ; Auto                        ;
; Force Configuration Voltage Level                                ; Off                         ;
; Enable nCEO output                                               ; Off                         ;
; Data[15..8]                                                      ; Unreserved                  ;
; Data[7..5]                                                       ; Unreserved                  ;
; Base pin-out file on sameframe device                            ; Off                         ;
+------------------------------------------------------------------+-----------------------------+


+------------------------------------+
; Operating Settings and Conditions  ;
+---------------------------+--------+
; Setting                   ; Value  ;
+---------------------------+--------+
; Nominal Core Voltage      ; 1.10 V ;
; Low Junction Temperature  ; 0 °C   ;
; High Junction Temperature ; 85 °C  ;
+---------------------------+--------+


+------------------------------------------------------------+
; Estimated Delay Added for Hold Timing Summary              ;
+-----------------+----------------------+-------------------+
; Source Clock(s) ; Destination Clock(s) ; Delay Added in ns ;
+-----------------+----------------------+-------------------+
; clk             ; clk                  ; 269.2             ;
+-----------------+----------------------+-------------------+
Note: For more information on problematic transfers, consider running the Fitter again with the Optimize hold timing option (Settings Menu) turned off.
This will disable optimization of problematic paths and expose them for further analysis using the Timing Analyzer.


+---------------------------------------------------------------------------------------------------------------------------------------------+
; Estimated Delay Added for Hold Timing Details                                                                                               ;
+------------------------------------------------------------+------------------------------------------------------------+-------------------+
; Source Register                                            ; Destination Register                                       ; Delay Added in ns ;
+------------------------------------------------------------+------------------------------------------------------------+-------------------+
; ast.A_WAIT_OUT0                                            ; ast.A_ABSORB0                                              ; 0.795             ;
; ast.A_WAIT_SQ                                              ; ast.A_ABSORB0                                              ; 0.749             ;
; bitbuf[1067]                                               ; bitbuf[1058]                                               ; 0.452             ;
; bitbuf[94]                                                 ; bitbuf[85]                                                 ; 0.452             ;
; bitbuf[423]                                                ; bitbuf[414]                                                ; 0.452             ;
; bitbuf[635]                                                ; bitbuf[626]                                                ; 0.452             ;
; bitbuf[578]                                                ; bitbuf[569]                                                ; 0.452             ;
; bitcount[7]                                                ; bitcount[9]                                                ; 0.452             ;
; bitbuf[1004]                                               ; bitbuf[995]                                                ; 0.451             ;
; bitbuf[771]                                                ; bitbuf[762]                                                ; 0.451             ;
; bitbuf[754]                                                ; bitbuf[745]                                                ; 0.450             ;
; bitbuf[510]                                                ; bitbuf[501]                                                ; 0.450             ;
; bitbuf[830]                                                ; bitbuf[821]                                                ; 0.450             ;
; bitbuf[931]                                                ; bitbuf[922]                                                ; 0.449             ;
; bitcount[6]                                                ; bitcount[7]                                                ; 0.448             ;
; keccak_xof:u_keccak|st.ST_PERMUTE                          ; keccak_xof:u_keccak|out_valid                              ; 0.448             ;
; bitcount[8]                                                ; bitcount[9]                                                ; 0.448             ;
; bitbuf[909]                                                ; bitbuf[900]                                                ; 0.447             ;
; keccak_xof:u_keccak|padder_fast_2:padder_|full             ; ast.A_ABSORB0                                              ; 0.447             ;
; ast.A_ABSORB0                                              ; ast.A_ABSORB0                                              ; 0.447             ;
; keccak_xof:u_keccak|out_valid                              ; ast.A_ABSORB0                                              ; 0.447             ;
; start                                                      ; ast.A_ABSORB0                                              ; 0.447             ;
; ast.A_IDLE                                                 ; ast.A_ABSORB0                                              ; 0.447             ;
; bitbuf[791]                                                ; bitbuf[782]                                                ; 0.447             ;
; bitbuf[876]                                                ; bitbuf[867]                                                ; 0.447             ;
; bitbuf[1000]                                               ; bitbuf[991]                                                ; 0.447             ;
; bitbuf[999]                                                ; bitbuf[990]                                                ; 0.447             ;
; bitbuf[224]                                                ; bitbuf[215]                                                ; 0.446             ;
; bitbuf[61]                                                 ; bitbuf[52]                                                 ; 0.445             ;
; bitbuf[579]                                                ; bitbuf[570]                                                ; 0.445             ;
; bitbuf[565]                                                ; bitbuf[556]                                                ; 0.445             ;
; bitbuf[341]                                                ; bitbuf[332]                                                ; 0.444             ;
; bitbuf[409]                                                ; bitbuf[400]                                                ; 0.444             ;
; bitbuf[10]                                                 ; bitbuf[1]                                                  ; 0.444             ;
; bitbuf[144]                                                ; bitbuf[135]                                                ; 0.444             ;
; bitbuf[18]                                                 ; bitbuf[9]                                                  ; 0.444             ;
; bitbuf[911]                                                ; bitbuf[902]                                                ; 0.434             ;
; bitbuf[433]                                                ; bitbuf[424]                                                ; 0.434             ;
; ast.A_REQ_SQ                                               ; ast.A_ABSORB0                                              ; 0.434             ;
; keccak_xof:u_keccak|st.ST_SQUEEZE                          ; keccak_xof:u_keccak|i[0]                                   ; 0.433             ;
; bitbuf[491]                                                ; bitbuf[482]                                                ; 0.432             ;
; bitbuf[273]                                                ; bitbuf[264]                                                ; 0.432             ;
; bitbuf[614]                                                ; bitbuf[605]                                                ; 0.432             ;
; bitbuf[287]                                                ; bitbuf[278]                                                ; 0.431             ;
; bitbuf[608]                                                ; bitbuf[599]                                                ; 0.430             ;
; bitbuf[337]                                                ; bitbuf[328]                                                ; 0.430             ;
; bitbuf[148]                                                ; bitbuf[139]                                                ; 0.430             ;
; bitbuf[559]                                                ; bitbuf[550]                                                ; 0.430             ;
; bitbuf[379]                                                ; bitbuf[370]                                                ; 0.430             ;
; bitbuf[567]                                                ; bitbuf[558]                                                ; 0.430             ;
; bitbuf[835]                                                ; bitbuf[826]                                                ; 0.429             ;
; bitbuf[185]                                                ; bitbuf[176]                                                ; 0.429             ;
; bitbuf[101]                                                ; bitbuf[92]                                                 ; 0.429             ;
; bitbuf[69]                                                 ; bitbuf[60]                                                 ; 0.428             ;
; bitbuf[357]                                                ; bitbuf[348]                                                ; 0.428             ;
; bitbuf[770]                                                ; bitbuf[761]                                                ; 0.428             ;
; bitbuf[269]                                                ; bitbuf[260]                                                ; 0.427             ;
; bitbuf[927]                                                ; bitbuf[918]                                                ; 0.427             ;
; bitbuf[461]                                                ; bitbuf[452]                                                ; 0.426             ;
; bitbuf[718]                                                ; bitbuf[709]                                                ; 0.425             ;
; bitbuf[385]                                                ; bitbuf[376]                                                ; 0.425             ;
; bitbuf[212]                                                ; bitbuf[203]                                                ; 0.425             ;
; bitbuf[340]                                                ; bitbuf[331]                                                ; 0.423             ;
; keccak_xof:u_keccak|f_permutation:f_permutation_|out[1538] ; keccak_xof:u_keccak|f_permutation:f_permutation_|out[968]  ; 0.419             ;
; keccak_xof:u_keccak|st.ST_HAVE_OUT                         ; keccak_xof:u_keccak|st.ST_PERMUTE                          ; 0.412             ;
; keccak_xof:u_keccak|i[10]                                  ; keccak_xof:u_keccak|st.ST_HAVE_OUT                         ; 0.405             ;
; squeeze_next                                               ; keccak_xof:u_keccak|st.ST_HAVE_OUT                         ; 0.405             ;
; running                                                    ; ast.A_REQ_SQ                                               ; 0.402             ;
; keccak_xof:u_keccak|f_permutation:f_permutation_|out[1547] ; keccak_xof:u_keccak|f_permutation:f_permutation_|out[1291] ; 0.397             ;
; keccak_xof:u_keccak|f_permutation:f_permutation_|out[535]  ; keccak_xof:u_keccak|f_permutation:f_permutation_|out[617]  ; 0.394             ;
; bitcount[10]                                               ; bitcount[11]                                               ; 0.387             ;
; keccak_xof:u_keccak|f_permutation:f_permutation_|out[1572] ; keccak_xof:u_keccak|f_permutation:f_permutation_|out[1572] ; 0.383             ;
; bitbuf[33]                                                 ; bitbuf[24]                                                 ; 0.369             ;
; bitbuf[15]                                                 ; bitbuf[6]                                                  ; 0.369             ;
; bitbuf[697]                                                ; bitbuf[688]                                                ; 0.369             ;
; bitbuf[471]                                                ; bitbuf[462]                                                ; 0.369             ;
; bitbuf[453]                                                ; bitbuf[444]                                                ; 0.369             ;
; bitbuf[435]                                                ; bitbuf[426]                                                ; 0.369             ;
; bitbuf[686]                                                ; bitbuf[677]                                                ; 0.369             ;
; bitbuf[874]                                                ; bitbuf[865]                                                ; 0.369             ;
; bitbuf[847]                                                ; bitbuf[838]                                                ; 0.369             ;
; bitbuf[820]                                                ; bitbuf[811]                                                ; 0.369             ;
; bitbuf[802]                                                ; bitbuf[793]                                                ; 0.369             ;
; bitbuf[595]                                                ; bitbuf[586]                                                ; 0.369             ;
; bitbuf[505]                                                ; bitbuf[496]                                                ; 0.369             ;
; bitbuf[262]                                                ; bitbuf[253]                                                ; 0.369             ;
; bitbuf[738]                                                ; bitbuf[729]                                                ; 0.369             ;
; bitbuf[720]                                                ; bitbuf[711]                                                ; 0.369             ;
; bitbuf[502]                                                ; bitbuf[493]                                                ; 0.368             ;
; bitbuf[43]                                                 ; bitbuf[34]                                                 ; 0.368             ;
; bitbuf[555]                                                ; bitbuf[546]                                                ; 0.368             ;
; bitbuf[474]                                                ; bitbuf[465]                                                ; 0.368             ;
; bitbuf[545]                                                ; bitbuf[536]                                                ; 0.368             ;
; bitbuf[41]                                                 ; bitbuf[32]                                                 ; 0.368             ;
; bitbuf[292]                                                ; bitbuf[283]                                                ; 0.368             ;
; bitbuf[138]                                                ; bitbuf[129]                                                ; 0.368             ;
; bitbuf[740]                                                ; bitbuf[731]                                                ; 0.368             ;
; bitbuf[83]                                                 ; bitbuf[74]                                                 ; 0.368             ;
; bitbuf[100]                                                ; bitbuf[91]                                                 ; 0.368             ;
; bitbuf[531]                                                ; bitbuf[522]                                                ; 0.368             ;
+------------------------------------------------------------+------------------------------------------------------------+-------------------+
Note: This table only shows the top 100 path(s) that have the largest delay added for hold.


+-----------------+
; Fitter Messages ;
+-----------------+
Warning (18236): Number of processors has not been specified which may cause overloading on shared machines.  Set the global assignment NUM_PARALLEL_PROCESSORS in your QSF to an appropriate value for best performance.
Info (20030): Parallel compilation is enabled and will use 6 of the 6 processors detected
Info (119006): Selected device 5CGXFC9E7F35C8 for design "version1"
Info (21077): Low junction temperature is 0 degrees C
Info (21077): High junction temperature is 85 degrees C
Info (171003): Fitter is performing an Auto Fit compilation, which may decrease Fitter effort to reduce compilation time
Warning (292013): Feature LogicLock is only available with a valid subscription license. You can purchase a software subscription to gain full access to this feature.
Warning (15714): Some pins have incomplete I/O assignments. Refer to the I/O Assignment Warnings report for details
Critical Warning (169085): No exact pin location assignment(s) for 31 pins of 31 total pins. For the list of pins please refer to the I/O Assignment Warnings table in the fitter report.
Info (184020): Starting Fitter periphery placement operations
Info (11191): Automatically promoted 2 clocks (2 global)
    Info (11162): clk~inputCLKENA0 with 2769 fanout uses global clock CLKCTRL_G14
        Info (12525): This signal is driven by core routing -- it may be moved during placement to reduce routing delays
    Info (11162): rst_n~inputCLKENA0 with 1136 fanout uses global clock CLKCTRL_G9
Warning (16406): 1 global input pin(s) will use non-dedicated clock routing
    Warning (16469): Source REFCLK I/O cannot be routed using dedicated clock routing for global clock driver clk~inputCLKENA0, placed at CLKCTRL_G14
        Info (179012): Refclk input I/O pad clk is placed onto PIN_V27
Info (184021): Fitter periphery placement operations ending: elapsed time is 00:00:00
Info (176233): Starting register packing
Info (332104): Reading SDC File: 'version1.sdc'
Info (332143): No user constrained clock uncertainty found in the design. Calling "derive_clock_uncertainty"
Info (332123): Deriving Clock Uncertainty. Please refer to report_sdc in the Timing Analyzer to see clock uncertainties.
Info (332129): Detected timing requirements -- optimizing circuit to achieve only the specified requirements
Info (332111): Found 1 clocks
    Info (332111):   Period   Clock Name
    Info (332111): ======== ============
    Info (332111):   20.000          clk
Info (176235): Finished register packing
    Extra Info (176219): No registers were packed into other blocks
Info (11798): Fitter preparation operations ending: elapsed time is 00:00:12
Info (170189): Fitter placement preparation operations beginning
Info (14951): The Fitter is using Advanced Physical Optimization.
Info (170190): Fitter placement preparation operations ending: elapsed time is 00:03:17
Info (170191): Fitter placement operations beginning
Info (170137): Fitter placement was successful
Info (170192): Fitter placement operations ending: elapsed time is 00:00:18
Info (170193): Fitter routing operations beginning
Info (170195): Router estimated average interconnect usage is 2% of the available device resources
    Info (170196): Router estimated peak interconnect usage is 65% of the available device resources in the region that extends from location X85_Y81 to location X96_Y91
Info (170199): The Fitter performed an Auto Fit compilation.  Optimizations were skipped to reduce compilation time.
    Info (170200): Optimizations that may affect the design's timing were skipped
Info (170194): Fitter routing operations ending: elapsed time is 00:00:30
Info (11888): Total time spent on timing analysis during the Fitter is 11.43 seconds.
Info (334003): Started post-fitting delay annotation
Info (334004): Delay annotation completed successfully
Info (334003): Started post-fitting delay annotation
Info (334004): Delay annotation completed successfully
Info (11801): Fitter post-fit operations ending: elapsed time is 00:00:19
Info (144001): Generated suppressed messages file C:/Users/aldri/OneDrive/Documents/RBL/quartus_workspace/g5/output_files/version1.fit.smsg
Info: Quartus Prime Fitter was successful. 0 errors, 6 warnings
    Info: Peak virtual memory: 7512 megabytes
    Info: Processing ended: Wed Jan 21 20:15:48 2026
    Info: Elapsed time: 00:08:04
    Info: Total CPU time (on all processors): 00:29:17


+----------------------------+
; Fitter Suppressed Messages ;
+----------------------------+
The suppressed messages can be found in C:/Users/aldri/OneDrive/Documents/RBL/quartus_workspace/g5/output_files/version1.fit.smsg.


