Timing Analyzer report for version1
Sun Dec  7 21:45:21 2025
Quartus Prime Version 24.1std.0 Build 1077 03/04/2025 SC Lite Edition


---------------------
; Table of Contents ;
---------------------
  1. Legal Notice
  2. Timing Analyzer Summary
  3. Parallel Compilation
  4. SDC File List
  5. Clocks
  6. Slow 1100mV 85C Model Fmax Summary
  7. Timing Closure Recommendations
  8. Slow 1100mV 85C Model Setup Summary
  9. Slow 1100mV 85C Model Hold Summary
 10. Slow 1100mV 85C Model Recovery Summary
 11. Slow 1100mV 85C Model Removal Summary
 12. Slow 1100mV 85C Model Minimum Pulse Width Summary
 13. Slow 1100mV 85C Model Metastability Summary
 14. Slow 1100mV 0C Model Fmax Summary
 15. Slow 1100mV 0C Model Setup Summary
 16. Slow 1100mV 0C Model Hold Summary
 17. Slow 1100mV 0C Model Recovery Summary
 18. Slow 1100mV 0C Model Removal Summary
 19. Slow 1100mV 0C Model Minimum Pulse Width Summary
 20. Slow 1100mV 0C Model Metastability Summary
 21. Fast 1100mV 85C Model Setup Summary
 22. Fast 1100mV 85C Model Hold Summary
 23. Fast 1100mV 85C Model Recovery Summary
 24. Fast 1100mV 85C Model Removal Summary
 25. Fast 1100mV 85C Model Minimum Pulse Width Summary
 26. Fast 1100mV 85C Model Metastability Summary
 27. Fast 1100mV 0C Model Setup Summary
 28. Fast 1100mV 0C Model Hold Summary
 29. Fast 1100mV 0C Model Recovery Summary
 30. Fast 1100mV 0C Model Removal Summary
 31. Fast 1100mV 0C Model Minimum Pulse Width Summary
 32. Fast 1100mV 0C Model Metastability Summary
 33. Multicorner Timing Analysis Summary
 34. Board Trace Model Assignments
 35. Input Transition Times
 36. Signal Integrity Metrics (Slow 1100mv 0c Model)
 37. Signal Integrity Metrics (Slow 1100mv 85c Model)
 38. Signal Integrity Metrics (Fast 1100mv 0c Model)
 39. Signal Integrity Metrics (Fast 1100mv 85c Model)
 40. Setup Transfers
 41. Hold Transfers
 42. Report TCCS
 43. Report RSKM
 44. Unconstrained Paths Summary
 45. Clock Status Summary
 46. Unconstrained Input Ports
 47. Unconstrained Output Ports
 48. Unconstrained Input Ports
 49. Unconstrained Output Ports
 50. Timing Analyzer Messages



----------------
; Legal Notice ;
----------------
Copyright (C) 2025  Altera Corporation. All rights reserved.
Your use of Altera Corporation's design tools, logic functions 
and other software and tools, and any partner logic 
functions, and any output files from any of the foregoing 
(including device programming or simulation files), and any 
associated documentation or information are expressly subject 
to the terms and conditions of the Altera Program License 
Subscription Agreement, the Altera Quartus Prime License Agreement,
the Altera IP License Agreement, or other applicable license
agreement, including, without limitation, that your use is for
the sole purpose of programming logic devices manufactured by
Altera and sold by Altera or its authorized distributors.  Please
refer to the Altera Software License Subscription Agreements 
on the Quartus Prime software download page.



+---------------------------------------------------------------------------------+
; Timing Analyzer Summary                                                         ;
+-----------------------+---------------------------------------------------------+
; Quartus Prime Version ; Version 24.1std.0 Build 1077 03/04/2025 SC Lite Edition ;
; Timing Analyzer       ; Legacy Timing Analyzer                                  ;
; Revision Name         ; version1                                                ;
; Device Family         ; Cyclone V                                               ;
; Device Name           ; 5CGXFC9E7F35C8                                          ;
; Timing Models         ; Final                                                   ;
; Delay Model           ; Combined                                                ;
; Rise/Fall Delays      ; Enabled                                                 ;
+-----------------------+---------------------------------------------------------+


+------------------------------------------+
; Parallel Compilation                     ;
+----------------------------+-------------+
; Processors                 ; Number      ;
+----------------------------+-------------+
; Number detected on machine ; 12          ;
; Maximum allowed            ; 6           ;
;                            ;             ;
; Average used               ; 2.77        ;
; Maximum used               ; 6           ;
;                            ;             ;
; Usage by Processor         ; % Time Used ;
;     Processor 1            ; 100.0%      ;
;     Processor 2            ;  38.2%      ;
;     Processor 3            ;  37.2%      ;
;     Processor 4            ;  37.1%      ;
;     Processor 5            ;  32.3%      ;
;     Processor 6            ;  32.3%      ;
+----------------------------+-------------+


+---------------------------------------------------+
; SDC File List                                     ;
+---------------+--------+--------------------------+
; SDC File Path ; Status ; Read at                  ;
+---------------+--------+--------------------------+
; version1.sdc  ; OK     ; Sun Dec  7 21:45:05 2025 ;
+---------------+--------+--------------------------+


+---------------------------------------------------------------------------------------------------------------------------------------------------------------------------------+
; Clocks                                                                                                                                                                          ;
+------------+------+--------+-----------+-------+--------+------------+-----------+-------------+-------+--------+-----------+------------+----------+--------+--------+---------+
; Clock Name ; Type ; Period ; Frequency ; Rise  ; Fall   ; Duty Cycle ; Divide by ; Multiply by ; Phase ; Offset ; Edge List ; Edge Shift ; Inverted ; Master ; Source ; Targets ;
+------------+------+--------+-----------+-------+--------+------------+-----------+-------------+-------+--------+-----------+------------+----------+--------+--------+---------+
; clk        ; Base ; 20.000 ; 50.0 MHz  ; 0.000 ; 10.000 ;            ;           ;             ;       ;        ;           ;            ;          ;        ;        ; { clk } ;
+------------+------+--------+-----------+-------+--------+------------+-----------+-------------+-------+--------+-----------+------------+----------+--------+--------+---------+


+-------------------------------------------------+
; Slow 1100mV 85C Model Fmax Summary              ;
+-----------+-----------------+------------+------+
; Fmax      ; Restricted Fmax ; Clock Name ; Note ;
+-----------+-----------------+------------+------+
; 78.76 MHz ; 78.76 MHz       ; clk        ;      ;
+-----------+-----------------+------------+------+
This panel reports FMAX for every clock in the design, regardless of the user-specified clock periods.  FMAX is only computed for paths where the source and destination registers or ports are driven by the same clock.  Paths of different clocks, including generated clocks, are ignored.  For paths between a clock and its inversion, FMAX is computed as if the rising and falling edges are scaled along with FMAX, such that the duty cycle (in terms of a percentage) is maintained. Altera recommends that you always use clock constraints and other slack reports for sign-off analysis.


----------------------------------
; Timing Closure Recommendations ;
----------------------------------
HTML report is unavailable in plain text report export.


+-------------------------------------+
; Slow 1100mV 85C Model Setup Summary ;
+-------+-------+---------------------+
; Clock ; Slack ; End Point TNS       ;
+-------+-------+---------------------+
; clk   ; 7.304 ; 0.000               ;
+-------+-------+---------------------+


+------------------------------------+
; Slow 1100mV 85C Model Hold Summary ;
+-------+-------+--------------------+
; Clock ; Slack ; End Point TNS      ;
+-------+-------+--------------------+
; clk   ; 0.404 ; 0.000              ;
+-------+-------+--------------------+


------------------------------------------
; Slow 1100mV 85C Model Recovery Summary ;
------------------------------------------
No paths to report.


-----------------------------------------
; Slow 1100mV 85C Model Removal Summary ;
-----------------------------------------
No paths to report.


+---------------------------------------------------+
; Slow 1100mV 85C Model Minimum Pulse Width Summary ;
+-------+-------+-----------------------------------+
; Clock ; Slack ; End Point TNS                     ;
+-------+-------+-----------------------------------+
; clk   ; 9.164 ; 0.000                             ;
+-------+-------+-----------------------------------+


-----------------------------------------------
; Slow 1100mV 85C Model Metastability Summary ;
-----------------------------------------------
No synchronizer chains to report.


+-------------------------------------------------+
; Slow 1100mV 0C Model Fmax Summary               ;
+-----------+-----------------+------------+------+
; Fmax      ; Restricted Fmax ; Clock Name ; Note ;
+-----------+-----------------+------------+------+
; 79.69 MHz ; 79.69 MHz       ; clk        ;      ;
+-----------+-----------------+------------+------+
This panel reports FMAX for every clock in the design, regardless of the user-specified clock periods.  FMAX is only computed for paths where the source and destination registers or ports are driven by the same clock.  Paths of different clocks, including generated clocks, are ignored.  For paths between a clock and its inversion, FMAX is computed as if the rising and falling edges are scaled along with FMAX, such that the duty cycle (in terms of a percentage) is maintained. Altera recommends that you always use clock constraints and other slack reports for sign-off analysis.


+------------------------------------+
; Slow 1100mV 0C Model Setup Summary ;
+-------+-------+--------------------+
; Clock ; Slack ; End Point TNS      ;
+-------+-------+--------------------+
; clk   ; 7.452 ; 0.000              ;
+-------+-------+--------------------+


+-----------------------------------+
; Slow 1100mV 0C Model Hold Summary ;
+-------+-------+-------------------+
; Clock ; Slack ; End Point TNS     ;
+-------+-------+-------------------+
; clk   ; 0.389 ; 0.000             ;
+-------+-------+-------------------+


-----------------------------------------
; Slow 1100mV 0C Model Recovery Summary ;
-----------------------------------------
No paths to report.


----------------------------------------
; Slow 1100mV 0C Model Removal Summary ;
----------------------------------------
No paths to report.


+--------------------------------------------------+
; Slow 1100mV 0C Model Minimum Pulse Width Summary ;
+-------+-------+----------------------------------+
; Clock ; Slack ; End Point TNS                    ;
+-------+-------+----------------------------------+
; clk   ; 9.006 ; 0.000                            ;
+-------+-------+----------------------------------+


----------------------------------------------
; Slow 1100mV 0C Model Metastability Summary ;
----------------------------------------------
No synchronizer chains to report.


+-------------------------------------+
; Fast 1100mV 85C Model Setup Summary ;
+-------+--------+--------------------+
; Clock ; Slack  ; End Point TNS      ;
+-------+--------+--------------------+
; clk   ; 13.364 ; 0.000              ;
+-------+--------+--------------------+


+------------------------------------+
; Fast 1100mV 85C Model Hold Summary ;
+-------+-------+--------------------+
; Clock ; Slack ; End Point TNS      ;
+-------+-------+--------------------+
; clk   ; 0.181 ; 0.000              ;
+-------+-------+--------------------+


------------------------------------------
; Fast 1100mV 85C Model Recovery Summary ;
------------------------------------------
No paths to report.


-----------------------------------------
; Fast 1100mV 85C Model Removal Summary ;
-----------------------------------------
No paths to report.


+---------------------------------------------------+
; Fast 1100mV 85C Model Minimum Pulse Width Summary ;
+-------+-------+-----------------------------------+
; Clock ; Slack ; End Point TNS                     ;
+-------+-------+-----------------------------------+
; clk   ; 9.438 ; 0.000                             ;
+-------+-------+-----------------------------------+


-----------------------------------------------
; Fast 1100mV 85C Model Metastability Summary ;
-----------------------------------------------
No synchronizer chains to report.


+------------------------------------+
; Fast 1100mV 0C Model Setup Summary ;
+-------+--------+-------------------+
; Clock ; Slack  ; End Point TNS     ;
+-------+--------+-------------------+
; clk   ; 14.180 ; 0.000             ;
+-------+--------+-------------------+


+-----------------------------------+
; Fast 1100mV 0C Model Hold Summary ;
+-------+-------+-------------------+
; Clock ; Slack ; End Point TNS     ;
+-------+-------+-------------------+
; clk   ; 0.167 ; 0.000             ;
+-------+-------+-------------------+


-----------------------------------------
; Fast 1100mV 0C Model Recovery Summary ;
-----------------------------------------
No paths to report.


----------------------------------------
; Fast 1100mV 0C Model Removal Summary ;
----------------------------------------
No paths to report.


+--------------------------------------------------+
; Fast 1100mV 0C Model Minimum Pulse Width Summary ;
+-------+-------+----------------------------------+
; Clock ; Slack ; End Point TNS                    ;
+-------+-------+----------------------------------+
; clk   ; 9.437 ; 0.000                            ;
+-------+-------+----------------------------------+


----------------------------------------------
; Fast 1100mV 0C Model Metastability Summary ;
----------------------------------------------
No synchronizer chains to report.


+-----------------------------------------------------------------------------+
; Multicorner Timing Analysis Summary                                         ;
+------------------+-------+-------+----------+---------+---------------------+
; Clock            ; Setup ; Hold  ; Recovery ; Removal ; Minimum Pulse Width ;
+------------------+-------+-------+----------+---------+---------------------+
; Worst-case Slack ; 7.304 ; 0.167 ; N/A      ; N/A     ; 9.006               ;
;  clk             ; 7.304 ; 0.167 ; N/A      ; N/A     ; 9.006               ;
; Design-wide TNS  ; 0.0   ; 0.0   ; 0.0      ; 0.0     ; 0.0                 ;
;  clk             ; 0.000 ; 0.000 ; N/A      ; N/A     ; 0.000               ;
+------------------+-------+-------+----------+---------+---------------------+


+----------------------------------------------------------------------------------------------------------------------------------------------------------------------------------------------------------------------------------------------------------------------------------------------------------------------------------------------------------------------------------------------------------------+
; Board Trace Model Assignments                                                                                                                                                                                                                                                                                                                                                                                  ;
+-------------+--------------+-------------------+-------------------------+-------------------------+---------------+---------------------+----------------+------------------+--------+------------------+------------------------+------------------------+--------------+---------------+-----------------+-------+---------------------+--------------------+---------------+-----------------+-------------+
; Pin         ; I/O Standard ; Near Tline Length ; Near Tline L per Length ; Near Tline C per Length ; Near Series R ; Near Differential R ; Near Pull-up R ; Near Pull-down R ; Near C ; Far Tline Length ; Far Tline L per Length ; Far Tline C per Length ; Far Series R ; Far Pull-up R ; Far Pull-down R ; Far C ; Termination Voltage ; Far Differential R ; EBD File Name ; EBD Signal Name ; EBD Far-end ;
+-------------+--------------+-------------------+-------------------------+-------------------------+---------------+---------------------+----------------+------------------+--------+------------------+------------------------+------------------------+--------------+---------------+-----------------+-------+---------------------+--------------------+---------------+-----------------+-------------+
; out[255]    ; 2.5 V        ; 0 in              ; 0 H/in                  ; 0 F/in                  ; short         ; -                   ; open           ; open             ; open   ; 0 in             ; 0 H/in                 ; 0 F/in                 ; short        ; open          ; open            ; open  ; 0 V                 ; -                  ; n/a           ; n/a             ; n/a         ;
; out_ready   ; 2.5 V        ; 0 in              ; 0 H/in                  ; 0 F/in                  ; short         ; -                   ; open           ; open             ; open   ; 0 in             ; 0 H/in                 ; 0 F/in                 ; short        ; open          ; open            ; open  ; 0 V                 ; -                  ; n/a           ; n/a             ; n/a         ;
; buffer_full ; 2.5 V        ; 0 in              ; 0 H/in                  ; 0 F/in                  ; short         ; -                   ; open           ; open             ; open   ; 0 in             ; 0 H/in                 ; 0 F/in                 ; short        ; open          ; open            ; open  ; 0 V                 ; -                  ; n/a           ; n/a             ; n/a         ;
; out[0]      ; 2.5 V        ; 0 in              ; 0 H/in                  ; 0 F/in                  ; short         ; -                   ; open           ; open             ; open   ; 0 in             ; 0 H/in                 ; 0 F/in                 ; short        ; open          ; open            ; open  ; 0 V                 ; -                  ; n/a           ; n/a             ; n/a         ;
; out[1]      ; 2.5 V        ; 0 in              ; 0 H/in                  ; 0 F/in                  ; short         ; -                   ; open           ; open             ; open   ; 0 in             ; 0 H/in                 ; 0 F/in                 ; short        ; open          ; open            ; open  ; 0 V                 ; -                  ; n/a           ; n/a             ; n/a         ;
; out[2]      ; 2.5 V        ; 0 in              ; 0 H/in                  ; 0 F/in                  ; short         ; -                   ; open           ; open             ; open   ; 0 in             ; 0 H/in                 ; 0 F/in                 ; short        ; open          ; open            ; open  ; 0 V                 ; -                  ; n/a           ; n/a             ; n/a         ;
; out[3]      ; 2.5 V        ; 0 in              ; 0 H/in                  ; 0 F/in                  ; short         ; -                   ; open           ; open             ; open   ; 0 in             ; 0 H/in                 ; 0 F/in                 ; short        ; open          ; open            ; open  ; 0 V                 ; -                  ; n/a           ; n/a             ; n/a         ;
; out[4]      ; 2.5 V        ; 0 in              ; 0 H/in                  ; 0 F/in                  ; short         ; -                   ; open           ; open             ; open   ; 0 in             ; 0 H/in                 ; 0 F/in                 ; short        ; open          ; open            ; open  ; 0 V                 ; -                  ; n/a           ; n/a             ; n/a         ;
; out[5]      ; 2.5 V        ; 0 in              ; 0 H/in                  ; 0 F/in                  ; short         ; -                   ; open           ; open             ; open   ; 0 in             ; 0 H/in                 ; 0 F/in                 ; short        ; open          ; open            ; open  ; 0 V                 ; -                  ; n/a           ; n/a             ; n/a         ;
; out[6]      ; 2.5 V        ; 0 in              ; 0 H/in                  ; 0 F/in                  ; short         ; -                   ; open           ; open             ; open   ; 0 in             ; 0 H/in                 ; 0 F/in                 ; short        ; open          ; open            ; open  ; 0 V                 ; -                  ; n/a           ; n/a             ; n/a         ;
; out[7]      ; 2.5 V        ; 0 in              ; 0 H/in                  ; 0 F/in                  ; short         ; -                   ; open           ; open             ; open   ; 0 in             ; 0 H/in                 ; 0 F/in                 ; short        ; open          ; open            ; open  ; 0 V                 ; -                  ; n/a           ; n/a             ; n/a         ;
; out[8]      ; 2.5 V        ; 0 in              ; 0 H/in                  ; 0 F/in                  ; short         ; -                   ; open           ; open             ; open   ; 0 in             ; 0 H/in                 ; 0 F/in                 ; short        ; open          ; open            ; open  ; 0 V                 ; -                  ; n/a           ; n/a             ; n/a         ;
; out[9]      ; 2.5 V        ; 0 in              ; 0 H/in                  ; 0 F/in                  ; short         ; -                   ; open           ; open             ; open   ; 0 in             ; 0 H/in                 ; 0 F/in                 ; short        ; open          ; open            ; open  ; 0 V                 ; -                  ; n/a           ; n/a             ; n/a         ;
; out[10]     ; 2.5 V        ; 0 in              ; 0 H/in                  ; 0 F/in                  ; short         ; -                   ; open           ; open             ; open   ; 0 in             ; 0 H/in                 ; 0 F/in                 ; short        ; open          ; open            ; open  ; 0 V                 ; -                  ; n/a           ; n/a             ; n/a         ;
; out[11]     ; 2.5 V        ; 0 in              ; 0 H/in                  ; 0 F/in                  ; short         ; -                   ; open           ; open             ; open   ; 0 in             ; 0 H/in                 ; 0 F/in                 ; short        ; open          ; open            ; open  ; 0 V                 ; -                  ; n/a           ; n/a             ; n/a         ;
; out[12]     ; 2.5 V        ; 0 in              ; 0 H/in                  ; 0 F/in                  ; short         ; -                   ; open           ; open             ; open   ; 0 in             ; 0 H/in                 ; 0 F/in                 ; short        ; open          ; open            ; open  ; 0 V                 ; -                  ; n/a           ; n/a             ; n/a         ;
; out[13]     ; 2.5 V        ; 0 in              ; 0 H/in                  ; 0 F/in                  ; short         ; -                   ; open           ; open             ; open   ; 0 in             ; 0 H/in                 ; 0 F/in                 ; short        ; open          ; open            ; open  ; 0 V                 ; -                  ; n/a           ; n/a             ; n/a         ;
; out[14]     ; 2.5 V        ; 0 in              ; 0 H/in                  ; 0 F/in                  ; short         ; -                   ; open           ; open             ; open   ; 0 in             ; 0 H/in                 ; 0 F/in                 ; short        ; open          ; open            ; open  ; 0 V                 ; -                  ; n/a           ; n/a             ; n/a         ;
; out[15]     ; 2.5 V        ; 0 in              ; 0 H/in                  ; 0 F/in                  ; short         ; -                   ; open           ; open             ; open   ; 0 in             ; 0 H/in                 ; 0 F/in                 ; short        ; open          ; open            ; open  ; 0 V                 ; -                  ; n/a           ; n/a             ; n/a         ;
; out[16]     ; 2.5 V        ; 0 in              ; 0 H/in                  ; 0 F/in                  ; short         ; -                   ; open           ; open             ; open   ; 0 in             ; 0 H/in                 ; 0 F/in                 ; short        ; open          ; open            ; open  ; 0 V                 ; -                  ; n/a           ; n/a             ; n/a         ;
; out[17]     ; 2.5 V        ; 0 in              ; 0 H/in                  ; 0 F/in                  ; short         ; -                   ; open           ; open             ; open   ; 0 in             ; 0 H/in                 ; 0 F/in                 ; short        ; open          ; open            ; open  ; 0 V                 ; -                  ; n/a           ; n/a             ; n/a         ;
; out[18]     ; 2.5 V        ; 0 in              ; 0 H/in                  ; 0 F/in                  ; short         ; -                   ; open           ; open             ; open   ; 0 in             ; 0 H/in                 ; 0 F/in                 ; short        ; open          ; open            ; open  ; 0 V                 ; -                  ; n/a           ; n/a             ; n/a         ;
; out[19]     ; 2.5 V        ; 0 in              ; 0 H/in                  ; 0 F/in                  ; short         ; -                   ; open           ; open             ; open   ; 0 in             ; 0 H/in                 ; 0 F/in                 ; short        ; open          ; open            ; open  ; 0 V                 ; -                  ; n/a           ; n/a             ; n/a         ;
; out[20]     ; 2.5 V        ; 0 in              ; 0 H/in                  ; 0 F/in                  ; short         ; -                   ; open           ; open             ; open   ; 0 in             ; 0 H/in                 ; 0 F/in                 ; short        ; open          ; open            ; open  ; 0 V                 ; -                  ; n/a           ; n/a             ; n/a         ;
; out[21]     ; 2.5 V        ; 0 in              ; 0 H/in                  ; 0 F/in                  ; short         ; -                   ; open           ; open             ; open   ; 0 in             ; 0 H/in                 ; 0 F/in                 ; short        ; open          ; open            ; open  ; 0 V                 ; -                  ; n/a           ; n/a             ; n/a         ;
; out[22]     ; 2.5 V        ; 0 in              ; 0 H/in                  ; 0 F/in                  ; short         ; -                   ; open           ; open             ; open   ; 0 in             ; 0 H/in                 ; 0 F/in                 ; short        ; open          ; open            ; open  ; 0 V                 ; -                  ; n/a           ; n/a             ; n/a         ;
; out[23]     ; 2.5 V        ; 0 in              ; 0 H/in                  ; 0 F/in                  ; short         ; -                   ; open           ; open             ; open   ; 0 in             ; 0 H/in                 ; 0 F/in                 ; short        ; open          ; open            ; open  ; 0 V                 ; -                  ; n/a           ; n/a             ; n/a         ;
; out[24]     ; 2.5 V        ; 0 in              ; 0 H/in                  ; 0 F/in                  ; short         ; -                   ; open           ; open             ; open   ; 0 in             ; 0 H/in                 ; 0 F/in                 ; short        ; open          ; open            ; open  ; 0 V                 ; -                  ; n/a           ; n/a             ; n/a         ;
; out[25]     ; 2.5 V        ; 0 in              ; 0 H/in                  ; 0 F/in                  ; short         ; -                   ; open           ; open             ; open   ; 0 in             ; 0 H/in                 ; 0 F/in                 ; short        ; open          ; open            ; open  ; 0 V                 ; -                  ; n/a           ; n/a             ; n/a         ;
; out[26]     ; 2.5 V        ; 0 in              ; 0 H/in                  ; 0 F/in                  ; short         ; -                   ; open           ; open             ; open   ; 0 in             ; 0 H/in                 ; 0 F/in                 ; short        ; open          ; open            ; open  ; 0 V                 ; -                  ; n/a           ; n/a             ; n/a         ;
; out[27]     ; 2.5 V        ; 0 in              ; 0 H/in                  ; 0 F/in                  ; short         ; -                   ; open           ; open             ; open   ; 0 in             ; 0 H/in                 ; 0 F/in                 ; short        ; open          ; open            ; open  ; 0 V                 ; -                  ; n/a           ; n/a             ; n/a         ;
; out[28]     ; 2.5 V        ; 0 in              ; 0 H/in                  ; 0 F/in                  ; short         ; -                   ; open           ; open             ; open   ; 0 in             ; 0 H/in                 ; 0 F/in                 ; short        ; open          ; open            ; open  ; 0 V                 ; -                  ; n/a           ; n/a             ; n/a         ;
; out[29]     ; 2.5 V        ; 0 in              ; 0 H/in                  ; 0 F/in                  ; short         ; -                   ; open           ; open             ; open   ; 0 in             ; 0 H/in                 ; 0 F/in                 ; short        ; open          ; open            ; open  ; 0 V                 ; -                  ; n/a           ; n/a             ; n/a         ;
; out[30]     ; 2.5 V        ; 0 in              ; 0 H/in                  ; 0 F/in                  ; short         ; -                   ; open           ; open             ; open   ; 0 in             ; 0 H/in                 ; 0 F/in                 ; short        ; open          ; open            ; open  ; 0 V                 ; -                  ; n/a           ; n/a             ; n/a         ;
; out[31]     ; 2.5 V        ; 0 in              ; 0 H/in                  ; 0 F/in                  ; short         ; -                   ; open           ; open             ; open   ; 0 in             ; 0 H/in                 ; 0 F/in                 ; short        ; open          ; open            ; open  ; 0 V                 ; -                  ; n/a           ; n/a             ; n/a         ;
; out[32]     ; 2.5 V        ; 0 in              ; 0 H/in                  ; 0 F/in                  ; short         ; -                   ; open           ; open             ; open   ; 0 in             ; 0 H/in                 ; 0 F/in                 ; short        ; open          ; open            ; open  ; 0 V                 ; -                  ; n/a           ; n/a             ; n/a         ;
; out[33]     ; 2.5 V        ; 0 in              ; 0 H/in                  ; 0 F/in                  ; short         ; -                   ; open           ; open             ; open   ; 0 in             ; 0 H/in                 ; 0 F/in                 ; short        ; open          ; open            ; open  ; 0 V                 ; -                  ; n/a           ; n/a             ; n/a         ;
; out[34]     ; 2.5 V        ; 0 in              ; 0 H/in                  ; 0 F/in                  ; short         ; -                   ; open           ; open             ; open   ; 0 in             ; 0 H/in                 ; 0 F/in                 ; short        ; open          ; open            ; open  ; 0 V                 ; -                  ; n/a           ; n/a             ; n/a         ;
; out[35]     ; 2.5 V        ; 0 in              ; 0 H/in                  ; 0 F/in                  ; short         ; -                   ; open           ; open             ; open   ; 0 in             ; 0 H/in                 ; 0 F/in                 ; short        ; open          ; open            ; open  ; 0 V                 ; -                  ; n/a           ; n/a             ; n/a         ;
; out[36]     ; 2.5 V        ; 0 in              ; 0 H/in                  ; 0 F/in                  ; short         ; -                   ; open           ; open             ; open   ; 0 in             ; 0 H/in                 ; 0 F/in                 ; short        ; open          ; open            ; open  ; 0 V                 ; -                  ; n/a           ; n/a             ; n/a         ;
; out[37]     ; 2.5 V        ; 0 in              ; 0 H/in                  ; 0 F/in                  ; short         ; -                   ; open           ; open             ; open   ; 0 in             ; 0 H/in                 ; 0 F/in                 ; short        ; open          ; open            ; open  ; 0 V                 ; -                  ; n/a           ; n/a             ; n/a         ;
; out[38]     ; 2.5 V        ; 0 in              ; 0 H/in                  ; 0 F/in                  ; short         ; -                   ; open           ; open             ; open   ; 0 in             ; 0 H/in                 ; 0 F/in                 ; short        ; open          ; open            ; open  ; 0 V                 ; -                  ; n/a           ; n/a             ; n/a         ;
; out[39]     ; 2.5 V        ; 0 in              ; 0 H/in                  ; 0 F/in                  ; short         ; -                   ; open           ; open             ; open   ; 0 in             ; 0 H/in                 ; 0 F/in                 ; short        ; open          ; open            ; open  ; 0 V                 ; -                  ; n/a           ; n/a             ; n/a         ;
; out[40]     ; 2.5 V        ; 0 in              ; 0 H/in                  ; 0 F/in                  ; short         ; -                   ; open           ; open             ; open   ; 0 in             ; 0 H/in                 ; 0 F/in                 ; short        ; open          ; open            ; open  ; 0 V                 ; -                  ; n/a           ; n/a             ; n/a         ;
; out[41]     ; 2.5 V        ; 0 in              ; 0 H/in                  ; 0 F/in                  ; short         ; -                   ; open           ; open             ; open   ; 0 in             ; 0 H/in                 ; 0 F/in                 ; short        ; open          ; open            ; open  ; 0 V                 ; -                  ; n/a           ; n/a             ; n/a         ;
; out[42]     ; 2.5 V        ; 0 in              ; 0 H/in                  ; 0 F/in                  ; short         ; -                   ; open           ; open             ; open   ; 0 in             ; 0 H/in                 ; 0 F/in                 ; short        ; open          ; open            ; open  ; 0 V                 ; -                  ; n/a           ; n/a             ; n/a         ;
; out[43]     ; 2.5 V        ; 0 in              ; 0 H/in                  ; 0 F/in                  ; short         ; -                   ; open           ; open             ; open   ; 0 in             ; 0 H/in                 ; 0 F/in                 ; short        ; open          ; open            ; open  ; 0 V                 ; -                  ; n/a           ; n/a             ; n/a         ;
; out[44]     ; 2.5 V        ; 0 in              ; 0 H/in                  ; 0 F/in                  ; short         ; -                   ; open           ; open             ; open   ; 0 in             ; 0 H/in                 ; 0 F/in                 ; short        ; open          ; open            ; open  ; 0 V                 ; -                  ; n/a           ; n/a             ; n/a         ;
; out[45]     ; 2.5 V        ; 0 in              ; 0 H/in                  ; 0 F/in                  ; short         ; -                   ; open           ; open             ; open   ; 0 in             ; 0 H/in                 ; 0 F/in                 ; short        ; open          ; open            ; open  ; 0 V                 ; -                  ; n/a           ; n/a             ; n/a         ;
; out[46]     ; 2.5 V        ; 0 in              ; 0 H/in                  ; 0 F/in                  ; short         ; -                   ; open           ; open             ; open   ; 0 in             ; 0 H/in                 ; 0 F/in                 ; short        ; open          ; open            ; open  ; 0 V                 ; -                  ; n/a           ; n/a             ; n/a         ;
; out[47]     ; 2.5 V        ; 0 in              ; 0 H/in                  ; 0 F/in                  ; short         ; -                   ; open           ; open             ; open   ; 0 in             ; 0 H/in                 ; 0 F/in                 ; short        ; open          ; open            ; open  ; 0 V                 ; -                  ; n/a           ; n/a             ; n/a         ;
; out[48]     ; 2.5 V        ; 0 in              ; 0 H/in                  ; 0 F/in                  ; short         ; -                   ; open           ; open             ; open   ; 0 in             ; 0 H/in                 ; 0 F/in                 ; short        ; open          ; open            ; open  ; 0 V                 ; -                  ; n/a           ; n/a             ; n/a         ;
; out[49]     ; 2.5 V        ; 0 in              ; 0 H/in                  ; 0 F/in                  ; short         ; -                   ; open           ; open             ; open   ; 0 in             ; 0 H/in                 ; 0 F/in                 ; short        ; open          ; open            ; open  ; 0 V                 ; -                  ; n/a           ; n/a             ; n/a         ;
; out[50]     ; 2.5 V        ; 0 in              ; 0 H/in                  ; 0 F/in                  ; short         ; -                   ; open           ; open             ; open   ; 0 in             ; 0 H/in                 ; 0 F/in                 ; short        ; open          ; open            ; open  ; 0 V                 ; -                  ; n/a           ; n/a             ; n/a         ;
; out[51]     ; 2.5 V        ; 0 in              ; 0 H/in                  ; 0 F/in                  ; short         ; -                   ; open           ; open             ; open   ; 0 in             ; 0 H/in                 ; 0 F/in                 ; short        ; open          ; open            ; open  ; 0 V                 ; -                  ; n/a           ; n/a             ; n/a         ;
; out[52]     ; 2.5 V        ; 0 in              ; 0 H/in                  ; 0 F/in                  ; short         ; -                   ; open           ; open             ; open   ; 0 in             ; 0 H/in                 ; 0 F/in                 ; short        ; open          ; open            ; open  ; 0 V                 ; -                  ; n/a           ; n/a             ; n/a         ;
; out[53]     ; 2.5 V        ; 0 in              ; 0 H/in                  ; 0 F/in                  ; short         ; -                   ; open           ; open             ; open   ; 0 in             ; 0 H/in                 ; 0 F/in                 ; short        ; open          ; open            ; open  ; 0 V                 ; -                  ; n/a           ; n/a             ; n/a         ;
; out[54]     ; 2.5 V        ; 0 in              ; 0 H/in                  ; 0 F/in                  ; short         ; -                   ; open           ; open             ; open   ; 0 in             ; 0 H/in                 ; 0 F/in                 ; short        ; open          ; open            ; open  ; 0 V                 ; -                  ; n/a           ; n/a             ; n/a         ;
; out[55]     ; 2.5 V        ; 0 in              ; 0 H/in                  ; 0 F/in                  ; short         ; -                   ; open           ; open             ; open   ; 0 in             ; 0 H/in                 ; 0 F/in                 ; short        ; open          ; open            ; open  ; 0 V                 ; -                  ; n/a           ; n/a             ; n/a         ;
; out[56]     ; 2.5 V        ; 0 in              ; 0 H/in                  ; 0 F/in                  ; short         ; -                   ; open           ; open             ; open   ; 0 in             ; 0 H/in                 ; 0 F/in                 ; short        ; open          ; open            ; open  ; 0 V                 ; -                  ; n/a           ; n/a             ; n/a         ;
; out[57]     ; 2.5 V        ; 0 in              ; 0 H/in                  ; 0 F/in                  ; short         ; -                   ; open           ; open             ; open   ; 0 in             ; 0 H/in                 ; 0 F/in                 ; short        ; open          ; open            ; open  ; 0 V                 ; -                  ; n/a           ; n/a             ; n/a         ;
; out[58]     ; 2.5 V        ; 0 in              ; 0 H/in                  ; 0 F/in                  ; short         ; -                   ; open           ; open             ; open   ; 0 in             ; 0 H/in                 ; 0 F/in                 ; short        ; open          ; open            ; open  ; 0 V                 ; -                  ; n/a           ; n/a             ; n/a         ;
; out[59]     ; 2.5 V        ; 0 in              ; 0 H/in                  ; 0 F/in                  ; short         ; -                   ; open           ; open             ; open   ; 0 in             ; 0 H/in                 ; 0 F/in                 ; short        ; open          ; open            ; open  ; 0 V                 ; -                  ; n/a           ; n/a             ; n/a         ;
; out[60]     ; 2.5 V        ; 0 in              ; 0 H/in                  ; 0 F/in                  ; short         ; -                   ; open           ; open             ; open   ; 0 in             ; 0 H/in                 ; 0 F/in                 ; short        ; open          ; open            ; open  ; 0 V                 ; -                  ; n/a           ; n/a             ; n/a         ;
; out[61]     ; 2.5 V        ; 0 in              ; 0 H/in                  ; 0 F/in                  ; short         ; -                   ; open           ; open             ; open   ; 0 in             ; 0 H/in                 ; 0 F/in                 ; short        ; open          ; open            ; open  ; 0 V                 ; -                  ; n/a           ; n/a             ; n/a         ;
; out[62]     ; 2.5 V        ; 0 in              ; 0 H/in                  ; 0 F/in                  ; short         ; -                   ; open           ; open             ; open   ; 0 in             ; 0 H/in                 ; 0 F/in                 ; short        ; open          ; open            ; open  ; 0 V                 ; -                  ; n/a           ; n/a             ; n/a         ;
; out[63]     ; 2.5 V        ; 0 in              ; 0 H/in                  ; 0 F/in                  ; short         ; -                   ; open           ; open             ; open   ; 0 in             ; 0 H/in                 ; 0 F/in                 ; short        ; open          ; open            ; open  ; 0 V                 ; -                  ; n/a           ; n/a             ; n/a         ;
; out[64]     ; 2.5 V        ; 0 in              ; 0 H/in                  ; 0 F/in                  ; short         ; -                   ; open           ; open             ; open   ; 0 in             ; 0 H/in                 ; 0 F/in                 ; short        ; open          ; open            ; open  ; 0 V                 ; -                  ; n/a           ; n/a             ; n/a         ;
; out[65]     ; 2.5 V        ; 0 in              ; 0 H/in                  ; 0 F/in                  ; short         ; -                   ; open           ; open             ; open   ; 0 in             ; 0 H/in                 ; 0 F/in                 ; short        ; open          ; open            ; open  ; 0 V                 ; -                  ; n/a           ; n/a             ; n/a         ;
; out[66]     ; 2.5 V        ; 0 in              ; 0 H/in                  ; 0 F/in                  ; short         ; -                   ; open           ; open             ; open   ; 0 in             ; 0 H/in                 ; 0 F/in                 ; short        ; open          ; open            ; open  ; 0 V                 ; -                  ; n/a           ; n/a             ; n/a         ;
; out[67]     ; 2.5 V        ; 0 in              ; 0 H/in                  ; 0 F/in                  ; short         ; -                   ; open           ; open             ; open   ; 0 in             ; 0 H/in                 ; 0 F/in                 ; short        ; open          ; open            ; open  ; 0 V                 ; -                  ; n/a           ; n/a             ; n/a         ;
; out[68]     ; 2.5 V        ; 0 in              ; 0 H/in                  ; 0 F/in                  ; short         ; -                   ; open           ; open             ; open   ; 0 in             ; 0 H/in                 ; 0 F/in                 ; short        ; open          ; open            ; open  ; 0 V                 ; -                  ; n/a           ; n/a             ; n/a         ;
; out[69]     ; 2.5 V        ; 0 in              ; 0 H/in                  ; 0 F/in                  ; short         ; -                   ; open           ; open             ; open   ; 0 in             ; 0 H/in                 ; 0 F/in                 ; short        ; open          ; open            ; open  ; 0 V                 ; -                  ; n/a           ; n/a             ; n/a         ;
; out[70]     ; 2.5 V        ; 0 in              ; 0 H/in                  ; 0 F/in                  ; short         ; -                   ; open           ; open             ; open   ; 0 in             ; 0 H/in                 ; 0 F/in                 ; short        ; open          ; open            ; open  ; 0 V                 ; -                  ; n/a           ; n/a             ; n/a         ;
; out[71]     ; 2.5 V        ; 0 in              ; 0 H/in                  ; 0 F/in                  ; short         ; -                   ; open           ; open             ; open   ; 0 in             ; 0 H/in                 ; 0 F/in                 ; short        ; open          ; open            ; open  ; 0 V                 ; -                  ; n/a           ; n/a             ; n/a         ;
; out[72]     ; 2.5 V        ; 0 in              ; 0 H/in                  ; 0 F/in                  ; short         ; -                   ; open           ; open             ; open   ; 0 in             ; 0 H/in                 ; 0 F/in                 ; short        ; open          ; open            ; open  ; 0 V                 ; -                  ; n/a           ; n/a             ; n/a         ;
; out[73]     ; 2.5 V        ; 0 in              ; 0 H/in                  ; 0 F/in                  ; short         ; -                   ; open           ; open             ; open   ; 0 in             ; 0 H/in                 ; 0 F/in                 ; short        ; open          ; open            ; open  ; 0 V                 ; -                  ; n/a           ; n/a             ; n/a         ;
; out[74]     ; 2.5 V        ; 0 in              ; 0 H/in                  ; 0 F/in                  ; short         ; -                   ; open           ; open             ; open   ; 0 in             ; 0 H/in                 ; 0 F/in                 ; short        ; open          ; open            ; open  ; 0 V                 ; -                  ; n/a           ; n/a             ; n/a         ;
; out[75]     ; 2.5 V        ; 0 in              ; 0 H/in                  ; 0 F/in                  ; short         ; -                   ; open           ; open             ; open   ; 0 in             ; 0 H/in                 ; 0 F/in                 ; short        ; open          ; open            ; open  ; 0 V                 ; -                  ; n/a           ; n/a             ; n/a         ;
; out[76]     ; 2.5 V        ; 0 in              ; 0 H/in                  ; 0 F/in                  ; short         ; -                   ; open           ; open             ; open   ; 0 in             ; 0 H/in                 ; 0 F/in                 ; short        ; open          ; open            ; open  ; 0 V                 ; -                  ; n/a           ; n/a             ; n/a         ;
; out[77]     ; 2.5 V        ; 0 in              ; 0 H/in                  ; 0 F/in                  ; short         ; -                   ; open           ; open             ; open   ; 0 in             ; 0 H/in                 ; 0 F/in                 ; short        ; open          ; open            ; open  ; 0 V                 ; -                  ; n/a           ; n/a             ; n/a         ;
; out[78]     ; 2.5 V        ; 0 in              ; 0 H/in                  ; 0 F/in                  ; short         ; -                   ; open           ; open             ; open   ; 0 in             ; 0 H/in                 ; 0 F/in                 ; short        ; open          ; open            ; open  ; 0 V                 ; -                  ; n/a           ; n/a             ; n/a         ;
; out[79]     ; 2.5 V        ; 0 in              ; 0 H/in                  ; 0 F/in                  ; short         ; -                   ; open           ; open             ; open   ; 0 in             ; 0 H/in                 ; 0 F/in                 ; short        ; open          ; open            ; open  ; 0 V                 ; -                  ; n/a           ; n/a             ; n/a         ;
; out[80]     ; 2.5 V        ; 0 in              ; 0 H/in                  ; 0 F/in                  ; short         ; -                   ; open           ; open             ; open   ; 0 in             ; 0 H/in                 ; 0 F/in                 ; short        ; open          ; open            ; open  ; 0 V                 ; -                  ; n/a           ; n/a             ; n/a         ;
; out[81]     ; 2.5 V        ; 0 in              ; 0 H/in                  ; 0 F/in                  ; short         ; -                   ; open           ; open             ; open   ; 0 in             ; 0 H/in                 ; 0 F/in                 ; short        ; open          ; open            ; open  ; 0 V                 ; -                  ; n/a           ; n/a             ; n/a         ;
; out[82]     ; 2.5 V        ; 0 in              ; 0 H/in                  ; 0 F/in                  ; short         ; -                   ; open           ; open             ; open   ; 0 in             ; 0 H/in                 ; 0 F/in                 ; short        ; open          ; open            ; open  ; 0 V                 ; -                  ; n/a           ; n/a             ; n/a         ;
; out[83]     ; 2.5 V        ; 0 in              ; 0 H/in                  ; 0 F/in                  ; short         ; -                   ; open           ; open             ; open   ; 0 in             ; 0 H/in                 ; 0 F/in                 ; short        ; open          ; open            ; open  ; 0 V                 ; -                  ; n/a           ; n/a             ; n/a         ;
; out[84]     ; 2.5 V        ; 0 in              ; 0 H/in                  ; 0 F/in                  ; short         ; -                   ; open           ; open             ; open   ; 0 in             ; 0 H/in                 ; 0 F/in                 ; short        ; open          ; open            ; open  ; 0 V                 ; -                  ; n/a           ; n/a             ; n/a         ;
; out[85]     ; 2.5 V        ; 0 in              ; 0 H/in                  ; 0 F/in                  ; short         ; -                   ; open           ; open             ; open   ; 0 in             ; 0 H/in                 ; 0 F/in                 ; short        ; open          ; open            ; open  ; 0 V                 ; -                  ; n/a           ; n/a             ; n/a         ;
; out[86]     ; 2.5 V        ; 0 in              ; 0 H/in                  ; 0 F/in                  ; short         ; -                   ; open           ; open             ; open   ; 0 in             ; 0 H/in                 ; 0 F/in                 ; short        ; open          ; open            ; open  ; 0 V                 ; -                  ; n/a           ; n/a             ; n/a         ;
; out[87]     ; 2.5 V        ; 0 in              ; 0 H/in                  ; 0 F/in                  ; short         ; -                   ; open           ; open             ; open   ; 0 in             ; 0 H/in                 ; 0 F/in                 ; short        ; open          ; open            ; open  ; 0 V                 ; -                  ; n/a           ; n/a             ; n/a         ;
; out[88]     ; 2.5 V        ; 0 in              ; 0 H/in                  ; 0 F/in                  ; short         ; -                   ; open           ; open             ; open   ; 0 in             ; 0 H/in                 ; 0 F/in                 ; short        ; open          ; open            ; open  ; 0 V                 ; -                  ; n/a           ; n/a             ; n/a         ;
; out[89]     ; 2.5 V        ; 0 in              ; 0 H/in                  ; 0 F/in                  ; short         ; -                   ; open           ; open             ; open   ; 0 in             ; 0 H/in                 ; 0 F/in                 ; short        ; open          ; open            ; open  ; 0 V                 ; -                  ; n/a           ; n/a             ; n/a         ;
; out[90]     ; 2.5 V        ; 0 in              ; 0 H/in                  ; 0 F/in                  ; short         ; -                   ; open           ; open             ; open   ; 0 in             ; 0 H/in                 ; 0 F/in                 ; short        ; open          ; open            ; open  ; 0 V                 ; -                  ; n/a           ; n/a             ; n/a         ;
; out[91]     ; 2.5 V        ; 0 in              ; 0 H/in                  ; 0 F/in                  ; short         ; -                   ; open           ; open             ; open   ; 0 in             ; 0 H/in                 ; 0 F/in                 ; short        ; open          ; open            ; open  ; 0 V                 ; -                  ; n/a           ; n/a             ; n/a         ;
; out[92]     ; 2.5 V        ; 0 in              ; 0 H/in                  ; 0 F/in                  ; short         ; -                   ; open           ; open             ; open   ; 0 in             ; 0 H/in                 ; 0 F/in                 ; short        ; open          ; open            ; open  ; 0 V                 ; -                  ; n/a           ; n/a             ; n/a         ;
; out[93]     ; 2.5 V        ; 0 in              ; 0 H/in                  ; 0 F/in                  ; short         ; -                   ; open           ; open             ; open   ; 0 in             ; 0 H/in                 ; 0 F/in                 ; short        ; open          ; open            ; open  ; 0 V                 ; -                  ; n/a           ; n/a             ; n/a         ;
; out[94]     ; 2.5 V        ; 0 in              ; 0 H/in                  ; 0 F/in                  ; short         ; -                   ; open           ; open             ; open   ; 0 in             ; 0 H/in                 ; 0 F/in                 ; short        ; open          ; open            ; open  ; 0 V                 ; -                  ; n/a           ; n/a             ; n/a         ;
; out[95]     ; 2.5 V        ; 0 in              ; 0 H/in                  ; 0 F/in                  ; short         ; -                   ; open           ; open             ; open   ; 0 in             ; 0 H/in                 ; 0 F/in                 ; short        ; open          ; open            ; open  ; 0 V                 ; -                  ; n/a           ; n/a             ; n/a         ;
; out[96]     ; 2.5 V        ; 0 in              ; 0 H/in                  ; 0 F/in                  ; short         ; -                   ; open           ; open             ; open   ; 0 in             ; 0 H/in                 ; 0 F/in                 ; short        ; open          ; open            ; open  ; 0 V                 ; -                  ; n/a           ; n/a             ; n/a         ;
; out[97]     ; 2.5 V        ; 0 in              ; 0 H/in                  ; 0 F/in                  ; short         ; -                   ; open           ; open             ; open   ; 0 in             ; 0 H/in                 ; 0 F/in                 ; short        ; open          ; open            ; open  ; 0 V                 ; -                  ; n/a           ; n/a             ; n/a         ;
; out[98]     ; 2.5 V        ; 0 in              ; 0 H/in                  ; 0 F/in                  ; short         ; -                   ; open           ; open             ; open   ; 0 in             ; 0 H/in                 ; 0 F/in                 ; short        ; open          ; open            ; open  ; 0 V                 ; -                  ; n/a           ; n/a             ; n/a         ;
; out[99]     ; 2.5 V        ; 0 in              ; 0 H/in                  ; 0 F/in                  ; short         ; -                   ; open           ; open             ; open   ; 0 in             ; 0 H/in                 ; 0 F/in                 ; short        ; open          ; open            ; open  ; 0 V                 ; -                  ; n/a           ; n/a             ; n/a         ;
; out[100]    ; 2.5 V        ; 0 in              ; 0 H/in                  ; 0 F/in                  ; short         ; -                   ; open           ; open             ; open   ; 0 in             ; 0 H/in                 ; 0 F/in                 ; short        ; open          ; open            ; open  ; 0 V                 ; -                  ; n/a           ; n/a             ; n/a         ;
; out[101]    ; 2.5 V        ; 0 in              ; 0 H/in                  ; 0 F/in                  ; short         ; -                   ; open           ; open             ; open   ; 0 in             ; 0 H/in                 ; 0 F/in                 ; short        ; open          ; open            ; open  ; 0 V                 ; -                  ; n/a           ; n/a             ; n/a         ;
; out[102]    ; 2.5 V        ; 0 in              ; 0 H/in                  ; 0 F/in                  ; short         ; -                   ; open           ; open             ; open   ; 0 in             ; 0 H/in                 ; 0 F/in                 ; short        ; open          ; open            ; open  ; 0 V                 ; -                  ; n/a           ; n/a             ; n/a         ;
; out[103]    ; 2.5 V        ; 0 in              ; 0 H/in                  ; 0 F/in                  ; short         ; -                   ; open           ; open             ; open   ; 0 in             ; 0 H/in                 ; 0 F/in                 ; short        ; open          ; open            ; open  ; 0 V                 ; -                  ; n/a           ; n/a             ; n/a         ;
; out[104]    ; 2.5 V        ; 0 in              ; 0 H/in                  ; 0 F/in                  ; short         ; -                   ; open           ; open             ; open   ; 0 in             ; 0 H/in                 ; 0 F/in                 ; short        ; open          ; open            ; open  ; 0 V                 ; -                  ; n/a           ; n/a             ; n/a         ;
; out[105]    ; 2.5 V        ; 0 in              ; 0 H/in                  ; 0 F/in                  ; short         ; -                   ; open           ; open             ; open   ; 0 in             ; 0 H/in                 ; 0 F/in                 ; short        ; open          ; open            ; open  ; 0 V                 ; -                  ; n/a           ; n/a             ; n/a         ;
; out[106]    ; 2.5 V        ; 0 in              ; 0 H/in                  ; 0 F/in                  ; short         ; -                   ; open           ; open             ; open   ; 0 in             ; 0 H/in                 ; 0 F/in                 ; short        ; open          ; open            ; open  ; 0 V                 ; -                  ; n/a           ; n/a             ; n/a         ;
; out[107]    ; 2.5 V        ; 0 in              ; 0 H/in                  ; 0 F/in                  ; short         ; -                   ; open           ; open             ; open   ; 0 in             ; 0 H/in                 ; 0 F/in                 ; short        ; open          ; open            ; open  ; 0 V                 ; -                  ; n/a           ; n/a             ; n/a         ;
; out[108]    ; 2.5 V        ; 0 in              ; 0 H/in                  ; 0 F/in                  ; short         ; -                   ; open           ; open             ; open   ; 0 in             ; 0 H/in                 ; 0 F/in                 ; short        ; open          ; open            ; open  ; 0 V                 ; -                  ; n/a           ; n/a             ; n/a         ;
; out[109]    ; 2.5 V        ; 0 in              ; 0 H/in                  ; 0 F/in                  ; short         ; -                   ; open           ; open             ; open   ; 0 in             ; 0 H/in                 ; 0 F/in                 ; short        ; open          ; open            ; open  ; 0 V                 ; -                  ; n/a           ; n/a             ; n/a         ;
; out[110]    ; 2.5 V        ; 0 in              ; 0 H/in                  ; 0 F/in                  ; short         ; -                   ; open           ; open             ; open   ; 0 in             ; 0 H/in                 ; 0 F/in                 ; short        ; open          ; open            ; open  ; 0 V                 ; -                  ; n/a           ; n/a             ; n/a         ;
; out[111]    ; 2.5 V        ; 0 in              ; 0 H/in                  ; 0 F/in                  ; short         ; -                   ; open           ; open             ; open   ; 0 in             ; 0 H/in                 ; 0 F/in                 ; short        ; open          ; open            ; open  ; 0 V                 ; -                  ; n/a           ; n/a             ; n/a         ;
; out[112]    ; 2.5 V        ; 0 in              ; 0 H/in                  ; 0 F/in                  ; short         ; -                   ; open           ; open             ; open   ; 0 in             ; 0 H/in                 ; 0 F/in                 ; short        ; open          ; open            ; open  ; 0 V                 ; -                  ; n/a           ; n/a             ; n/a         ;
; out[113]    ; 2.5 V        ; 0 in              ; 0 H/in                  ; 0 F/in                  ; short         ; -                   ; open           ; open             ; open   ; 0 in             ; 0 H/in                 ; 0 F/in                 ; short        ; open          ; open            ; open  ; 0 V                 ; -                  ; n/a           ; n/a             ; n/a         ;
; out[114]    ; 2.5 V        ; 0 in              ; 0 H/in                  ; 0 F/in                  ; short         ; -                   ; open           ; open             ; open   ; 0 in             ; 0 H/in                 ; 0 F/in                 ; short        ; open          ; open            ; open  ; 0 V                 ; -                  ; n/a           ; n/a             ; n/a         ;
; out[115]    ; 2.5 V        ; 0 in              ; 0 H/in                  ; 0 F/in                  ; short         ; -                   ; open           ; open             ; open   ; 0 in             ; 0 H/in                 ; 0 F/in                 ; short        ; open          ; open            ; open  ; 0 V                 ; -                  ; n/a           ; n/a             ; n/a         ;
; out[116]    ; 2.5 V        ; 0 in              ; 0 H/in                  ; 0 F/in                  ; short         ; -                   ; open           ; open             ; open   ; 0 in             ; 0 H/in                 ; 0 F/in                 ; short        ; open          ; open            ; open  ; 0 V                 ; -                  ; n/a           ; n/a             ; n/a         ;
; out[117]    ; 2.5 V        ; 0 in              ; 0 H/in                  ; 0 F/in                  ; short         ; -                   ; open           ; open             ; open   ; 0 in             ; 0 H/in                 ; 0 F/in                 ; short        ; open          ; open            ; open  ; 0 V                 ; -                  ; n/a           ; n/a             ; n/a         ;
; out[118]    ; 2.5 V        ; 0 in              ; 0 H/in                  ; 0 F/in                  ; short         ; -                   ; open           ; open             ; open   ; 0 in             ; 0 H/in                 ; 0 F/in                 ; short        ; open          ; open            ; open  ; 0 V                 ; -                  ; n/a           ; n/a             ; n/a         ;
; out[119]    ; 2.5 V        ; 0 in              ; 0 H/in                  ; 0 F/in                  ; short         ; -                   ; open           ; open             ; open   ; 0 in             ; 0 H/in                 ; 0 F/in                 ; short        ; open          ; open            ; open  ; 0 V                 ; -                  ; n/a           ; n/a             ; n/a         ;
; out[120]    ; 2.5 V        ; 0 in              ; 0 H/in                  ; 0 F/in                  ; short         ; -                   ; open           ; open             ; open   ; 0 in             ; 0 H/in                 ; 0 F/in                 ; short        ; open          ; open            ; open  ; 0 V                 ; -                  ; n/a           ; n/a             ; n/a         ;
; out[121]    ; 2.5 V        ; 0 in              ; 0 H/in                  ; 0 F/in                  ; short         ; -                   ; open           ; open             ; open   ; 0 in             ; 0 H/in                 ; 0 F/in                 ; short        ; open          ; open            ; open  ; 0 V                 ; -                  ; n/a           ; n/a             ; n/a         ;
; out[122]    ; 2.5 V        ; 0 in              ; 0 H/in                  ; 0 F/in                  ; short         ; -                   ; open           ; open             ; open   ; 0 in             ; 0 H/in                 ; 0 F/in                 ; short        ; open          ; open            ; open  ; 0 V                 ; -                  ; n/a           ; n/a             ; n/a         ;
; out[123]    ; 2.5 V        ; 0 in              ; 0 H/in                  ; 0 F/in                  ; short         ; -                   ; open           ; open             ; open   ; 0 in             ; 0 H/in                 ; 0 F/in                 ; short        ; open          ; open            ; open  ; 0 V                 ; -                  ; n/a           ; n/a             ; n/a         ;
; out[124]    ; 2.5 V        ; 0 in              ; 0 H/in                  ; 0 F/in                  ; short         ; -                   ; open           ; open             ; open   ; 0 in             ; 0 H/in                 ; 0 F/in                 ; short        ; open          ; open            ; open  ; 0 V                 ; -                  ; n/a           ; n/a             ; n/a         ;
; out[125]    ; 2.5 V        ; 0 in              ; 0 H/in                  ; 0 F/in                  ; short         ; -                   ; open           ; open             ; open   ; 0 in             ; 0 H/in                 ; 0 F/in                 ; short        ; open          ; open            ; open  ; 0 V                 ; -                  ; n/a           ; n/a             ; n/a         ;
; out[126]    ; 2.5 V        ; 0 in              ; 0 H/in                  ; 0 F/in                  ; short         ; -                   ; open           ; open             ; open   ; 0 in             ; 0 H/in                 ; 0 F/in                 ; short        ; open          ; open            ; open  ; 0 V                 ; -                  ; n/a           ; n/a             ; n/a         ;
; out[127]    ; 2.5 V        ; 0 in              ; 0 H/in                  ; 0 F/in                  ; short         ; -                   ; open           ; open             ; open   ; 0 in             ; 0 H/in                 ; 0 F/in                 ; short        ; open          ; open            ; open  ; 0 V                 ; -                  ; n/a           ; n/a             ; n/a         ;
; out[128]    ; 2.5 V        ; 0 in              ; 0 H/in                  ; 0 F/in                  ; short         ; -                   ; open           ; open             ; open   ; 0 in             ; 0 H/in                 ; 0 F/in                 ; short        ; open          ; open            ; open  ; 0 V                 ; -                  ; n/a           ; n/a             ; n/a         ;
; out[129]    ; 2.5 V        ; 0 in              ; 0 H/in                  ; 0 F/in                  ; short         ; -                   ; open           ; open             ; open   ; 0 in             ; 0 H/in                 ; 0 F/in                 ; short        ; open          ; open            ; open  ; 0 V                 ; -                  ; n/a           ; n/a             ; n/a         ;
; out[130]    ; 2.5 V        ; 0 in              ; 0 H/in                  ; 0 F/in                  ; short         ; -                   ; open           ; open             ; open   ; 0 in             ; 0 H/in                 ; 0 F/in                 ; short        ; open          ; open            ; open  ; 0 V                 ; -                  ; n/a           ; n/a             ; n/a         ;
; out[131]    ; 2.5 V        ; 0 in              ; 0 H/in                  ; 0 F/in                  ; short         ; -                   ; open           ; open             ; open   ; 0 in             ; 0 H/in                 ; 0 F/in                 ; short        ; open          ; open            ; open  ; 0 V                 ; -                  ; n/a           ; n/a             ; n/a         ;
; out[132]    ; 2.5 V        ; 0 in              ; 0 H/in                  ; 0 F/in                  ; short         ; -                   ; open           ; open             ; open   ; 0 in             ; 0 H/in                 ; 0 F/in                 ; short        ; open          ; open            ; open  ; 0 V                 ; -                  ; n/a           ; n/a             ; n/a         ;
; out[133]    ; 2.5 V        ; 0 in              ; 0 H/in                  ; 0 F/in                  ; short         ; -                   ; open           ; open             ; open   ; 0 in             ; 0 H/in                 ; 0 F/in                 ; short        ; open          ; open            ; open  ; 0 V                 ; -                  ; n/a           ; n/a             ; n/a         ;
; out[134]    ; 2.5 V        ; 0 in              ; 0 H/in                  ; 0 F/in                  ; short         ; -                   ; open           ; open             ; open   ; 0 in             ; 0 H/in                 ; 0 F/in                 ; short        ; open          ; open            ; open  ; 0 V                 ; -                  ; n/a           ; n/a             ; n/a         ;
; out[135]    ; 2.5 V        ; 0 in              ; 0 H/in                  ; 0 F/in                  ; short         ; -                   ; open           ; open             ; open   ; 0 in             ; 0 H/in                 ; 0 F/in                 ; short        ; open          ; open            ; open  ; 0 V                 ; -                  ; n/a           ; n/a             ; n/a         ;
; out[136]    ; 2.5 V        ; 0 in              ; 0 H/in                  ; 0 F/in                  ; short         ; -                   ; open           ; open             ; open   ; 0 in             ; 0 H/in                 ; 0 F/in                 ; short        ; open          ; open            ; open  ; 0 V                 ; -                  ; n/a           ; n/a             ; n/a         ;
; out[137]    ; 2.5 V        ; 0 in              ; 0 H/in                  ; 0 F/in                  ; short         ; -                   ; open           ; open             ; open   ; 0 in             ; 0 H/in                 ; 0 F/in                 ; short        ; open          ; open            ; open  ; 0 V                 ; -                  ; n/a           ; n/a             ; n/a         ;
; out[138]    ; 2.5 V        ; 0 in              ; 0 H/in                  ; 0 F/in                  ; short         ; -                   ; open           ; open             ; open   ; 0 in             ; 0 H/in                 ; 0 F/in                 ; short        ; open          ; open            ; open  ; 0 V                 ; -                  ; n/a           ; n/a             ; n/a         ;
; out[139]    ; 2.5 V        ; 0 in              ; 0 H/in                  ; 0 F/in                  ; short         ; -                   ; open           ; open             ; open   ; 0 in             ; 0 H/in                 ; 0 F/in                 ; short        ; open          ; open            ; open  ; 0 V                 ; -                  ; n/a           ; n/a             ; n/a         ;
; out[140]    ; 2.5 V        ; 0 in              ; 0 H/in                  ; 0 F/in                  ; short         ; -                   ; open           ; open             ; open   ; 0 in             ; 0 H/in                 ; 0 F/in                 ; short        ; open          ; open            ; open  ; 0 V                 ; -                  ; n/a           ; n/a             ; n/a         ;
; out[141]    ; 2.5 V        ; 0 in              ; 0 H/in                  ; 0 F/in                  ; short         ; -                   ; open           ; open             ; open   ; 0 in             ; 0 H/in                 ; 0 F/in                 ; short        ; open          ; open            ; open  ; 0 V                 ; -                  ; n/a           ; n/a             ; n/a         ;
; out[142]    ; 2.5 V        ; 0 in              ; 0 H/in                  ; 0 F/in                  ; short         ; -                   ; open           ; open             ; open   ; 0 in             ; 0 H/in                 ; 0 F/in                 ; short        ; open          ; open            ; open  ; 0 V                 ; -                  ; n/a           ; n/a             ; n/a         ;
; out[143]    ; 2.5 V        ; 0 in              ; 0 H/in                  ; 0 F/in                  ; short         ; -                   ; open           ; open             ; open   ; 0 in             ; 0 H/in                 ; 0 F/in                 ; short        ; open          ; open            ; open  ; 0 V                 ; -                  ; n/a           ; n/a             ; n/a         ;
; out[144]    ; 2.5 V        ; 0 in              ; 0 H/in                  ; 0 F/in                  ; short         ; -                   ; open           ; open             ; open   ; 0 in             ; 0 H/in                 ; 0 F/in                 ; short        ; open          ; open            ; open  ; 0 V                 ; -                  ; n/a           ; n/a             ; n/a         ;
; out[145]    ; 2.5 V        ; 0 in              ; 0 H/in                  ; 0 F/in                  ; short         ; -                   ; open           ; open             ; open   ; 0 in             ; 0 H/in                 ; 0 F/in                 ; short        ; open          ; open            ; open  ; 0 V                 ; -                  ; n/a           ; n/a             ; n/a         ;
; out[146]    ; 2.5 V        ; 0 in              ; 0 H/in                  ; 0 F/in                  ; short         ; -                   ; open           ; open             ; open   ; 0 in             ; 0 H/in                 ; 0 F/in                 ; short        ; open          ; open            ; open  ; 0 V                 ; -                  ; n/a           ; n/a             ; n/a         ;
; out[147]    ; 2.5 V        ; 0 in              ; 0 H/in                  ; 0 F/in                  ; short         ; -                   ; open           ; open             ; open   ; 0 in             ; 0 H/in                 ; 0 F/in                 ; short        ; open          ; open            ; open  ; 0 V                 ; -                  ; n/a           ; n/a             ; n/a         ;
; out[148]    ; 2.5 V        ; 0 in              ; 0 H/in                  ; 0 F/in                  ; short         ; -                   ; open           ; open             ; open   ; 0 in             ; 0 H/in                 ; 0 F/in                 ; short        ; open          ; open            ; open  ; 0 V                 ; -                  ; n/a           ; n/a             ; n/a         ;
; out[149]    ; 2.5 V        ; 0 in              ; 0 H/in                  ; 0 F/in                  ; short         ; -                   ; open           ; open             ; open   ; 0 in             ; 0 H/in                 ; 0 F/in                 ; short        ; open          ; open            ; open  ; 0 V                 ; -                  ; n/a           ; n/a             ; n/a         ;
; out[150]    ; 2.5 V        ; 0 in              ; 0 H/in                  ; 0 F/in                  ; short         ; -                   ; open           ; open             ; open   ; 0 in             ; 0 H/in                 ; 0 F/in                 ; short        ; open          ; open            ; open  ; 0 V                 ; -                  ; n/a           ; n/a             ; n/a         ;
; out[151]    ; 2.5 V        ; 0 in              ; 0 H/in                  ; 0 F/in                  ; short         ; -                   ; open           ; open             ; open   ; 0 in             ; 0 H/in                 ; 0 F/in                 ; short        ; open          ; open            ; open  ; 0 V                 ; -                  ; n/a           ; n/a             ; n/a         ;
; out[152]    ; 2.5 V        ; 0 in              ; 0 H/in                  ; 0 F/in                  ; short         ; -                   ; open           ; open             ; open   ; 0 in             ; 0 H/in                 ; 0 F/in                 ; short        ; open          ; open            ; open  ; 0 V                 ; -                  ; n/a           ; n/a             ; n/a         ;
; out[153]    ; 2.5 V        ; 0 in              ; 0 H/in                  ; 0 F/in                  ; short         ; -                   ; open           ; open             ; open   ; 0 in             ; 0 H/in                 ; 0 F/in                 ; short        ; open          ; open            ; open  ; 0 V                 ; -                  ; n/a           ; n/a             ; n/a         ;
; out[154]    ; 2.5 V        ; 0 in              ; 0 H/in                  ; 0 F/in                  ; short         ; -                   ; open           ; open             ; open   ; 0 in             ; 0 H/in                 ; 0 F/in                 ; short        ; open          ; open            ; open  ; 0 V                 ; -                  ; n/a           ; n/a             ; n/a         ;
; out[155]    ; 2.5 V        ; 0 in              ; 0 H/in                  ; 0 F/in                  ; short         ; -                   ; open           ; open             ; open   ; 0 in             ; 0 H/in                 ; 0 F/in                 ; short        ; open          ; open            ; open  ; 0 V                 ; -                  ; n/a           ; n/a             ; n/a         ;
; out[156]    ; 2.5 V        ; 0 in              ; 0 H/in                  ; 0 F/in                  ; short         ; -                   ; open           ; open             ; open   ; 0 in             ; 0 H/in                 ; 0 F/in                 ; short        ; open          ; open            ; open  ; 0 V                 ; -                  ; n/a           ; n/a             ; n/a         ;
; out[157]    ; 2.5 V        ; 0 in              ; 0 H/in                  ; 0 F/in                  ; short         ; -                   ; open           ; open             ; open   ; 0 in             ; 0 H/in                 ; 0 F/in                 ; short        ; open          ; open            ; open  ; 0 V                 ; -                  ; n/a           ; n/a             ; n/a         ;
; out[158]    ; 2.5 V        ; 0 in              ; 0 H/in                  ; 0 F/in                  ; short         ; -                   ; open           ; open             ; open   ; 0 in             ; 0 H/in                 ; 0 F/in                 ; short        ; open          ; open            ; open  ; 0 V                 ; -                  ; n/a           ; n/a             ; n/a         ;
; out[159]    ; 2.5 V        ; 0 in              ; 0 H/in                  ; 0 F/in                  ; short         ; -                   ; open           ; open             ; open   ; 0 in             ; 0 H/in                 ; 0 F/in                 ; short        ; open          ; open            ; open  ; 0 V                 ; -                  ; n/a           ; n/a             ; n/a         ;
; out[160]    ; 2.5 V        ; 0 in              ; 0 H/in                  ; 0 F/in                  ; short         ; -                   ; open           ; open             ; open   ; 0 in             ; 0 H/in                 ; 0 F/in                 ; short        ; open          ; open            ; open  ; 0 V                 ; -                  ; n/a           ; n/a             ; n/a         ;
; out[161]    ; 2.5 V        ; 0 in              ; 0 H/in                  ; 0 F/in                  ; short         ; -                   ; open           ; open             ; open   ; 0 in             ; 0 H/in                 ; 0 F/in                 ; short        ; open          ; open            ; open  ; 0 V                 ; -                  ; n/a           ; n/a             ; n/a         ;
; out[162]    ; 2.5 V        ; 0 in              ; 0 H/in                  ; 0 F/in                  ; short         ; -                   ; open           ; open             ; open   ; 0 in             ; 0 H/in                 ; 0 F/in                 ; short        ; open          ; open            ; open  ; 0 V                 ; -                  ; n/a           ; n/a             ; n/a         ;
; out[163]    ; 2.5 V        ; 0 in              ; 0 H/in                  ; 0 F/in                  ; short         ; -                   ; open           ; open             ; open   ; 0 in             ; 0 H/in                 ; 0 F/in                 ; short        ; open          ; open            ; open  ; 0 V                 ; -                  ; n/a           ; n/a             ; n/a         ;
; out[164]    ; 2.5 V        ; 0 in              ; 0 H/in                  ; 0 F/in                  ; short         ; -                   ; open           ; open             ; open   ; 0 in             ; 0 H/in                 ; 0 F/in                 ; short        ; open          ; open            ; open  ; 0 V                 ; -                  ; n/a           ; n/a             ; n/a         ;
; out[165]    ; 2.5 V        ; 0 in              ; 0 H/in                  ; 0 F/in                  ; short         ; -                   ; open           ; open             ; open   ; 0 in             ; 0 H/in                 ; 0 F/in                 ; short        ; open          ; open            ; open  ; 0 V                 ; -                  ; n/a           ; n/a             ; n/a         ;
; out[166]    ; 2.5 V        ; 0 in              ; 0 H/in                  ; 0 F/in                  ; short         ; -                   ; open           ; open             ; open   ; 0 in             ; 0 H/in                 ; 0 F/in                 ; short        ; open          ; open            ; open  ; 0 V                 ; -                  ; n/a           ; n/a             ; n/a         ;
; out[167]    ; 2.5 V        ; 0 in              ; 0 H/in                  ; 0 F/in                  ; short         ; -                   ; open           ; open             ; open   ; 0 in             ; 0 H/in                 ; 0 F/in                 ; short        ; open          ; open            ; open  ; 0 V                 ; -                  ; n/a           ; n/a             ; n/a         ;
; out[168]    ; 2.5 V        ; 0 in              ; 0 H/in                  ; 0 F/in                  ; short         ; -                   ; open           ; open             ; open   ; 0 in             ; 0 H/in                 ; 0 F/in                 ; short        ; open          ; open            ; open  ; 0 V                 ; -                  ; n/a           ; n/a             ; n/a         ;
; out[169]    ; 2.5 V        ; 0 in              ; 0 H/in                  ; 0 F/in                  ; short         ; -                   ; open           ; open             ; open   ; 0 in             ; 0 H/in                 ; 0 F/in                 ; short        ; open          ; open            ; open  ; 0 V                 ; -                  ; n/a           ; n/a             ; n/a         ;
; out[170]    ; 2.5 V        ; 0 in              ; 0 H/in                  ; 0 F/in                  ; short         ; -                   ; open           ; open             ; open   ; 0 in             ; 0 H/in                 ; 0 F/in                 ; short        ; open          ; open            ; open  ; 0 V                 ; -                  ; n/a           ; n/a             ; n/a         ;
; out[171]    ; 2.5 V        ; 0 in              ; 0 H/in                  ; 0 F/in                  ; short         ; -                   ; open           ; open             ; open   ; 0 in             ; 0 H/in                 ; 0 F/in                 ; short        ; open          ; open            ; open  ; 0 V                 ; -                  ; n/a           ; n/a             ; n/a         ;
; out[172]    ; 2.5 V        ; 0 in              ; 0 H/in                  ; 0 F/in                  ; short         ; -                   ; open           ; open             ; open   ; 0 in             ; 0 H/in                 ; 0 F/in                 ; short        ; open          ; open            ; open  ; 0 V                 ; -                  ; n/a           ; n/a             ; n/a         ;
; out[173]    ; 2.5 V        ; 0 in              ; 0 H/in                  ; 0 F/in                  ; short         ; -                   ; open           ; open             ; open   ; 0 in             ; 0 H/in                 ; 0 F/in                 ; short        ; open          ; open            ; open  ; 0 V                 ; -                  ; n/a           ; n/a             ; n/a         ;
; out[174]    ; 2.5 V        ; 0 in              ; 0 H/in                  ; 0 F/in                  ; short         ; -                   ; open           ; open             ; open   ; 0 in             ; 0 H/in                 ; 0 F/in                 ; short        ; open          ; open            ; open  ; 0 V                 ; -                  ; n/a           ; n/a             ; n/a         ;
; out[175]    ; 2.5 V        ; 0 in              ; 0 H/in                  ; 0 F/in                  ; short         ; -                   ; open           ; open             ; open   ; 0 in             ; 0 H/in                 ; 0 F/in                 ; short        ; open          ; open            ; open  ; 0 V                 ; -                  ; n/a           ; n/a             ; n/a         ;
; out[176]    ; 2.5 V        ; 0 in              ; 0 H/in                  ; 0 F/in                  ; short         ; -                   ; open           ; open             ; open   ; 0 in             ; 0 H/in                 ; 0 F/in                 ; short        ; open          ; open            ; open  ; 0 V                 ; -                  ; n/a           ; n/a             ; n/a         ;
; out[177]    ; 2.5 V        ; 0 in              ; 0 H/in                  ; 0 F/in                  ; short         ; -                   ; open           ; open             ; open   ; 0 in             ; 0 H/in                 ; 0 F/in                 ; short        ; open          ; open            ; open  ; 0 V                 ; -                  ; n/a           ; n/a             ; n/a         ;
; out[178]    ; 2.5 V        ; 0 in              ; 0 H/in                  ; 0 F/in                  ; short         ; -                   ; open           ; open             ; open   ; 0 in             ; 0 H/in                 ; 0 F/in                 ; short        ; open          ; open            ; open  ; 0 V                 ; -                  ; n/a           ; n/a             ; n/a         ;
; out[179]    ; 2.5 V        ; 0 in              ; 0 H/in                  ; 0 F/in                  ; short         ; -                   ; open           ; open             ; open   ; 0 in             ; 0 H/in                 ; 0 F/in                 ; short        ; open          ; open            ; open  ; 0 V                 ; -                  ; n/a           ; n/a             ; n/a         ;
; out[180]    ; 2.5 V        ; 0 in              ; 0 H/in                  ; 0 F/in                  ; short         ; -                   ; open           ; open             ; open   ; 0 in             ; 0 H/in                 ; 0 F/in                 ; short        ; open          ; open            ; open  ; 0 V                 ; -                  ; n/a           ; n/a             ; n/a         ;
; out[181]    ; 2.5 V        ; 0 in              ; 0 H/in                  ; 0 F/in                  ; short         ; -                   ; open           ; open             ; open   ; 0 in             ; 0 H/in                 ; 0 F/in                 ; short        ; open          ; open            ; open  ; 0 V                 ; -                  ; n/a           ; n/a             ; n/a         ;
; out[182]    ; 2.5 V        ; 0 in              ; 0 H/in                  ; 0 F/in                  ; short         ; -                   ; open           ; open             ; open   ; 0 in             ; 0 H/in                 ; 0 F/in                 ; short        ; open          ; open            ; open  ; 0 V                 ; -                  ; n/a           ; n/a             ; n/a         ;
; out[183]    ; 2.5 V        ; 0 in              ; 0 H/in                  ; 0 F/in                  ; short         ; -                   ; open           ; open             ; open   ; 0 in             ; 0 H/in                 ; 0 F/in                 ; short        ; open          ; open            ; open  ; 0 V                 ; -                  ; n/a           ; n/a             ; n/a         ;
; out[184]    ; 2.5 V        ; 0 in              ; 0 H/in                  ; 0 F/in                  ; short         ; -                   ; open           ; open             ; open   ; 0 in             ; 0 H/in                 ; 0 F/in                 ; short        ; open          ; open            ; open  ; 0 V                 ; -                  ; n/a           ; n/a             ; n/a         ;
; out[185]    ; 2.5 V        ; 0 in              ; 0 H/in                  ; 0 F/in                  ; short         ; -                   ; open           ; open             ; open   ; 0 in             ; 0 H/in                 ; 0 F/in                 ; short        ; open          ; open            ; open  ; 0 V                 ; -                  ; n/a           ; n/a             ; n/a         ;
; out[186]    ; 2.5 V        ; 0 in              ; 0 H/in                  ; 0 F/in                  ; short         ; -                   ; open           ; open             ; open   ; 0 in             ; 0 H/in                 ; 0 F/in                 ; short        ; open          ; open            ; open  ; 0 V                 ; -                  ; n/a           ; n/a             ; n/a         ;
; out[187]    ; 2.5 V        ; 0 in              ; 0 H/in                  ; 0 F/in                  ; short         ; -                   ; open           ; open             ; open   ; 0 in             ; 0 H/in                 ; 0 F/in                 ; short        ; open          ; open            ; open  ; 0 V                 ; -                  ; n/a           ; n/a             ; n/a         ;
; out[188]    ; 2.5 V        ; 0 in              ; 0 H/in                  ; 0 F/in                  ; short         ; -                   ; open           ; open             ; open   ; 0 in             ; 0 H/in                 ; 0 F/in                 ; short        ; open          ; open            ; open  ; 0 V                 ; -                  ; n/a           ; n/a             ; n/a         ;
; out[189]    ; 2.5 V        ; 0 in              ; 0 H/in                  ; 0 F/in                  ; short         ; -                   ; open           ; open             ; open   ; 0 in             ; 0 H/in                 ; 0 F/in                 ; short        ; open          ; open            ; open  ; 0 V                 ; -                  ; n/a           ; n/a             ; n/a         ;
; out[190]    ; 2.5 V        ; 0 in              ; 0 H/in                  ; 0 F/in                  ; short         ; -                   ; open           ; open             ; open   ; 0 in             ; 0 H/in                 ; 0 F/in                 ; short        ; open          ; open            ; open  ; 0 V                 ; -                  ; n/a           ; n/a             ; n/a         ;
; out[191]    ; 2.5 V        ; 0 in              ; 0 H/in                  ; 0 F/in                  ; short         ; -                   ; open           ; open             ; open   ; 0 in             ; 0 H/in                 ; 0 F/in                 ; short        ; open          ; open            ; open  ; 0 V                 ; -                  ; n/a           ; n/a             ; n/a         ;
; out[192]    ; 2.5 V        ; 0 in              ; 0 H/in                  ; 0 F/in                  ; short         ; -                   ; open           ; open             ; open   ; 0 in             ; 0 H/in                 ; 0 F/in                 ; short        ; open          ; open            ; open  ; 0 V                 ; -                  ; n/a           ; n/a             ; n/a         ;
; out[193]    ; 2.5 V        ; 0 in              ; 0 H/in                  ; 0 F/in                  ; short         ; -                   ; open           ; open             ; open   ; 0 in             ; 0 H/in                 ; 0 F/in                 ; short        ; open          ; open            ; open  ; 0 V                 ; -                  ; n/a           ; n/a             ; n/a         ;
; out[194]    ; 2.5 V        ; 0 in              ; 0 H/in                  ; 0 F/in                  ; short         ; -                   ; open           ; open             ; open   ; 0 in             ; 0 H/in                 ; 0 F/in                 ; short        ; open          ; open            ; open  ; 0 V                 ; -                  ; n/a           ; n/a             ; n/a         ;
; out[195]    ; 2.5 V        ; 0 in              ; 0 H/in                  ; 0 F/in                  ; short         ; -                   ; open           ; open             ; open   ; 0 in             ; 0 H/in                 ; 0 F/in                 ; short        ; open          ; open            ; open  ; 0 V                 ; -                  ; n/a           ; n/a             ; n/a         ;
; out[196]    ; 2.5 V        ; 0 in              ; 0 H/in                  ; 0 F/in                  ; short         ; -                   ; open           ; open             ; open   ; 0 in             ; 0 H/in                 ; 0 F/in                 ; short        ; open          ; open            ; open  ; 0 V                 ; -                  ; n/a           ; n/a             ; n/a         ;
; out[197]    ; 2.5 V        ; 0 in              ; 0 H/in                  ; 0 F/in                  ; short         ; -                   ; open           ; open             ; open   ; 0 in             ; 0 H/in                 ; 0 F/in                 ; short        ; open          ; open            ; open  ; 0 V                 ; -                  ; n/a           ; n/a             ; n/a         ;
; out[198]    ; 2.5 V        ; 0 in              ; 0 H/in                  ; 0 F/in                  ; short         ; -                   ; open           ; open             ; open   ; 0 in             ; 0 H/in                 ; 0 F/in                 ; short        ; open          ; open            ; open  ; 0 V                 ; -                  ; n/a           ; n/a             ; n/a         ;
; out[199]    ; 2.5 V        ; 0 in              ; 0 H/in                  ; 0 F/in                  ; short         ; -                   ; open           ; open             ; open   ; 0 in             ; 0 H/in                 ; 0 F/in                 ; short        ; open          ; open            ; open  ; 0 V                 ; -                  ; n/a           ; n/a             ; n/a         ;
; out[200]    ; 2.5 V        ; 0 in              ; 0 H/in                  ; 0 F/in                  ; short         ; -                   ; open           ; open             ; open   ; 0 in             ; 0 H/in                 ; 0 F/in                 ; short        ; open          ; open            ; open  ; 0 V                 ; -                  ; n/a           ; n/a             ; n/a         ;
; out[201]    ; 2.5 V        ; 0 in              ; 0 H/in                  ; 0 F/in                  ; short         ; -                   ; open           ; open             ; open   ; 0 in             ; 0 H/in                 ; 0 F/in                 ; short        ; open          ; open            ; open  ; 0 V                 ; -                  ; n/a           ; n/a             ; n/a         ;
; out[202]    ; 2.5 V        ; 0 in              ; 0 H/in                  ; 0 F/in                  ; short         ; -                   ; open           ; open             ; open   ; 0 in             ; 0 H/in                 ; 0 F/in                 ; short        ; open          ; open            ; open  ; 0 V                 ; -                  ; n/a           ; n/a             ; n/a         ;
; out[203]    ; 2.5 V        ; 0 in              ; 0 H/in                  ; 0 F/in                  ; short         ; -                   ; open           ; open             ; open   ; 0 in             ; 0 H/in                 ; 0 F/in                 ; short        ; open          ; open            ; open  ; 0 V                 ; -                  ; n/a           ; n/a             ; n/a         ;
; out[204]    ; 2.5 V        ; 0 in              ; 0 H/in                  ; 0 F/in                  ; short         ; -                   ; open           ; open             ; open   ; 0 in             ; 0 H/in                 ; 0 F/in                 ; short        ; open          ; open            ; open  ; 0 V                 ; -                  ; n/a           ; n/a             ; n/a         ;
; out[205]    ; 2.5 V        ; 0 in              ; 0 H/in                  ; 0 F/in                  ; short         ; -                   ; open           ; open             ; open   ; 0 in             ; 0 H/in                 ; 0 F/in                 ; short        ; open          ; open            ; open  ; 0 V                 ; -                  ; n/a           ; n/a             ; n/a         ;
; out[206]    ; 2.5 V        ; 0 in              ; 0 H/in                  ; 0 F/in                  ; short         ; -                   ; open           ; open             ; open   ; 0 in             ; 0 H/in                 ; 0 F/in                 ; short        ; open          ; open            ; open  ; 0 V                 ; -                  ; n/a           ; n/a             ; n/a         ;
; out[207]    ; 2.5 V        ; 0 in              ; 0 H/in                  ; 0 F/in                  ; short         ; -                   ; open           ; open             ; open   ; 0 in             ; 0 H/in                 ; 0 F/in                 ; short        ; open          ; open            ; open  ; 0 V                 ; -                  ; n/a           ; n/a             ; n/a         ;
; out[208]    ; 2.5 V        ; 0 in              ; 0 H/in                  ; 0 F/in                  ; short         ; -                   ; open           ; open             ; open   ; 0 in             ; 0 H/in                 ; 0 F/in                 ; short        ; open          ; open            ; open  ; 0 V                 ; -                  ; n/a           ; n/a             ; n/a         ;
; out[209]    ; 2.5 V        ; 0 in              ; 0 H/in                  ; 0 F/in                  ; short         ; -                   ; open           ; open             ; open   ; 0 in             ; 0 H/in                 ; 0 F/in                 ; short        ; open          ; open            ; open  ; 0 V                 ; -                  ; n/a           ; n/a             ; n/a         ;
; out[210]    ; 2.5 V        ; 0 in              ; 0 H/in                  ; 0 F/in                  ; short         ; -                   ; open           ; open             ; open   ; 0 in             ; 0 H/in                 ; 0 F/in                 ; short        ; open          ; open            ; open  ; 0 V                 ; -                  ; n/a           ; n/a             ; n/a         ;
; out[211]    ; 2.5 V        ; 0 in              ; 0 H/in                  ; 0 F/in                  ; short         ; -                   ; open           ; open             ; open   ; 0 in             ; 0 H/in                 ; 0 F/in                 ; short        ; open          ; open            ; open  ; 0 V                 ; -                  ; n/a           ; n/a             ; n/a         ;
; out[212]    ; 2.5 V        ; 0 in              ; 0 H/in                  ; 0 F/in                  ; short         ; -                   ; open           ; open             ; open   ; 0 in             ; 0 H/in                 ; 0 F/in                 ; short        ; open          ; open            ; open  ; 0 V                 ; -                  ; n/a           ; n/a             ; n/a         ;
; out[213]    ; 2.5 V        ; 0 in              ; 0 H/in                  ; 0 F/in                  ; short         ; -                   ; open           ; open             ; open   ; 0 in             ; 0 H/in                 ; 0 F/in                 ; short        ; open          ; open            ; open  ; 0 V                 ; -                  ; n/a           ; n/a             ; n/a         ;
; out[214]    ; 2.5 V        ; 0 in              ; 0 H/in                  ; 0 F/in                  ; short         ; -                   ; open           ; open             ; open   ; 0 in             ; 0 H/in                 ; 0 F/in                 ; short        ; open          ; open            ; open  ; 0 V                 ; -                  ; n/a           ; n/a             ; n/a         ;
; out[215]    ; 2.5 V        ; 0 in              ; 0 H/in                  ; 0 F/in                  ; short         ; -                   ; open           ; open             ; open   ; 0 in             ; 0 H/in                 ; 0 F/in                 ; short        ; open          ; open            ; open  ; 0 V                 ; -                  ; n/a           ; n/a             ; n/a         ;
; out[216]    ; 2.5 V        ; 0 in              ; 0 H/in                  ; 0 F/in                  ; short         ; -                   ; open           ; open             ; open   ; 0 in             ; 0 H/in                 ; 0 F/in                 ; short        ; open          ; open            ; open  ; 0 V                 ; -                  ; n/a           ; n/a             ; n/a         ;
; out[217]    ; 2.5 V        ; 0 in              ; 0 H/in                  ; 0 F/in                  ; short         ; -                   ; open           ; open             ; open   ; 0 in             ; 0 H/in                 ; 0 F/in                 ; short        ; open          ; open            ; open  ; 0 V                 ; -                  ; n/a           ; n/a             ; n/a         ;
; out[218]    ; 2.5 V        ; 0 in              ; 0 H/in                  ; 0 F/in                  ; short         ; -                   ; open           ; open             ; open   ; 0 in             ; 0 H/in                 ; 0 F/in                 ; short        ; open          ; open            ; open  ; 0 V                 ; -                  ; n/a           ; n/a             ; n/a         ;
; out[219]    ; 2.5 V        ; 0 in              ; 0 H/in                  ; 0 F/in                  ; short         ; -                   ; open           ; open             ; open   ; 0 in             ; 0 H/in                 ; 0 F/in                 ; short        ; open          ; open            ; open  ; 0 V                 ; -                  ; n/a           ; n/a             ; n/a         ;
; out[220]    ; 2.5 V        ; 0 in              ; 0 H/in                  ; 0 F/in                  ; short         ; -                   ; open           ; open             ; open   ; 0 in             ; 0 H/in                 ; 0 F/in                 ; short        ; open          ; open            ; open  ; 0 V                 ; -                  ; n/a           ; n/a             ; n/a         ;
; out[221]    ; 2.5 V        ; 0 in              ; 0 H/in                  ; 0 F/in                  ; short         ; -                   ; open           ; open             ; open   ; 0 in             ; 0 H/in                 ; 0 F/in                 ; short        ; open          ; open            ; open  ; 0 V                 ; -                  ; n/a           ; n/a             ; n/a         ;
; out[222]    ; 2.5 V        ; 0 in              ; 0 H/in                  ; 0 F/in                  ; short         ; -                   ; open           ; open             ; open   ; 0 in             ; 0 H/in                 ; 0 F/in                 ; short        ; open          ; open            ; open  ; 0 V                 ; -                  ; n/a           ; n/a             ; n/a         ;
; out[223]    ; 2.5 V        ; 0 in              ; 0 H/in                  ; 0 F/in                  ; short         ; -                   ; open           ; open             ; open   ; 0 in             ; 0 H/in                 ; 0 F/in                 ; short        ; open          ; open            ; open  ; 0 V                 ; -                  ; n/a           ; n/a             ; n/a         ;
; out[224]    ; 2.5 V        ; 0 in              ; 0 H/in                  ; 0 F/in                  ; short         ; -                   ; open           ; open             ; open   ; 0 in             ; 0 H/in                 ; 0 F/in                 ; short        ; open          ; open            ; open  ; 0 V                 ; -                  ; n/a           ; n/a             ; n/a         ;
; out[225]    ; 2.5 V        ; 0 in              ; 0 H/in                  ; 0 F/in                  ; short         ; -                   ; open           ; open             ; open   ; 0 in             ; 0 H/in                 ; 0 F/in                 ; short        ; open          ; open            ; open  ; 0 V                 ; -                  ; n/a           ; n/a             ; n/a         ;
; out[226]    ; 2.5 V        ; 0 in              ; 0 H/in                  ; 0 F/in                  ; short         ; -                   ; open           ; open             ; open   ; 0 in             ; 0 H/in                 ; 0 F/in                 ; short        ; open          ; open            ; open  ; 0 V                 ; -                  ; n/a           ; n/a             ; n/a         ;
; out[227]    ; 2.5 V        ; 0 in              ; 0 H/in                  ; 0 F/in                  ; short         ; -                   ; open           ; open             ; open   ; 0 in             ; 0 H/in                 ; 0 F/in                 ; short        ; open          ; open            ; open  ; 0 V                 ; -                  ; n/a           ; n/a             ; n/a         ;
; out[228]    ; 2.5 V        ; 0 in              ; 0 H/in                  ; 0 F/in                  ; short         ; -                   ; open           ; open             ; open   ; 0 in             ; 0 H/in                 ; 0 F/in                 ; short        ; open          ; open            ; open  ; 0 V                 ; -                  ; n/a           ; n/a             ; n/a         ;
; out[229]    ; 2.5 V        ; 0 in              ; 0 H/in                  ; 0 F/in                  ; short         ; -                   ; open           ; open             ; open   ; 0 in             ; 0 H/in                 ; 0 F/in                 ; short        ; open          ; open            ; open  ; 0 V                 ; -                  ; n/a           ; n/a             ; n/a         ;
; out[230]    ; 2.5 V        ; 0 in              ; 0 H/in                  ; 0 F/in                  ; short         ; -                   ; open           ; open             ; open   ; 0 in             ; 0 H/in                 ; 0 F/in                 ; short        ; open          ; open            ; open  ; 0 V                 ; -                  ; n/a           ; n/a             ; n/a         ;
; out[231]    ; 2.5 V        ; 0 in              ; 0 H/in                  ; 0 F/in                  ; short         ; -                   ; open           ; open             ; open   ; 0 in             ; 0 H/in                 ; 0 F/in                 ; short        ; open          ; open            ; open  ; 0 V                 ; -                  ; n/a           ; n/a             ; n/a         ;
; out[232]    ; 2.5 V        ; 0 in              ; 0 H/in                  ; 0 F/in                  ; short         ; -                   ; open           ; open             ; open   ; 0 in             ; 0 H/in                 ; 0 F/in                 ; short        ; open          ; open            ; open  ; 0 V                 ; -                  ; n/a           ; n/a             ; n/a         ;
; out[233]    ; 2.5 V        ; 0 in              ; 0 H/in                  ; 0 F/in                  ; short         ; -                   ; open           ; open             ; open   ; 0 in             ; 0 H/in                 ; 0 F/in                 ; short        ; open          ; open            ; open  ; 0 V                 ; -                  ; n/a           ; n/a             ; n/a         ;
; out[234]    ; 2.5 V        ; 0 in              ; 0 H/in                  ; 0 F/in                  ; short         ; -                   ; open           ; open             ; open   ; 0 in             ; 0 H/in                 ; 0 F/in                 ; short        ; open          ; open            ; open  ; 0 V                 ; -                  ; n/a           ; n/a             ; n/a         ;
; out[235]    ; 2.5 V        ; 0 in              ; 0 H/in                  ; 0 F/in                  ; short         ; -                   ; open           ; open             ; open   ; 0 in             ; 0 H/in                 ; 0 F/in                 ; short        ; open          ; open            ; open  ; 0 V                 ; -                  ; n/a           ; n/a             ; n/a         ;
; out[236]    ; 2.5 V        ; 0 in              ; 0 H/in                  ; 0 F/in                  ; short         ; -                   ; open           ; open             ; open   ; 0 in             ; 0 H/in                 ; 0 F/in                 ; short        ; open          ; open            ; open  ; 0 V                 ; -                  ; n/a           ; n/a             ; n/a         ;
; out[237]    ; 2.5 V        ; 0 in              ; 0 H/in                  ; 0 F/in                  ; short         ; -                   ; open           ; open             ; open   ; 0 in             ; 0 H/in                 ; 0 F/in                 ; short        ; open          ; open            ; open  ; 0 V                 ; -                  ; n/a           ; n/a             ; n/a         ;
; out[238]    ; 2.5 V        ; 0 in              ; 0 H/in                  ; 0 F/in                  ; short         ; -                   ; open           ; open             ; open   ; 0 in             ; 0 H/in                 ; 0 F/in                 ; short        ; open          ; open            ; open  ; 0 V                 ; -                  ; n/a           ; n/a             ; n/a         ;
; out[239]    ; 2.5 V        ; 0 in              ; 0 H/in                  ; 0 F/in                  ; short         ; -                   ; open           ; open             ; open   ; 0 in             ; 0 H/in                 ; 0 F/in                 ; short        ; open          ; open            ; open  ; 0 V                 ; -                  ; n/a           ; n/a             ; n/a         ;
; out[240]    ; 2.5 V        ; 0 in              ; 0 H/in                  ; 0 F/in                  ; short         ; -                   ; open           ; open             ; open   ; 0 in             ; 0 H/in                 ; 0 F/in                 ; short        ; open          ; open            ; open  ; 0 V                 ; -                  ; n/a           ; n/a             ; n/a         ;
; out[241]    ; 2.5 V        ; 0 in              ; 0 H/in                  ; 0 F/in                  ; short         ; -                   ; open           ; open             ; open   ; 0 in             ; 0 H/in                 ; 0 F/in                 ; short        ; open          ; open            ; open  ; 0 V                 ; -                  ; n/a           ; n/a             ; n/a         ;
; out[242]    ; 2.5 V        ; 0 in              ; 0 H/in                  ; 0 F/in                  ; short         ; -                   ; open           ; open             ; open   ; 0 in             ; 0 H/in                 ; 0 F/in                 ; short        ; open          ; open            ; open  ; 0 V                 ; -                  ; n/a           ; n/a             ; n/a         ;
; out[243]    ; 2.5 V        ; 0 in              ; 0 H/in                  ; 0 F/in                  ; short         ; -                   ; open           ; open             ; open   ; 0 in             ; 0 H/in                 ; 0 F/in                 ; short        ; open          ; open            ; open  ; 0 V                 ; -                  ; n/a           ; n/a             ; n/a         ;
; out[244]    ; 2.5 V        ; 0 in              ; 0 H/in                  ; 0 F/in                  ; short         ; -                   ; open           ; open             ; open   ; 0 in             ; 0 H/in                 ; 0 F/in                 ; short        ; open          ; open            ; open  ; 0 V                 ; -                  ; n/a           ; n/a             ; n/a         ;
; out[245]    ; 2.5 V        ; 0 in              ; 0 H/in                  ; 0 F/in                  ; short         ; -                   ; open           ; open             ; open   ; 0 in             ; 0 H/in                 ; 0 F/in                 ; short        ; open          ; open            ; open  ; 0 V                 ; -                  ; n/a           ; n/a             ; n/a         ;
; out[246]    ; 2.5 V        ; 0 in              ; 0 H/in                  ; 0 F/in                  ; short         ; -                   ; open           ; open             ; open   ; 0 in             ; 0 H/in                 ; 0 F/in                 ; short        ; open          ; open            ; open  ; 0 V                 ; -                  ; n/a           ; n/a             ; n/a         ;
; out[247]    ; 2.5 V        ; 0 in              ; 0 H/in                  ; 0 F/in                  ; short         ; -                   ; open           ; open             ; open   ; 0 in             ; 0 H/in                 ; 0 F/in                 ; short        ; open          ; open            ; open  ; 0 V                 ; -                  ; n/a           ; n/a             ; n/a         ;
; out[248]    ; 2.5 V        ; 0 in              ; 0 H/in                  ; 0 F/in                  ; short         ; -                   ; open           ; open             ; open   ; 0 in             ; 0 H/in                 ; 0 F/in                 ; short        ; open          ; open            ; open  ; 0 V                 ; -                  ; n/a           ; n/a             ; n/a         ;
; out[249]    ; 2.5 V        ; 0 in              ; 0 H/in                  ; 0 F/in                  ; short         ; -                   ; open           ; open             ; open   ; 0 in             ; 0 H/in                 ; 0 F/in                 ; short        ; open          ; open            ; open  ; 0 V                 ; -                  ; n/a           ; n/a             ; n/a         ;
; out[250]    ; 2.5 V        ; 0 in              ; 0 H/in                  ; 0 F/in                  ; short         ; -                   ; open           ; open             ; open   ; 0 in             ; 0 H/in                 ; 0 F/in                 ; short        ; open          ; open            ; open  ; 0 V                 ; -                  ; n/a           ; n/a             ; n/a         ;
; out[251]    ; 2.5 V        ; 0 in              ; 0 H/in                  ; 0 F/in                  ; short         ; -                   ; open           ; open             ; open   ; 0 in             ; 0 H/in                 ; 0 F/in                 ; short        ; open          ; open            ; open  ; 0 V                 ; -                  ; n/a           ; n/a             ; n/a         ;
; out[252]    ; 2.5 V        ; 0 in              ; 0 H/in                  ; 0 F/in                  ; short         ; -                   ; open           ; open             ; open   ; 0 in             ; 0 H/in                 ; 0 F/in                 ; short        ; open          ; open            ; open  ; 0 V                 ; -                  ; n/a           ; n/a             ; n/a         ;
; out[253]    ; 2.5 V        ; 0 in              ; 0 H/in                  ; 0 F/in                  ; short         ; -                   ; open           ; open             ; open   ; 0 in             ; 0 H/in                 ; 0 F/in                 ; short        ; open          ; open            ; open  ; 0 V                 ; -                  ; n/a           ; n/a             ; n/a         ;
; out[254]    ; 2.5 V        ; 0 in              ; 0 H/in                  ; 0 F/in                  ; short         ; -                   ; open           ; open             ; open   ; 0 in             ; 0 H/in                 ; 0 F/in                 ; short        ; open          ; open            ; open  ; 0 V                 ; -                  ; n/a           ; n/a             ; n/a         ;
+-------------+--------------+-------------------+-------------------------+-------------------------+---------------+---------------------+----------------+------------------+--------+------------------+------------------------+------------------------+--------------+---------------+-----------------+-------+---------------------+--------------------+---------------+-----------------+-------------+


+----------------------------------------------------------------+
; Input Transition Times                                         ;
+-------------+--------------+-----------------+-----------------+
; Pin         ; I/O Standard ; 10-90 Rise Time ; 90-10 Fall Time ;
+-------------+--------------+-----------------+-----------------+
; clk         ; 2.5 V        ; 2000 ps         ; 2000 ps         ;
; reset       ; 2.5 V        ; 2000 ps         ; 2000 ps         ;
; is_last     ; 2.5 V        ; 2000 ps         ; 2000 ps         ;
; in_ready    ; 2.5 V        ; 2000 ps         ; 2000 ps         ;
; byte_num[2] ; 2.5 V        ; 2000 ps         ; 2000 ps         ;
; byte_num[1] ; 2.5 V        ; 2000 ps         ; 2000 ps         ;
; in[21]      ; 2.5 V        ; 2000 ps         ; 2000 ps         ;
; in[22]      ; 2.5 V        ; 2000 ps         ; 2000 ps         ;
; byte_num[0] ; 2.5 V        ; 2000 ps         ; 2000 ps         ;
; in[62]      ; 2.5 V        ; 2000 ps         ; 2000 ps         ;
; in[63]      ; 2.5 V        ; 2000 ps         ; 2000 ps         ;
; in[32]      ; 2.5 V        ; 2000 ps         ; 2000 ps         ;
; in[46]      ; 2.5 V        ; 2000 ps         ; 2000 ps         ;
; in[47]      ; 2.5 V        ; 2000 ps         ; 2000 ps         ;
; in[34]      ; 2.5 V        ; 2000 ps         ; 2000 ps         ;
; in[35]      ; 2.5 V        ; 2000 ps         ; 2000 ps         ;
; in[0]       ; 2.5 V        ; 2000 ps         ; 2000 ps         ;
; in[1]       ; 2.5 V        ; 2000 ps         ; 2000 ps         ;
; in[61]      ; 2.5 V        ; 2000 ps         ; 2000 ps         ;
; in[60]      ; 2.5 V        ; 2000 ps         ; 2000 ps         ;
; in[55]      ; 2.5 V        ; 2000 ps         ; 2000 ps         ;
; in[40]      ; 2.5 V        ; 2000 ps         ; 2000 ps         ;
; in[48]      ; 2.5 V        ; 2000 ps         ; 2000 ps         ;
; in[49]      ; 2.5 V        ; 2000 ps         ; 2000 ps         ;
; in[27]      ; 2.5 V        ; 2000 ps         ; 2000 ps         ;
; in[26]      ; 2.5 V        ; 2000 ps         ; 2000 ps         ;
; in[20]      ; 2.5 V        ; 2000 ps         ; 2000 ps         ;
; in[19]      ; 2.5 V        ; 2000 ps         ; 2000 ps         ;
; in[54]      ; 2.5 V        ; 2000 ps         ; 2000 ps         ;
; in[56]      ; 2.5 V        ; 2000 ps         ; 2000 ps         ;
; in[57]      ; 2.5 V        ; 2000 ps         ; 2000 ps         ;
; in[13]      ; 2.5 V        ; 2000 ps         ; 2000 ps         ;
; in[12]      ; 2.5 V        ; 2000 ps         ; 2000 ps         ;
; in[11]      ; 2.5 V        ; 2000 ps         ; 2000 ps         ;
; in[10]      ; 2.5 V        ; 2000 ps         ; 2000 ps         ;
; in[18]      ; 2.5 V        ; 2000 ps         ; 2000 ps         ;
; in[50]      ; 2.5 V        ; 2000 ps         ; 2000 ps         ;
; in[36]      ; 2.5 V        ; 2000 ps         ; 2000 ps         ;
; in[39]      ; 2.5 V        ; 2000 ps         ; 2000 ps         ;
; in[38]      ; 2.5 V        ; 2000 ps         ; 2000 ps         ;
; in[37]      ; 2.5 V        ; 2000 ps         ; 2000 ps         ;
; in[4]       ; 2.5 V        ; 2000 ps         ; 2000 ps         ;
; in[3]       ; 2.5 V        ; 2000 ps         ; 2000 ps         ;
; in[25]      ; 2.5 V        ; 2000 ps         ; 2000 ps         ;
; in[15]      ; 2.5 V        ; 2000 ps         ; 2000 ps         ;
; in[14]      ; 2.5 V        ; 2000 ps         ; 2000 ps         ;
; in[6]       ; 2.5 V        ; 2000 ps         ; 2000 ps         ;
; in[5]       ; 2.5 V        ; 2000 ps         ; 2000 ps         ;
; in[7]       ; 2.5 V        ; 2000 ps         ; 2000 ps         ;
; in[33]      ; 2.5 V        ; 2000 ps         ; 2000 ps         ;
; in[9]       ; 2.5 V        ; 2000 ps         ; 2000 ps         ;
; in[8]       ; 2.5 V        ; 2000 ps         ; 2000 ps         ;
; in[59]      ; 2.5 V        ; 2000 ps         ; 2000 ps         ;
; in[58]      ; 2.5 V        ; 2000 ps         ; 2000 ps         ;
; in[44]      ; 2.5 V        ; 2000 ps         ; 2000 ps         ;
; in[43]      ; 2.5 V        ; 2000 ps         ; 2000 ps         ;
; in[52]      ; 2.5 V        ; 2000 ps         ; 2000 ps         ;
; in[51]      ; 2.5 V        ; 2000 ps         ; 2000 ps         ;
; in[42]      ; 2.5 V        ; 2000 ps         ; 2000 ps         ;
; in[53]      ; 2.5 V        ; 2000 ps         ; 2000 ps         ;
; in[29]      ; 2.5 V        ; 2000 ps         ; 2000 ps         ;
; in[28]      ; 2.5 V        ; 2000 ps         ; 2000 ps         ;
; in[41]      ; 2.5 V        ; 2000 ps         ; 2000 ps         ;
; in[45]      ; 2.5 V        ; 2000 ps         ; 2000 ps         ;
; in[23]      ; 2.5 V        ; 2000 ps         ; 2000 ps         ;
; in[2]       ; 2.5 V        ; 2000 ps         ; 2000 ps         ;
; in[30]      ; 2.5 V        ; 2000 ps         ; 2000 ps         ;
; in[17]      ; 2.5 V        ; 2000 ps         ; 2000 ps         ;
; in[31]      ; 2.5 V        ; 2000 ps         ; 2000 ps         ;
; in[16]      ; 2.5 V        ; 2000 ps         ; 2000 ps         ;
; in[24]      ; 2.5 V        ; 2000 ps         ; 2000 ps         ;
+-------------+--------------+-----------------+-----------------+


+------------------------------------------------------------------------------------------------------------------------------------------------------------------------------------------------------------------------------------------------------------------------------------------------------------------------------------------------------------------------------------------------------------------------------------------------------------------------------------------------------------------------------------------------------------------------------------------------------------------------------------------------------------------------------------------+
; Signal Integrity Metrics (Slow 1100mv 0c Model)                                                                                                                                                                                                                                                                                                                                                                                                                                                                                                                                                                                                                                          ;
+-------------+--------------+---------------------+---------------------+------------------------------+------------------------------+---------------------+---------------------+--------------------------------------+--------------------------------------+-----------------------------+-----------------------------+----------------------------+----------------------------+-----------------------------+-----------------------------+--------------------+--------------------+-------------------------------------+-------------------------------------+----------------------------+----------------------------+---------------------------+---------------------------+
; Pin         ; I/O Standard ; Board Delay on Rise ; Board Delay on Fall ; Steady State Voh at FPGA Pin ; Steady State Vol at FPGA Pin ; Voh Max at FPGA Pin ; Vol Min at FPGA Pin ; Ringback Voltage on Rise at FPGA Pin ; Ringback Voltage on Fall at FPGA Pin ; 10-90 Rise Time at FPGA Pin ; 90-10 Fall Time at FPGA Pin ; Monotonic Rise at FPGA Pin ; Monotonic Fall at FPGA Pin ; Steady State Voh at Far-end ; Steady State Vol at Far-end ; Voh Max at Far-end ; Vol Min at Far-end ; Ringback Voltage on Rise at Far-end ; Ringback Voltage on Fall at Far-end ; 10-90 Rise Time at Far-end ; 90-10 Fall Time at Far-end ; Monotonic Rise at Far-end ; Monotonic Fall at Far-end ;
+-------------+--------------+---------------------+---------------------+------------------------------+------------------------------+---------------------+---------------------+--------------------------------------+--------------------------------------+-----------------------------+-----------------------------+----------------------------+----------------------------+-----------------------------+-----------------------------+--------------------+--------------------+-------------------------------------+-------------------------------------+----------------------------+----------------------------+---------------------------+---------------------------+
; out[255]    ; 2.5 V        ; 0 s                 ; 0 s                 ; 2.32 V                       ; 6.72e-08 V                   ; 2.4 V               ; -0.0409 V           ; 0.192 V                              ; 0.125 V                              ; 4.59e-10 s                  ; 4.54e-10 s                  ; No                         ; Yes                        ; 2.32 V                      ; 6.72e-08 V                  ; 2.4 V              ; -0.0409 V          ; 0.192 V                             ; 0.125 V                             ; 4.59e-10 s                 ; 4.54e-10 s                 ; No                        ; Yes                       ;
; out_ready   ; 2.5 V        ; 0 s                 ; 0 s                 ; 2.32 V                       ; 6.86e-08 V                   ; 2.4 V               ; -0.0326 V           ; 0.227 V                              ; 0.16 V                               ; 4.73e-10 s                  ; 4.78e-10 s                  ; No                         ; Yes                        ; 2.32 V                      ; 6.86e-08 V                  ; 2.4 V              ; -0.0326 V          ; 0.227 V                             ; 0.16 V                              ; 4.73e-10 s                 ; 4.78e-10 s                 ; No                        ; Yes                       ;
; buffer_full ; 2.5 V        ; 0 s                 ; 0 s                 ; 2.32 V                       ; 5.91e-08 V                   ; 2.35 V              ; -0.0136 V           ; 0.17 V                               ; 0.118 V                              ; 4.69e-10 s                  ; 4.63e-10 s                  ; Yes                        ; Yes                        ; 2.32 V                      ; 5.91e-08 V                  ; 2.35 V             ; -0.0136 V          ; 0.17 V                              ; 0.118 V                             ; 4.69e-10 s                 ; 4.63e-10 s                 ; Yes                       ; Yes                       ;
; out[0]      ; 2.5 V        ; 0 s                 ; 0 s                 ; 2.32 V                       ; 6.72e-08 V                   ; 2.4 V               ; -0.0409 V           ; 0.192 V                              ; 0.125 V                              ; 4.59e-10 s                  ; 4.54e-10 s                  ; No                         ; Yes                        ; 2.32 V                      ; 6.72e-08 V                  ; 2.4 V              ; -0.0409 V          ; 0.192 V                             ; 0.125 V                             ; 4.59e-10 s                 ; 4.54e-10 s                 ; No                        ; Yes                       ;
; out[1]      ; 2.5 V        ; 0 s                 ; 0 s                 ; 2.32 V                       ; 6.72e-08 V                   ; 2.4 V               ; -0.041 V            ; 0.19 V                               ; 0.126 V                              ; 4.59e-10 s                  ; 4.54e-10 s                  ; No                         ; Yes                        ; 2.32 V                      ; 6.72e-08 V                  ; 2.4 V              ; -0.041 V           ; 0.19 V                              ; 0.126 V                             ; 4.59e-10 s                 ; 4.54e-10 s                 ; No                        ; Yes                       ;
; out[2]      ; 2.5 V        ; 0 s                 ; 0 s                 ; 2.32 V                       ; 5.91e-08 V                   ; 2.35 V              ; -0.0136 V           ; 0.17 V                               ; 0.118 V                              ; 4.69e-10 s                  ; 4.63e-10 s                  ; Yes                        ; Yes                        ; 2.32 V                      ; 5.91e-08 V                  ; 2.35 V             ; -0.0136 V          ; 0.17 V                              ; 0.118 V                             ; 4.69e-10 s                 ; 4.63e-10 s                 ; Yes                       ; Yes                       ;
; out[3]      ; 2.5 V        ; 0 s                 ; 0 s                 ; 2.32 V                       ; 5.91e-08 V                   ; 2.35 V              ; -0.0136 V           ; 0.17 V                               ; 0.118 V                              ; 4.69e-10 s                  ; 4.63e-10 s                  ; Yes                        ; Yes                        ; 2.32 V                      ; 5.91e-08 V                  ; 2.35 V             ; -0.0136 V          ; 0.17 V                              ; 0.118 V                             ; 4.69e-10 s                 ; 4.63e-10 s                 ; Yes                       ; Yes                       ;
; out[4]      ; 2.5 V        ; 0 s                 ; 0 s                 ; 2.32 V                       ; 6.86e-08 V                   ; 2.4 V               ; -0.0326 V           ; 0.227 V                              ; 0.16 V                               ; 4.73e-10 s                  ; 4.78e-10 s                  ; No                         ; Yes                        ; 2.32 V                      ; 6.86e-08 V                  ; 2.4 V              ; -0.0326 V          ; 0.227 V                             ; 0.16 V                              ; 4.73e-10 s                 ; 4.78e-10 s                 ; No                        ; Yes                       ;
; out[5]      ; 2.5 V        ; 0 s                 ; 0 s                 ; 2.32 V                       ; 6.86e-08 V                   ; 2.4 V               ; -0.0326 V           ; 0.227 V                              ; 0.16 V                               ; 4.73e-10 s                  ; 4.78e-10 s                  ; No                         ; Yes                        ; 2.32 V                      ; 6.86e-08 V                  ; 2.4 V              ; -0.0326 V          ; 0.227 V                             ; 0.16 V                              ; 4.73e-10 s                 ; 4.78e-10 s                 ; No                        ; Yes                       ;
; out[6]      ; 2.5 V        ; 0 s                 ; 0 s                 ; 2.32 V                       ; 6.86e-08 V                   ; 2.4 V               ; -0.0326 V           ; 0.227 V                              ; 0.16 V                               ; 4.73e-10 s                  ; 4.78e-10 s                  ; No                         ; Yes                        ; 2.32 V                      ; 6.86e-08 V                  ; 2.4 V              ; -0.0326 V          ; 0.227 V                             ; 0.16 V                              ; 4.73e-10 s                 ; 4.78e-10 s                 ; No                        ; Yes                       ;
; out[7]      ; 2.5 V        ; 0 s                 ; 0 s                 ; 2.32 V                       ; 6.72e-08 V                   ; 2.4 V               ; -0.041 V            ; 0.19 V                               ; 0.126 V                              ; 4.59e-10 s                  ; 4.54e-10 s                  ; No                         ; Yes                        ; 2.32 V                      ; 6.72e-08 V                  ; 2.4 V              ; -0.041 V           ; 0.19 V                              ; 0.126 V                             ; 4.59e-10 s                 ; 4.54e-10 s                 ; No                        ; Yes                       ;
; out[8]      ; 2.5 V        ; 0 s                 ; 0 s                 ; 2.32 V                       ; 6.72e-08 V                   ; 2.4 V               ; -0.0409 V           ; 0.192 V                              ; 0.125 V                              ; 4.59e-10 s                  ; 4.54e-10 s                  ; No                         ; Yes                        ; 2.32 V                      ; 6.72e-08 V                  ; 2.4 V              ; -0.0409 V          ; 0.192 V                             ; 0.125 V                             ; 4.59e-10 s                 ; 4.54e-10 s                 ; No                        ; Yes                       ;
; out[9]      ; 2.5 V        ; 0 s                 ; 0 s                 ; 2.32 V                       ; 6.86e-08 V                   ; 2.4 V               ; -0.0326 V           ; 0.227 V                              ; 0.16 V                               ; 4.73e-10 s                  ; 4.78e-10 s                  ; No                         ; Yes                        ; 2.32 V                      ; 6.86e-08 V                  ; 2.4 V              ; -0.0326 V          ; 0.227 V                             ; 0.16 V                              ; 4.73e-10 s                 ; 4.78e-10 s                 ; No                        ; Yes                       ;
; out[10]     ; 2.5 V        ; 0 s                 ; 0 s                 ; 2.32 V                       ; 5.91e-08 V                   ; 2.35 V              ; -0.0136 V           ; 0.17 V                               ; 0.118 V                              ; 4.69e-10 s                  ; 4.63e-10 s                  ; Yes                        ; Yes                        ; 2.32 V                      ; 5.91e-08 V                  ; 2.35 V             ; -0.0136 V          ; 0.17 V                              ; 0.118 V                             ; 4.69e-10 s                 ; 4.63e-10 s                 ; Yes                       ; Yes                       ;
; out[11]     ; 2.5 V        ; 0 s                 ; 0 s                 ; 2.32 V                       ; 6.72e-08 V                   ; 2.4 V               ; -0.0409 V           ; 0.192 V                              ; 0.125 V                              ; 4.59e-10 s                  ; 4.54e-10 s                  ; No                         ; Yes                        ; 2.32 V                      ; 6.72e-08 V                  ; 2.4 V              ; -0.0409 V          ; 0.192 V                             ; 0.125 V                             ; 4.59e-10 s                 ; 4.54e-10 s                 ; No                        ; Yes                       ;
; out[12]     ; 2.5 V        ; 0 s                 ; 0 s                 ; 2.32 V                       ; 6.72e-08 V                   ; 2.4 V               ; -0.041 V            ; 0.19 V                               ; 0.126 V                              ; 4.59e-10 s                  ; 4.54e-10 s                  ; No                         ; Yes                        ; 2.32 V                      ; 6.72e-08 V                  ; 2.4 V              ; -0.041 V           ; 0.19 V                              ; 0.126 V                             ; 4.59e-10 s                 ; 4.54e-10 s                 ; No                        ; Yes                       ;
; out[13]     ; 2.5 V        ; 0 s                 ; 0 s                 ; 2.32 V                       ; 6.72e-08 V                   ; 2.4 V               ; -0.041 V            ; 0.19 V                               ; 0.126 V                              ; 4.59e-10 s                  ; 4.54e-10 s                  ; No                         ; Yes                        ; 2.32 V                      ; 6.72e-08 V                  ; 2.4 V              ; -0.041 V           ; 0.19 V                              ; 0.126 V                             ; 4.59e-10 s                 ; 4.54e-10 s                 ; No                        ; Yes                       ;
; out[14]     ; 2.5 V        ; 0 s                 ; 0 s                 ; 2.32 V                       ; 5.91e-08 V                   ; 2.35 V              ; -0.0136 V           ; 0.17 V                               ; 0.118 V                              ; 4.69e-10 s                  ; 4.63e-10 s                  ; Yes                        ; Yes                        ; 2.32 V                      ; 5.91e-08 V                  ; 2.35 V             ; -0.0136 V          ; 0.17 V                              ; 0.118 V                             ; 4.69e-10 s                 ; 4.63e-10 s                 ; Yes                       ; Yes                       ;
; out[15]     ; 2.5 V        ; 0 s                 ; 0 s                 ; 2.32 V                       ; 6.72e-08 V                   ; 2.4 V               ; -0.041 V            ; 0.19 V                               ; 0.126 V                              ; 4.59e-10 s                  ; 4.54e-10 s                  ; No                         ; Yes                        ; 2.32 V                      ; 6.72e-08 V                  ; 2.4 V              ; -0.041 V           ; 0.19 V                              ; 0.126 V                             ; 4.59e-10 s                 ; 4.54e-10 s                 ; No                        ; Yes                       ;
; out[16]     ; 2.5 V        ; 0 s                 ; 0 s                 ; 2.32 V                       ; 6.72e-08 V                   ; 2.4 V               ; -0.0409 V           ; 0.192 V                              ; 0.125 V                              ; 4.59e-10 s                  ; 4.54e-10 s                  ; No                         ; Yes                        ; 2.32 V                      ; 6.72e-08 V                  ; 2.4 V              ; -0.0409 V          ; 0.192 V                             ; 0.125 V                             ; 4.59e-10 s                 ; 4.54e-10 s                 ; No                        ; Yes                       ;
; out[17]     ; 2.5 V        ; 0 s                 ; 0 s                 ; 2.32 V                       ; 5.91e-08 V                   ; 2.35 V              ; -0.0136 V           ; 0.17 V                               ; 0.118 V                              ; 4.69e-10 s                  ; 4.63e-10 s                  ; Yes                        ; Yes                        ; 2.32 V                      ; 5.91e-08 V                  ; 2.35 V             ; -0.0136 V          ; 0.17 V                              ; 0.118 V                             ; 4.69e-10 s                 ; 4.63e-10 s                 ; Yes                       ; Yes                       ;
; out[18]     ; 2.5 V        ; 0 s                 ; 0 s                 ; 2.32 V                       ; 6.86e-08 V                   ; 2.4 V               ; -0.0326 V           ; 0.227 V                              ; 0.16 V                               ; 4.73e-10 s                  ; 4.78e-10 s                  ; No                         ; Yes                        ; 2.32 V                      ; 6.86e-08 V                  ; 2.4 V              ; -0.0326 V          ; 0.227 V                             ; 0.16 V                              ; 4.73e-10 s                 ; 4.78e-10 s                 ; No                        ; Yes                       ;
; out[19]     ; 2.5 V        ; 0 s                 ; 0 s                 ; 2.32 V                       ; 6.72e-08 V                   ; 2.4 V               ; -0.0409 V           ; 0.192 V                              ; 0.125 V                              ; 4.59e-10 s                  ; 4.54e-10 s                  ; No                         ; Yes                        ; 2.32 V                      ; 6.72e-08 V                  ; 2.4 V              ; -0.0409 V          ; 0.192 V                             ; 0.125 V                             ; 4.59e-10 s                 ; 4.54e-10 s                 ; No                        ; Yes                       ;
; out[20]     ; 2.5 V        ; 0 s                 ; 0 s                 ; 2.32 V                       ; 6.72e-08 V                   ; 2.4 V               ; -0.041 V            ; 0.19 V                               ; 0.126 V                              ; 4.59e-10 s                  ; 4.54e-10 s                  ; No                         ; Yes                        ; 2.32 V                      ; 6.72e-08 V                  ; 2.4 V              ; -0.041 V           ; 0.19 V                              ; 0.126 V                             ; 4.59e-10 s                 ; 4.54e-10 s                 ; No                        ; Yes                       ;
; out[21]     ; 2.5 V        ; 0 s                 ; 0 s                 ; 2.32 V                       ; 6.72e-08 V                   ; 2.4 V               ; -0.0409 V           ; 0.192 V                              ; 0.125 V                              ; 4.59e-10 s                  ; 4.54e-10 s                  ; No                         ; Yes                        ; 2.32 V                      ; 6.72e-08 V                  ; 2.4 V              ; -0.0409 V          ; 0.192 V                             ; 0.125 V                             ; 4.59e-10 s                 ; 4.54e-10 s                 ; No                        ; Yes                       ;
; out[22]     ; 2.5 V        ; 0 s                 ; 0 s                 ; 2.32 V                       ; 6.86e-08 V                   ; 2.4 V               ; -0.0326 V           ; 0.227 V                              ; 0.16 V                               ; 4.73e-10 s                  ; 4.78e-10 s                  ; No                         ; Yes                        ; 2.32 V                      ; 6.86e-08 V                  ; 2.4 V              ; -0.0326 V          ; 0.227 V                             ; 0.16 V                              ; 4.73e-10 s                 ; 4.78e-10 s                 ; No                        ; Yes                       ;
; out[23]     ; 2.5 V        ; 0 s                 ; 0 s                 ; 2.32 V                       ; 6.72e-08 V                   ; 2.4 V               ; -0.0409 V           ; 0.192 V                              ; 0.125 V                              ; 4.59e-10 s                  ; 4.54e-10 s                  ; No                         ; Yes                        ; 2.32 V                      ; 6.72e-08 V                  ; 2.4 V              ; -0.0409 V          ; 0.192 V                             ; 0.125 V                             ; 4.59e-10 s                 ; 4.54e-10 s                 ; No                        ; Yes                       ;
; out[24]     ; 2.5 V        ; 0 s                 ; 0 s                 ; 2.32 V                       ; 6.86e-08 V                   ; 2.4 V               ; -0.0326 V           ; 0.227 V                              ; 0.16 V                               ; 4.73e-10 s                  ; 4.78e-10 s                  ; No                         ; Yes                        ; 2.32 V                      ; 6.86e-08 V                  ; 2.4 V              ; -0.0326 V          ; 0.227 V                             ; 0.16 V                              ; 4.73e-10 s                 ; 4.78e-10 s                 ; No                        ; Yes                       ;
; out[25]     ; 2.5 V        ; 0 s                 ; 0 s                 ; 2.32 V                       ; 6.86e-08 V                   ; 2.4 V               ; -0.0326 V           ; 0.227 V                              ; 0.16 V                               ; 4.73e-10 s                  ; 4.78e-10 s                  ; No                         ; Yes                        ; 2.32 V                      ; 6.86e-08 V                  ; 2.4 V              ; -0.0326 V          ; 0.227 V                             ; 0.16 V                              ; 4.73e-10 s                 ; 4.78e-10 s                 ; No                        ; Yes                       ;
; out[26]     ; 2.5 V        ; 0 s                 ; 0 s                 ; 2.32 V                       ; 6.72e-08 V                   ; 2.4 V               ; -0.041 V            ; 0.19 V                               ; 0.126 V                              ; 4.59e-10 s                  ; 4.54e-10 s                  ; No                         ; Yes                        ; 2.32 V                      ; 6.72e-08 V                  ; 2.4 V              ; -0.041 V           ; 0.19 V                              ; 0.126 V                             ; 4.59e-10 s                 ; 4.54e-10 s                 ; No                        ; Yes                       ;
; out[27]     ; 2.5 V        ; 0 s                 ; 0 s                 ; 2.32 V                       ; 6.72e-08 V                   ; 2.4 V               ; -0.041 V            ; 0.19 V                               ; 0.126 V                              ; 4.59e-10 s                  ; 4.54e-10 s                  ; No                         ; Yes                        ; 2.32 V                      ; 6.72e-08 V                  ; 2.4 V              ; -0.041 V           ; 0.19 V                              ; 0.126 V                             ; 4.59e-10 s                 ; 4.54e-10 s                 ; No                        ; Yes                       ;
; out[28]     ; 2.5 V        ; 0 s                 ; 0 s                 ; 2.32 V                       ; 6.86e-08 V                   ; 2.4 V               ; -0.0326 V           ; 0.227 V                              ; 0.16 V                               ; 4.73e-10 s                  ; 4.78e-10 s                  ; No                         ; Yes                        ; 2.32 V                      ; 6.86e-08 V                  ; 2.4 V              ; -0.0326 V          ; 0.227 V                             ; 0.16 V                              ; 4.73e-10 s                 ; 4.78e-10 s                 ; No                        ; Yes                       ;
; out[29]     ; 2.5 V        ; 0 s                 ; 0 s                 ; 2.32 V                       ; 6.86e-08 V                   ; 2.4 V               ; -0.0326 V           ; 0.227 V                              ; 0.16 V                               ; 4.73e-10 s                  ; 4.78e-10 s                  ; No                         ; Yes                        ; 2.32 V                      ; 6.86e-08 V                  ; 2.4 V              ; -0.0326 V          ; 0.227 V                             ; 0.16 V                              ; 4.73e-10 s                 ; 4.78e-10 s                 ; No                        ; Yes                       ;
; out[30]     ; 2.5 V        ; 0 s                 ; 0 s                 ; 2.32 V                       ; 5.91e-08 V                   ; 2.35 V              ; -0.0136 V           ; 0.17 V                               ; 0.118 V                              ; 4.69e-10 s                  ; 4.63e-10 s                  ; Yes                        ; Yes                        ; 2.32 V                      ; 5.91e-08 V                  ; 2.35 V             ; -0.0136 V          ; 0.17 V                              ; 0.118 V                             ; 4.69e-10 s                 ; 4.63e-10 s                 ; Yes                       ; Yes                       ;
; out[31]     ; 2.5 V        ; 0 s                 ; 0 s                 ; 2.32 V                       ; 6.72e-08 V                   ; 2.4 V               ; -0.0409 V           ; 0.192 V                              ; 0.125 V                              ; 4.59e-10 s                  ; 4.54e-10 s                  ; No                         ; Yes                        ; 2.32 V                      ; 6.72e-08 V                  ; 2.4 V              ; -0.0409 V          ; 0.192 V                             ; 0.125 V                             ; 4.59e-10 s                 ; 4.54e-10 s                 ; No                        ; Yes                       ;
; out[32]     ; 2.5 V        ; 0 s                 ; 0 s                 ; 2.32 V                       ; 5.91e-08 V                   ; 2.35 V              ; -0.0136 V           ; 0.17 V                               ; 0.118 V                              ; 4.69e-10 s                  ; 4.63e-10 s                  ; Yes                        ; Yes                        ; 2.32 V                      ; 5.91e-08 V                  ; 2.35 V             ; -0.0136 V          ; 0.17 V                              ; 0.118 V                             ; 4.69e-10 s                 ; 4.63e-10 s                 ; Yes                       ; Yes                       ;
; out[33]     ; 2.5 V        ; 0 s                 ; 0 s                 ; 2.32 V                       ; 6.72e-08 V                   ; 2.4 V               ; -0.0409 V           ; 0.192 V                              ; 0.125 V                              ; 4.59e-10 s                  ; 4.54e-10 s                  ; No                         ; Yes                        ; 2.32 V                      ; 6.72e-08 V                  ; 2.4 V              ; -0.0409 V          ; 0.192 V                             ; 0.125 V                             ; 4.59e-10 s                 ; 4.54e-10 s                 ; No                        ; Yes                       ;
; out[34]     ; 2.5 V        ; 0 s                 ; 0 s                 ; 2.32 V                       ; 5.91e-08 V                   ; 2.35 V              ; -0.0136 V           ; 0.17 V                               ; 0.118 V                              ; 4.69e-10 s                  ; 4.63e-10 s                  ; Yes                        ; Yes                        ; 2.32 V                      ; 5.91e-08 V                  ; 2.35 V             ; -0.0136 V          ; 0.17 V                              ; 0.118 V                             ; 4.69e-10 s                 ; 4.63e-10 s                 ; Yes                       ; Yes                       ;
; out[35]     ; 2.5 V        ; 0 s                 ; 0 s                 ; 2.32 V                       ; 6.86e-08 V                   ; 2.4 V               ; -0.0326 V           ; 0.227 V                              ; 0.16 V                               ; 4.73e-10 s                  ; 4.78e-10 s                  ; No                         ; Yes                        ; 2.32 V                      ; 6.86e-08 V                  ; 2.4 V              ; -0.0326 V          ; 0.227 V                             ; 0.16 V                              ; 4.73e-10 s                 ; 4.78e-10 s                 ; No                        ; Yes                       ;
; out[36]     ; 2.5 V        ; 0 s                 ; 0 s                 ; 2.32 V                       ; 5.91e-08 V                   ; 2.35 V              ; -0.0136 V           ; 0.17 V                               ; 0.118 V                              ; 4.69e-10 s                  ; 4.63e-10 s                  ; Yes                        ; Yes                        ; 2.32 V                      ; 5.91e-08 V                  ; 2.35 V             ; -0.0136 V          ; 0.17 V                              ; 0.118 V                             ; 4.69e-10 s                 ; 4.63e-10 s                 ; Yes                       ; Yes                       ;
; out[37]     ; 2.5 V        ; 0 s                 ; 0 s                 ; 2.32 V                       ; 6.72e-08 V                   ; 2.4 V               ; -0.0409 V           ; 0.192 V                              ; 0.125 V                              ; 4.59e-10 s                  ; 4.54e-10 s                  ; No                         ; Yes                        ; 2.32 V                      ; 6.72e-08 V                  ; 2.4 V              ; -0.0409 V          ; 0.192 V                             ; 0.125 V                             ; 4.59e-10 s                 ; 4.54e-10 s                 ; No                        ; Yes                       ;
; out[38]     ; 2.5 V        ; 0 s                 ; 0 s                 ; 2.32 V                       ; 6.72e-08 V                   ; 2.4 V               ; -0.0409 V           ; 0.192 V                              ; 0.125 V                              ; 4.59e-10 s                  ; 4.54e-10 s                  ; No                         ; Yes                        ; 2.32 V                      ; 6.72e-08 V                  ; 2.4 V              ; -0.0409 V          ; 0.192 V                             ; 0.125 V                             ; 4.59e-10 s                 ; 4.54e-10 s                 ; No                        ; Yes                       ;
; out[39]     ; 2.5 V        ; 0 s                 ; 0 s                 ; 2.32 V                       ; 6.72e-08 V                   ; 2.4 V               ; -0.0409 V           ; 0.192 V                              ; 0.125 V                              ; 4.59e-10 s                  ; 4.54e-10 s                  ; No                         ; Yes                        ; 2.32 V                      ; 6.72e-08 V                  ; 2.4 V              ; -0.0409 V          ; 0.192 V                             ; 0.125 V                             ; 4.59e-10 s                 ; 4.54e-10 s                 ; No                        ; Yes                       ;
; out[40]     ; 2.5 V        ; 0 s                 ; 0 s                 ; 2.32 V                       ; 6.86e-08 V                   ; 2.4 V               ; -0.0326 V           ; 0.227 V                              ; 0.16 V                               ; 4.73e-10 s                  ; 4.78e-10 s                  ; No                         ; Yes                        ; 2.32 V                      ; 6.86e-08 V                  ; 2.4 V              ; -0.0326 V          ; 0.227 V                             ; 0.16 V                              ; 4.73e-10 s                 ; 4.78e-10 s                 ; No                        ; Yes                       ;
; out[41]     ; 2.5 V        ; 0 s                 ; 0 s                 ; 2.32 V                       ; 6.72e-08 V                   ; 2.4 V               ; -0.041 V            ; 0.19 V                               ; 0.126 V                              ; 4.59e-10 s                  ; 4.54e-10 s                  ; No                         ; Yes                        ; 2.32 V                      ; 6.72e-08 V                  ; 2.4 V              ; -0.041 V           ; 0.19 V                              ; 0.126 V                             ; 4.59e-10 s                 ; 4.54e-10 s                 ; No                        ; Yes                       ;
; out[42]     ; 2.5 V        ; 0 s                 ; 0 s                 ; 2.32 V                       ; 5.91e-08 V                   ; 2.35 V              ; -0.0136 V           ; 0.17 V                               ; 0.118 V                              ; 4.69e-10 s                  ; 4.63e-10 s                  ; Yes                        ; Yes                        ; 2.32 V                      ; 5.91e-08 V                  ; 2.35 V             ; -0.0136 V          ; 0.17 V                              ; 0.118 V                             ; 4.69e-10 s                 ; 4.63e-10 s                 ; Yes                       ; Yes                       ;
; out[43]     ; 2.5 V        ; 0 s                 ; 0 s                 ; 2.32 V                       ; 6.72e-08 V                   ; 2.4 V               ; -0.041 V            ; 0.19 V                               ; 0.126 V                              ; 4.59e-10 s                  ; 4.54e-10 s                  ; No                         ; Yes                        ; 2.32 V                      ; 6.72e-08 V                  ; 2.4 V              ; -0.041 V           ; 0.19 V                              ; 0.126 V                             ; 4.59e-10 s                 ; 4.54e-10 s                 ; No                        ; Yes                       ;
; out[44]     ; 2.5 V        ; 0 s                 ; 0 s                 ; 2.32 V                       ; 6.72e-08 V                   ; 2.4 V               ; -0.041 V            ; 0.19 V                               ; 0.126 V                              ; 4.59e-10 s                  ; 4.54e-10 s                  ; No                         ; Yes                        ; 2.32 V                      ; 6.72e-08 V                  ; 2.4 V              ; -0.041 V           ; 0.19 V                              ; 0.126 V                             ; 4.59e-10 s                 ; 4.54e-10 s                 ; No                        ; Yes                       ;
; out[45]     ; 2.5 V        ; 0 s                 ; 0 s                 ; 2.32 V                       ; 6.86e-08 V                   ; 2.4 V               ; -0.0326 V           ; 0.227 V                              ; 0.16 V                               ; 4.73e-10 s                  ; 4.78e-10 s                  ; No                         ; Yes                        ; 2.32 V                      ; 6.86e-08 V                  ; 2.4 V              ; -0.0326 V          ; 0.227 V                             ; 0.16 V                              ; 4.73e-10 s                 ; 4.78e-10 s                 ; No                        ; Yes                       ;
; out[46]     ; 2.5 V        ; 0 s                 ; 0 s                 ; 2.32 V                       ; 6.86e-08 V                   ; 2.4 V               ; -0.0326 V           ; 0.227 V                              ; 0.16 V                               ; 4.73e-10 s                  ; 4.78e-10 s                  ; No                         ; Yes                        ; 2.32 V                      ; 6.86e-08 V                  ; 2.4 V              ; -0.0326 V          ; 0.227 V                             ; 0.16 V                              ; 4.73e-10 s                 ; 4.78e-10 s                 ; No                        ; Yes                       ;
; out[47]     ; 2.5 V        ; 0 s                 ; 0 s                 ; 2.32 V                       ; 6.72e-08 V                   ; 2.4 V               ; -0.0409 V           ; 0.192 V                              ; 0.125 V                              ; 4.59e-10 s                  ; 4.54e-10 s                  ; No                         ; Yes                        ; 2.32 V                      ; 6.72e-08 V                  ; 2.4 V              ; -0.0409 V          ; 0.192 V                             ; 0.125 V                             ; 4.59e-10 s                 ; 4.54e-10 s                 ; No                        ; Yes                       ;
; out[48]     ; 2.5 V        ; 0 s                 ; 0 s                 ; 2.32 V                       ; 6.72e-08 V                   ; 2.4 V               ; -0.0409 V           ; 0.192 V                              ; 0.125 V                              ; 4.59e-10 s                  ; 4.54e-10 s                  ; No                         ; Yes                        ; 2.32 V                      ; 6.72e-08 V                  ; 2.4 V              ; -0.0409 V          ; 0.192 V                             ; 0.125 V                             ; 4.59e-10 s                 ; 4.54e-10 s                 ; No                        ; Yes                       ;
; out[49]     ; 2.5 V        ; 0 s                 ; 0 s                 ; 2.32 V                       ; 6.72e-08 V                   ; 2.4 V               ; -0.0409 V           ; 0.192 V                              ; 0.125 V                              ; 4.59e-10 s                  ; 4.54e-10 s                  ; No                         ; Yes                        ; 2.32 V                      ; 6.72e-08 V                  ; 2.4 V              ; -0.0409 V          ; 0.192 V                             ; 0.125 V                             ; 4.59e-10 s                 ; 4.54e-10 s                 ; No                        ; Yes                       ;
; out[50]     ; 2.5 V        ; 0 s                 ; 0 s                 ; 2.32 V                       ; 6.72e-08 V                   ; 2.4 V               ; -0.0409 V           ; 0.192 V                              ; 0.125 V                              ; 4.59e-10 s                  ; 4.54e-10 s                  ; No                         ; Yes                        ; 2.32 V                      ; 6.72e-08 V                  ; 2.4 V              ; -0.0409 V          ; 0.192 V                             ; 0.125 V                             ; 4.59e-10 s                 ; 4.54e-10 s                 ; No                        ; Yes                       ;
; out[51]     ; 2.5 V        ; 0 s                 ; 0 s                 ; 2.32 V                       ; 6.72e-08 V                   ; 2.4 V               ; -0.041 V            ; 0.19 V                               ; 0.126 V                              ; 4.59e-10 s                  ; 4.54e-10 s                  ; No                         ; Yes                        ; 2.32 V                      ; 6.72e-08 V                  ; 2.4 V              ; -0.041 V           ; 0.19 V                              ; 0.126 V                             ; 4.59e-10 s                 ; 4.54e-10 s                 ; No                        ; Yes                       ;
; out[52]     ; 2.5 V        ; 0 s                 ; 0 s                 ; 2.32 V                       ; 5.91e-08 V                   ; 2.35 V              ; -0.0136 V           ; 0.17 V                               ; 0.118 V                              ; 4.69e-10 s                  ; 4.63e-10 s                  ; Yes                        ; Yes                        ; 2.32 V                      ; 5.91e-08 V                  ; 2.35 V             ; -0.0136 V          ; 0.17 V                              ; 0.118 V                             ; 4.69e-10 s                 ; 4.63e-10 s                 ; Yes                       ; Yes                       ;
; out[53]     ; 2.5 V        ; 0 s                 ; 0 s                 ; 2.32 V                       ; 5.91e-08 V                   ; 2.35 V              ; -0.0136 V           ; 0.17 V                               ; 0.118 V                              ; 4.69e-10 s                  ; 4.63e-10 s                  ; Yes                        ; Yes                        ; 2.32 V                      ; 5.91e-08 V                  ; 2.35 V             ; -0.0136 V          ; 0.17 V                              ; 0.118 V                             ; 4.69e-10 s                 ; 4.63e-10 s                 ; Yes                       ; Yes                       ;
; out[54]     ; 2.5 V        ; 0 s                 ; 0 s                 ; 2.32 V                       ; 6.86e-08 V                   ; 2.4 V               ; -0.0326 V           ; 0.227 V                              ; 0.16 V                               ; 4.73e-10 s                  ; 4.78e-10 s                  ; No                         ; Yes                        ; 2.32 V                      ; 6.86e-08 V                  ; 2.4 V              ; -0.0326 V          ; 0.227 V                             ; 0.16 V                              ; 4.73e-10 s                 ; 4.78e-10 s                 ; No                        ; Yes                       ;
; out[55]     ; 2.5 V        ; 0 s                 ; 0 s                 ; 2.32 V                       ; 6.86e-08 V                   ; 2.4 V               ; -0.0326 V           ; 0.227 V                              ; 0.16 V                               ; 4.73e-10 s                  ; 4.78e-10 s                  ; No                         ; Yes                        ; 2.32 V                      ; 6.86e-08 V                  ; 2.4 V              ; -0.0326 V          ; 0.227 V                             ; 0.16 V                              ; 4.73e-10 s                 ; 4.78e-10 s                 ; No                        ; Yes                       ;
; out[56]     ; 2.5 V        ; 0 s                 ; 0 s                 ; 2.32 V                       ; 5.91e-08 V                   ; 2.35 V              ; -0.0136 V           ; 0.17 V                               ; 0.118 V                              ; 4.69e-10 s                  ; 4.63e-10 s                  ; Yes                        ; Yes                        ; 2.32 V                      ; 5.91e-08 V                  ; 2.35 V             ; -0.0136 V          ; 0.17 V                              ; 0.118 V                             ; 4.69e-10 s                 ; 4.63e-10 s                 ; Yes                       ; Yes                       ;
; out[57]     ; 2.5 V        ; 0 s                 ; 0 s                 ; 2.32 V                       ; 6.72e-08 V                   ; 2.4 V               ; -0.0409 V           ; 0.192 V                              ; 0.125 V                              ; 4.59e-10 s                  ; 4.54e-10 s                  ; No                         ; Yes                        ; 2.32 V                      ; 6.72e-08 V                  ; 2.4 V              ; -0.0409 V          ; 0.192 V                             ; 0.125 V                             ; 4.59e-10 s                 ; 4.54e-10 s                 ; No                        ; Yes                       ;
; out[58]     ; 2.5 V        ; 0 s                 ; 0 s                 ; 2.32 V                       ; 6.72e-08 V                   ; 2.4 V               ; -0.0409 V           ; 0.192 V                              ; 0.125 V                              ; 4.59e-10 s                  ; 4.54e-10 s                  ; No                         ; Yes                        ; 2.32 V                      ; 6.72e-08 V                  ; 2.4 V              ; -0.0409 V          ; 0.192 V                             ; 0.125 V                             ; 4.59e-10 s                 ; 4.54e-10 s                 ; No                        ; Yes                       ;
; out[59]     ; 2.5 V        ; 0 s                 ; 0 s                 ; 2.32 V                       ; 5.91e-08 V                   ; 2.35 V              ; -0.0136 V           ; 0.17 V                               ; 0.118 V                              ; 4.69e-10 s                  ; 4.63e-10 s                  ; Yes                        ; Yes                        ; 2.32 V                      ; 5.91e-08 V                  ; 2.35 V             ; -0.0136 V          ; 0.17 V                              ; 0.118 V                             ; 4.69e-10 s                 ; 4.63e-10 s                 ; Yes                       ; Yes                       ;
; out[60]     ; 2.5 V        ; 0 s                 ; 0 s                 ; 2.32 V                       ; 6.72e-08 V                   ; 2.4 V               ; -0.041 V            ; 0.19 V                               ; 0.126 V                              ; 4.59e-10 s                  ; 4.54e-10 s                  ; No                         ; Yes                        ; 2.32 V                      ; 6.72e-08 V                  ; 2.4 V              ; -0.041 V           ; 0.19 V                              ; 0.126 V                             ; 4.59e-10 s                 ; 4.54e-10 s                 ; No                        ; Yes                       ;
; out[61]     ; 2.5 V        ; 0 s                 ; 0 s                 ; 2.32 V                       ; 6.86e-08 V                   ; 2.4 V               ; -0.0326 V           ; 0.227 V                              ; 0.16 V                               ; 4.73e-10 s                  ; 4.78e-10 s                  ; No                         ; Yes                        ; 2.32 V                      ; 6.86e-08 V                  ; 2.4 V              ; -0.0326 V          ; 0.227 V                             ; 0.16 V                              ; 4.73e-10 s                 ; 4.78e-10 s                 ; No                        ; Yes                       ;
; out[62]     ; 2.5 V        ; 0 s                 ; 0 s                 ; 2.32 V                       ; 5.91e-08 V                   ; 2.35 V              ; -0.0136 V           ; 0.17 V                               ; 0.118 V                              ; 4.69e-10 s                  ; 4.63e-10 s                  ; Yes                        ; Yes                        ; 2.32 V                      ; 5.91e-08 V                  ; 2.35 V             ; -0.0136 V          ; 0.17 V                              ; 0.118 V                             ; 4.69e-10 s                 ; 4.63e-10 s                 ; Yes                       ; Yes                       ;
; out[63]     ; 2.5 V        ; 0 s                 ; 0 s                 ; 2.32 V                       ; 6.72e-08 V                   ; 2.4 V               ; -0.0409 V           ; 0.192 V                              ; 0.125 V                              ; 4.59e-10 s                  ; 4.54e-10 s                  ; No                         ; Yes                        ; 2.32 V                      ; 6.72e-08 V                  ; 2.4 V              ; -0.0409 V          ; 0.192 V                             ; 0.125 V                             ; 4.59e-10 s                 ; 4.54e-10 s                 ; No                        ; Yes                       ;
; out[64]     ; 2.5 V        ; 0 s                 ; 0 s                 ; 2.32 V                       ; 6.72e-08 V                   ; 2.4 V               ; -0.0409 V           ; 0.192 V                              ; 0.125 V                              ; 4.59e-10 s                  ; 4.54e-10 s                  ; No                         ; Yes                        ; 2.32 V                      ; 6.72e-08 V                  ; 2.4 V              ; -0.0409 V          ; 0.192 V                             ; 0.125 V                             ; 4.59e-10 s                 ; 4.54e-10 s                 ; No                        ; Yes                       ;
; out[65]     ; 2.5 V        ; 0 s                 ; 0 s                 ; 2.32 V                       ; 6.86e-08 V                   ; 2.4 V               ; -0.0326 V           ; 0.227 V                              ; 0.16 V                               ; 4.73e-10 s                  ; 4.78e-10 s                  ; No                         ; Yes                        ; 2.32 V                      ; 6.86e-08 V                  ; 2.4 V              ; -0.0326 V          ; 0.227 V                             ; 0.16 V                              ; 4.73e-10 s                 ; 4.78e-10 s                 ; No                        ; Yes                       ;
; out[66]     ; 2.5 V        ; 0 s                 ; 0 s                 ; 2.32 V                       ; 5.91e-08 V                   ; 2.35 V              ; -0.0136 V           ; 0.17 V                               ; 0.118 V                              ; 4.69e-10 s                  ; 4.63e-10 s                  ; Yes                        ; Yes                        ; 2.32 V                      ; 5.91e-08 V                  ; 2.35 V             ; -0.0136 V          ; 0.17 V                              ; 0.118 V                             ; 4.69e-10 s                 ; 4.63e-10 s                 ; Yes                       ; Yes                       ;
; out[67]     ; 2.5 V        ; 0 s                 ; 0 s                 ; 2.32 V                       ; 6.72e-08 V                   ; 2.4 V               ; -0.0409 V           ; 0.192 V                              ; 0.125 V                              ; 4.59e-10 s                  ; 4.54e-10 s                  ; No                         ; Yes                        ; 2.32 V                      ; 6.72e-08 V                  ; 2.4 V              ; -0.0409 V          ; 0.192 V                             ; 0.125 V                             ; 4.59e-10 s                 ; 4.54e-10 s                 ; No                        ; Yes                       ;
; out[68]     ; 2.5 V        ; 0 s                 ; 0 s                 ; 2.32 V                       ; 6.86e-08 V                   ; 2.4 V               ; -0.0326 V           ; 0.227 V                              ; 0.16 V                               ; 4.73e-10 s                  ; 4.78e-10 s                  ; No                         ; Yes                        ; 2.32 V                      ; 6.86e-08 V                  ; 2.4 V              ; -0.0326 V          ; 0.227 V                             ; 0.16 V                              ; 4.73e-10 s                 ; 4.78e-10 s                 ; No                        ; Yes                       ;
; out[69]     ; 2.5 V        ; 0 s                 ; 0 s                 ; 2.32 V                       ; 6.86e-08 V                   ; 2.4 V               ; -0.0326 V           ; 0.227 V                              ; 0.16 V                               ; 4.73e-10 s                  ; 4.78e-10 s                  ; No                         ; Yes                        ; 2.32 V                      ; 6.86e-08 V                  ; 2.4 V              ; -0.0326 V          ; 0.227 V                             ; 0.16 V                              ; 4.73e-10 s                 ; 4.78e-10 s                 ; No                        ; Yes                       ;
; out[70]     ; 2.5 V        ; 0 s                 ; 0 s                 ; 2.32 V                       ; 5.91e-08 V                   ; 2.35 V              ; -0.0136 V           ; 0.17 V                               ; 0.118 V                              ; 4.69e-10 s                  ; 4.63e-10 s                  ; Yes                        ; Yes                        ; 2.32 V                      ; 5.91e-08 V                  ; 2.35 V             ; -0.0136 V          ; 0.17 V                              ; 0.118 V                             ; 4.69e-10 s                 ; 4.63e-10 s                 ; Yes                       ; Yes                       ;
; out[71]     ; 2.5 V        ; 0 s                 ; 0 s                 ; 2.32 V                       ; 6.72e-08 V                   ; 2.4 V               ; -0.0409 V           ; 0.192 V                              ; 0.125 V                              ; 4.59e-10 s                  ; 4.54e-10 s                  ; No                         ; Yes                        ; 2.32 V                      ; 6.72e-08 V                  ; 2.4 V              ; -0.0409 V          ; 0.192 V                             ; 0.125 V                             ; 4.59e-10 s                 ; 4.54e-10 s                 ; No                        ; Yes                       ;
; out[72]     ; 2.5 V        ; 0 s                 ; 0 s                 ; 2.32 V                       ; 6.72e-08 V                   ; 2.4 V               ; -0.041 V            ; 0.19 V                               ; 0.126 V                              ; 4.59e-10 s                  ; 4.54e-10 s                  ; No                         ; Yes                        ; 2.32 V                      ; 6.72e-08 V                  ; 2.4 V              ; -0.041 V           ; 0.19 V                              ; 0.126 V                             ; 4.59e-10 s                 ; 4.54e-10 s                 ; No                        ; Yes                       ;
; out[73]     ; 2.5 V        ; 0 s                 ; 0 s                 ; 2.32 V                       ; 6.72e-08 V                   ; 2.4 V               ; -0.0409 V           ; 0.192 V                              ; 0.125 V                              ; 4.59e-10 s                  ; 4.54e-10 s                  ; No                         ; Yes                        ; 2.32 V                      ; 6.72e-08 V                  ; 2.4 V              ; -0.0409 V          ; 0.192 V                             ; 0.125 V                             ; 4.59e-10 s                 ; 4.54e-10 s                 ; No                        ; Yes                       ;
; out[74]     ; 2.5 V        ; 0 s                 ; 0 s                 ; 2.32 V                       ; 6.72e-08 V                   ; 2.4 V               ; -0.0409 V           ; 0.192 V                              ; 0.125 V                              ; 4.59e-10 s                  ; 4.54e-10 s                  ; No                         ; Yes                        ; 2.32 V                      ; 6.72e-08 V                  ; 2.4 V              ; -0.0409 V          ; 0.192 V                             ; 0.125 V                             ; 4.59e-10 s                 ; 4.54e-10 s                 ; No                        ; Yes                       ;
; out[75]     ; 2.5 V        ; 0 s                 ; 0 s                 ; 2.32 V                       ; 6.86e-08 V                   ; 2.4 V               ; -0.0326 V           ; 0.227 V                              ; 0.16 V                               ; 4.73e-10 s                  ; 4.78e-10 s                  ; No                         ; Yes                        ; 2.32 V                      ; 6.86e-08 V                  ; 2.4 V              ; -0.0326 V          ; 0.227 V                             ; 0.16 V                              ; 4.73e-10 s                 ; 4.78e-10 s                 ; No                        ; Yes                       ;
; out[76]     ; 2.5 V        ; 0 s                 ; 0 s                 ; 2.32 V                       ; 6.72e-08 V                   ; 2.4 V               ; -0.041 V            ; 0.19 V                               ; 0.126 V                              ; 4.59e-10 s                  ; 4.54e-10 s                  ; No                         ; Yes                        ; 2.32 V                      ; 6.72e-08 V                  ; 2.4 V              ; -0.041 V           ; 0.19 V                              ; 0.126 V                             ; 4.59e-10 s                 ; 4.54e-10 s                 ; No                        ; Yes                       ;
; out[77]     ; 2.5 V        ; 0 s                 ; 0 s                 ; 2.32 V                       ; 6.72e-08 V                   ; 2.4 V               ; -0.041 V            ; 0.19 V                               ; 0.126 V                              ; 4.59e-10 s                  ; 4.54e-10 s                  ; No                         ; Yes                        ; 2.32 V                      ; 6.72e-08 V                  ; 2.4 V              ; -0.041 V           ; 0.19 V                              ; 0.126 V                             ; 4.59e-10 s                 ; 4.54e-10 s                 ; No                        ; Yes                       ;
; out[78]     ; 2.5 V        ; 0 s                 ; 0 s                 ; 2.32 V                       ; 6.72e-08 V                   ; 2.4 V               ; -0.0409 V           ; 0.192 V                              ; 0.125 V                              ; 4.59e-10 s                  ; 4.54e-10 s                  ; No                         ; Yes                        ; 2.32 V                      ; 6.72e-08 V                  ; 2.4 V              ; -0.0409 V          ; 0.192 V                             ; 0.125 V                             ; 4.59e-10 s                 ; 4.54e-10 s                 ; No                        ; Yes                       ;
; out[79]     ; 2.5 V        ; 0 s                 ; 0 s                 ; 2.32 V                       ; 6.86e-08 V                   ; 2.4 V               ; -0.0326 V           ; 0.227 V                              ; 0.16 V                               ; 4.73e-10 s                  ; 4.78e-10 s                  ; No                         ; Yes                        ; 2.32 V                      ; 6.86e-08 V                  ; 2.4 V              ; -0.0326 V          ; 0.227 V                             ; 0.16 V                              ; 4.73e-10 s                 ; 4.78e-10 s                 ; No                        ; Yes                       ;
; out[80]     ; 2.5 V        ; 0 s                 ; 0 s                 ; 2.32 V                       ; 5.91e-08 V                   ; 2.35 V              ; -0.0136 V           ; 0.17 V                               ; 0.118 V                              ; 4.69e-10 s                  ; 4.63e-10 s                  ; Yes                        ; Yes                        ; 2.32 V                      ; 5.91e-08 V                  ; 2.35 V             ; -0.0136 V          ; 0.17 V                              ; 0.118 V                             ; 4.69e-10 s                 ; 4.63e-10 s                 ; Yes                       ; Yes                       ;
; out[81]     ; 2.5 V        ; 0 s                 ; 0 s                 ; 2.32 V                       ; 5.91e-08 V                   ; 2.35 V              ; -0.0136 V           ; 0.17 V                               ; 0.118 V                              ; 4.69e-10 s                  ; 4.63e-10 s                  ; Yes                        ; Yes                        ; 2.32 V                      ; 5.91e-08 V                  ; 2.35 V             ; -0.0136 V          ; 0.17 V                              ; 0.118 V                             ; 4.69e-10 s                 ; 4.63e-10 s                 ; Yes                       ; Yes                       ;
; out[82]     ; 2.5 V        ; 0 s                 ; 0 s                 ; 2.32 V                       ; 6.86e-08 V                   ; 2.4 V               ; -0.0326 V           ; 0.227 V                              ; 0.16 V                               ; 4.73e-10 s                  ; 4.78e-10 s                  ; No                         ; Yes                        ; 2.32 V                      ; 6.86e-08 V                  ; 2.4 V              ; -0.0326 V          ; 0.227 V                             ; 0.16 V                              ; 4.73e-10 s                 ; 4.78e-10 s                 ; No                        ; Yes                       ;
; out[83]     ; 2.5 V        ; 0 s                 ; 0 s                 ; 2.32 V                       ; 5.91e-08 V                   ; 2.35 V              ; -0.0136 V           ; 0.17 V                               ; 0.118 V                              ; 4.69e-10 s                  ; 4.63e-10 s                  ; Yes                        ; Yes                        ; 2.32 V                      ; 5.91e-08 V                  ; 2.35 V             ; -0.0136 V          ; 0.17 V                              ; 0.118 V                             ; 4.69e-10 s                 ; 4.63e-10 s                 ; Yes                       ; Yes                       ;
; out[84]     ; 2.5 V        ; 0 s                 ; 0 s                 ; 2.32 V                       ; 5.91e-08 V                   ; 2.35 V              ; -0.0136 V           ; 0.17 V                               ; 0.118 V                              ; 4.69e-10 s                  ; 4.63e-10 s                  ; Yes                        ; Yes                        ; 2.32 V                      ; 5.91e-08 V                  ; 2.35 V             ; -0.0136 V          ; 0.17 V                              ; 0.118 V                             ; 4.69e-10 s                 ; 4.63e-10 s                 ; Yes                       ; Yes                       ;
; out[85]     ; 2.5 V        ; 0 s                 ; 0 s                 ; 2.32 V                       ; 6.72e-08 V                   ; 2.4 V               ; -0.0409 V           ; 0.192 V                              ; 0.125 V                              ; 4.59e-10 s                  ; 4.54e-10 s                  ; No                         ; Yes                        ; 2.32 V                      ; 6.72e-08 V                  ; 2.4 V              ; -0.0409 V          ; 0.192 V                             ; 0.125 V                             ; 4.59e-10 s                 ; 4.54e-10 s                 ; No                        ; Yes                       ;
; out[86]     ; 2.5 V        ; 0 s                 ; 0 s                 ; 2.32 V                       ; 5.91e-08 V                   ; 2.35 V              ; -0.0136 V           ; 0.17 V                               ; 0.118 V                              ; 4.69e-10 s                  ; 4.63e-10 s                  ; Yes                        ; Yes                        ; 2.32 V                      ; 5.91e-08 V                  ; 2.35 V             ; -0.0136 V          ; 0.17 V                              ; 0.118 V                             ; 4.69e-10 s                 ; 4.63e-10 s                 ; Yes                       ; Yes                       ;
; out[87]     ; 2.5 V        ; 0 s                 ; 0 s                 ; 2.32 V                       ; 6.72e-08 V                   ; 2.4 V               ; -0.0409 V           ; 0.192 V                              ; 0.125 V                              ; 4.59e-10 s                  ; 4.54e-10 s                  ; No                         ; Yes                        ; 2.32 V                      ; 6.72e-08 V                  ; 2.4 V              ; -0.0409 V          ; 0.192 V                             ; 0.125 V                             ; 4.59e-10 s                 ; 4.54e-10 s                 ; No                        ; Yes                       ;
; out[88]     ; 2.5 V        ; 0 s                 ; 0 s                 ; 2.32 V                       ; 6.72e-08 V                   ; 2.4 V               ; -0.0409 V           ; 0.192 V                              ; 0.125 V                              ; 4.59e-10 s                  ; 4.54e-10 s                  ; No                         ; Yes                        ; 2.32 V                      ; 6.72e-08 V                  ; 2.4 V              ; -0.0409 V          ; 0.192 V                             ; 0.125 V                             ; 4.59e-10 s                 ; 4.54e-10 s                 ; No                        ; Yes                       ;
; out[89]     ; 2.5 V        ; 0 s                 ; 0 s                 ; 2.32 V                       ; 6.72e-08 V                   ; 2.4 V               ; -0.0409 V           ; 0.192 V                              ; 0.125 V                              ; 4.59e-10 s                  ; 4.54e-10 s                  ; No                         ; Yes                        ; 2.32 V                      ; 6.72e-08 V                  ; 2.4 V              ; -0.0409 V          ; 0.192 V                             ; 0.125 V                             ; 4.59e-10 s                 ; 4.54e-10 s                 ; No                        ; Yes                       ;
; out[90]     ; 2.5 V        ; 0 s                 ; 0 s                 ; 2.32 V                       ; 6.86e-08 V                   ; 2.4 V               ; -0.0326 V           ; 0.227 V                              ; 0.16 V                               ; 4.73e-10 s                  ; 4.78e-10 s                  ; No                         ; Yes                        ; 2.32 V                      ; 6.86e-08 V                  ; 2.4 V              ; -0.0326 V          ; 0.227 V                             ; 0.16 V                              ; 4.73e-10 s                 ; 4.78e-10 s                 ; No                        ; Yes                       ;
; out[91]     ; 2.5 V        ; 0 s                 ; 0 s                 ; 2.32 V                       ; 6.72e-08 V                   ; 2.4 V               ; -0.0409 V           ; 0.192 V                              ; 0.125 V                              ; 4.59e-10 s                  ; 4.54e-10 s                  ; No                         ; Yes                        ; 2.32 V                      ; 6.72e-08 V                  ; 2.4 V              ; -0.0409 V          ; 0.192 V                             ; 0.125 V                             ; 4.59e-10 s                 ; 4.54e-10 s                 ; No                        ; Yes                       ;
; out[92]     ; 2.5 V        ; 0 s                 ; 0 s                 ; 2.32 V                       ; 6.86e-08 V                   ; 2.4 V               ; -0.0326 V           ; 0.227 V                              ; 0.16 V                               ; 4.73e-10 s                  ; 4.78e-10 s                  ; No                         ; Yes                        ; 2.32 V                      ; 6.86e-08 V                  ; 2.4 V              ; -0.0326 V          ; 0.227 V                             ; 0.16 V                              ; 4.73e-10 s                 ; 4.78e-10 s                 ; No                        ; Yes                       ;
; out[93]     ; 2.5 V        ; 0 s                 ; 0 s                 ; 2.32 V                       ; 6.86e-08 V                   ; 2.4 V               ; -0.0326 V           ; 0.227 V                              ; 0.16 V                               ; 4.73e-10 s                  ; 4.78e-10 s                  ; No                         ; Yes                        ; 2.32 V                      ; 6.86e-08 V                  ; 2.4 V              ; -0.0326 V          ; 0.227 V                             ; 0.16 V                              ; 4.73e-10 s                 ; 4.78e-10 s                 ; No                        ; Yes                       ;
; out[94]     ; 2.5 V        ; 0 s                 ; 0 s                 ; 2.32 V                       ; 6.72e-08 V                   ; 2.4 V               ; -0.041 V            ; 0.19 V                               ; 0.126 V                              ; 4.59e-10 s                  ; 4.54e-10 s                  ; No                         ; Yes                        ; 2.32 V                      ; 6.72e-08 V                  ; 2.4 V              ; -0.041 V           ; 0.19 V                              ; 0.126 V                             ; 4.59e-10 s                 ; 4.54e-10 s                 ; No                        ; Yes                       ;
; out[95]     ; 2.5 V        ; 0 s                 ; 0 s                 ; 2.32 V                       ; 5.91e-08 V                   ; 2.35 V              ; -0.0136 V           ; 0.17 V                               ; 0.118 V                              ; 4.69e-10 s                  ; 4.63e-10 s                  ; Yes                        ; Yes                        ; 2.32 V                      ; 5.91e-08 V                  ; 2.35 V             ; -0.0136 V          ; 0.17 V                              ; 0.118 V                             ; 4.69e-10 s                 ; 4.63e-10 s                 ; Yes                       ; Yes                       ;
; out[96]     ; 2.5 V        ; 0 s                 ; 0 s                 ; 2.32 V                       ; 6.72e-08 V                   ; 2.4 V               ; -0.041 V            ; 0.19 V                               ; 0.126 V                              ; 4.59e-10 s                  ; 4.54e-10 s                  ; No                         ; Yes                        ; 2.32 V                      ; 6.72e-08 V                  ; 2.4 V              ; -0.041 V           ; 0.19 V                              ; 0.126 V                             ; 4.59e-10 s                 ; 4.54e-10 s                 ; No                        ; Yes                       ;
; out[97]     ; 2.5 V        ; 0 s                 ; 0 s                 ; 2.32 V                       ; 6.72e-08 V                   ; 2.4 V               ; -0.041 V            ; 0.19 V                               ; 0.126 V                              ; 4.59e-10 s                  ; 4.54e-10 s                  ; No                         ; Yes                        ; 2.32 V                      ; 6.72e-08 V                  ; 2.4 V              ; -0.041 V           ; 0.19 V                              ; 0.126 V                             ; 4.59e-10 s                 ; 4.54e-10 s                 ; No                        ; Yes                       ;
; out[98]     ; 2.5 V        ; 0 s                 ; 0 s                 ; 2.32 V                       ; 6.86e-08 V                   ; 2.4 V               ; -0.0326 V           ; 0.227 V                              ; 0.16 V                               ; 4.73e-10 s                  ; 4.78e-10 s                  ; No                         ; Yes                        ; 2.32 V                      ; 6.86e-08 V                  ; 2.4 V              ; -0.0326 V          ; 0.227 V                             ; 0.16 V                              ; 4.73e-10 s                 ; 4.78e-10 s                 ; No                        ; Yes                       ;
; out[99]     ; 2.5 V        ; 0 s                 ; 0 s                 ; 2.32 V                       ; 6.86e-08 V                   ; 2.4 V               ; -0.0326 V           ; 0.227 V                              ; 0.16 V                               ; 4.73e-10 s                  ; 4.78e-10 s                  ; No                         ; Yes                        ; 2.32 V                      ; 6.86e-08 V                  ; 2.4 V              ; -0.0326 V          ; 0.227 V                             ; 0.16 V                              ; 4.73e-10 s                 ; 4.78e-10 s                 ; No                        ; Yes                       ;
; out[100]    ; 2.5 V        ; 0 s                 ; 0 s                 ; 2.32 V                       ; 6.86e-08 V                   ; 2.4 V               ; -0.0326 V           ; 0.227 V                              ; 0.16 V                               ; 4.73e-10 s                  ; 4.78e-10 s                  ; No                         ; Yes                        ; 2.32 V                      ; 6.86e-08 V                  ; 2.4 V              ; -0.0326 V          ; 0.227 V                             ; 0.16 V                              ; 4.73e-10 s                 ; 4.78e-10 s                 ; No                        ; Yes                       ;
; out[101]    ; 2.5 V        ; 0 s                 ; 0 s                 ; 2.32 V                       ; 6.86e-08 V                   ; 2.4 V               ; -0.0326 V           ; 0.227 V                              ; 0.16 V                               ; 4.73e-10 s                  ; 4.78e-10 s                  ; No                         ; Yes                        ; 2.32 V                      ; 6.86e-08 V                  ; 2.4 V              ; -0.0326 V          ; 0.227 V                             ; 0.16 V                              ; 4.73e-10 s                 ; 4.78e-10 s                 ; No                        ; Yes                       ;
; out[102]    ; 2.5 V        ; 0 s                 ; 0 s                 ; 2.32 V                       ; 6.72e-08 V                   ; 2.4 V               ; -0.041 V            ; 0.19 V                               ; 0.126 V                              ; 4.59e-10 s                  ; 4.54e-10 s                  ; No                         ; Yes                        ; 2.32 V                      ; 6.72e-08 V                  ; 2.4 V              ; -0.041 V           ; 0.19 V                              ; 0.126 V                             ; 4.59e-10 s                 ; 4.54e-10 s                 ; No                        ; Yes                       ;
; out[103]    ; 2.5 V        ; 0 s                 ; 0 s                 ; 2.32 V                       ; 6.72e-08 V                   ; 2.4 V               ; -0.041 V            ; 0.19 V                               ; 0.126 V                              ; 4.59e-10 s                  ; 4.54e-10 s                  ; No                         ; Yes                        ; 2.32 V                      ; 6.72e-08 V                  ; 2.4 V              ; -0.041 V           ; 0.19 V                              ; 0.126 V                             ; 4.59e-10 s                 ; 4.54e-10 s                 ; No                        ; Yes                       ;
; out[104]    ; 2.5 V        ; 0 s                 ; 0 s                 ; 2.32 V                       ; 6.72e-08 V                   ; 2.4 V               ; -0.041 V            ; 0.19 V                               ; 0.126 V                              ; 4.59e-10 s                  ; 4.54e-10 s                  ; No                         ; Yes                        ; 2.32 V                      ; 6.72e-08 V                  ; 2.4 V              ; -0.041 V           ; 0.19 V                              ; 0.126 V                             ; 4.59e-10 s                 ; 4.54e-10 s                 ; No                        ; Yes                       ;
; out[105]    ; 2.5 V        ; 0 s                 ; 0 s                 ; 2.32 V                       ; 6.86e-08 V                   ; 2.4 V               ; -0.0326 V           ; 0.227 V                              ; 0.16 V                               ; 4.73e-10 s                  ; 4.78e-10 s                  ; No                         ; Yes                        ; 2.32 V                      ; 6.86e-08 V                  ; 2.4 V              ; -0.0326 V          ; 0.227 V                             ; 0.16 V                              ; 4.73e-10 s                 ; 4.78e-10 s                 ; No                        ; Yes                       ;
; out[106]    ; 2.5 V        ; 0 s                 ; 0 s                 ; 2.32 V                       ; 5.91e-08 V                   ; 2.35 V              ; -0.0136 V           ; 0.17 V                               ; 0.118 V                              ; 4.69e-10 s                  ; 4.63e-10 s                  ; Yes                        ; Yes                        ; 2.32 V                      ; 5.91e-08 V                  ; 2.35 V             ; -0.0136 V          ; 0.17 V                              ; 0.118 V                             ; 4.69e-10 s                 ; 4.63e-10 s                 ; Yes                       ; Yes                       ;
; out[107]    ; 2.5 V        ; 0 s                 ; 0 s                 ; 2.32 V                       ; 6.72e-08 V                   ; 2.4 V               ; -0.041 V            ; 0.19 V                               ; 0.126 V                              ; 4.59e-10 s                  ; 4.54e-10 s                  ; No                         ; Yes                        ; 2.32 V                      ; 6.72e-08 V                  ; 2.4 V              ; -0.041 V           ; 0.19 V                              ; 0.126 V                             ; 4.59e-10 s                 ; 4.54e-10 s                 ; No                        ; Yes                       ;
; out[108]    ; 2.5 V        ; 0 s                 ; 0 s                 ; 2.32 V                       ; 6.72e-08 V                   ; 2.4 V               ; -0.0409 V           ; 0.192 V                              ; 0.125 V                              ; 4.59e-10 s                  ; 4.54e-10 s                  ; No                         ; Yes                        ; 2.32 V                      ; 6.72e-08 V                  ; 2.4 V              ; -0.0409 V          ; 0.192 V                             ; 0.125 V                             ; 4.59e-10 s                 ; 4.54e-10 s                 ; No                        ; Yes                       ;
; out[109]    ; 2.5 V        ; 0 s                 ; 0 s                 ; 2.32 V                       ; 6.72e-08 V                   ; 2.4 V               ; -0.0409 V           ; 0.192 V                              ; 0.125 V                              ; 4.59e-10 s                  ; 4.54e-10 s                  ; No                         ; Yes                        ; 2.32 V                      ; 6.72e-08 V                  ; 2.4 V              ; -0.0409 V          ; 0.192 V                             ; 0.125 V                             ; 4.59e-10 s                 ; 4.54e-10 s                 ; No                        ; Yes                       ;
; out[110]    ; 2.5 V        ; 0 s                 ; 0 s                 ; 2.32 V                       ; 6.86e-08 V                   ; 2.4 V               ; -0.0326 V           ; 0.227 V                              ; 0.16 V                               ; 4.73e-10 s                  ; 4.78e-10 s                  ; No                         ; Yes                        ; 2.32 V                      ; 6.86e-08 V                  ; 2.4 V              ; -0.0326 V          ; 0.227 V                             ; 0.16 V                              ; 4.73e-10 s                 ; 4.78e-10 s                 ; No                        ; Yes                       ;
; out[111]    ; 2.5 V        ; 0 s                 ; 0 s                 ; 2.32 V                       ; 6.72e-08 V                   ; 2.4 V               ; -0.041 V            ; 0.19 V                               ; 0.126 V                              ; 4.59e-10 s                  ; 4.54e-10 s                  ; No                         ; Yes                        ; 2.32 V                      ; 6.72e-08 V                  ; 2.4 V              ; -0.041 V           ; 0.19 V                              ; 0.126 V                             ; 4.59e-10 s                 ; 4.54e-10 s                 ; No                        ; Yes                       ;
; out[112]    ; 2.5 V        ; 0 s                 ; 0 s                 ; 2.32 V                       ; 6.72e-08 V                   ; 2.4 V               ; -0.0409 V           ; 0.192 V                              ; 0.125 V                              ; 4.59e-10 s                  ; 4.54e-10 s                  ; No                         ; Yes                        ; 2.32 V                      ; 6.72e-08 V                  ; 2.4 V              ; -0.0409 V          ; 0.192 V                             ; 0.125 V                             ; 4.59e-10 s                 ; 4.54e-10 s                 ; No                        ; Yes                       ;
; out[113]    ; 2.5 V        ; 0 s                 ; 0 s                 ; 2.32 V                       ; 6.86e-08 V                   ; 2.4 V               ; -0.0326 V           ; 0.227 V                              ; 0.16 V                               ; 4.73e-10 s                  ; 4.78e-10 s                  ; No                         ; Yes                        ; 2.32 V                      ; 6.86e-08 V                  ; 2.4 V              ; -0.0326 V          ; 0.227 V                             ; 0.16 V                              ; 4.73e-10 s                 ; 4.78e-10 s                 ; No                        ; Yes                       ;
; out[114]    ; 2.5 V        ; 0 s                 ; 0 s                 ; 2.32 V                       ; 5.91e-08 V                   ; 2.35 V              ; -0.0136 V           ; 0.17 V                               ; 0.118 V                              ; 4.69e-10 s                  ; 4.63e-10 s                  ; Yes                        ; Yes                        ; 2.32 V                      ; 5.91e-08 V                  ; 2.35 V             ; -0.0136 V          ; 0.17 V                              ; 0.118 V                             ; 4.69e-10 s                 ; 4.63e-10 s                 ; Yes                       ; Yes                       ;
; out[115]    ; 2.5 V        ; 0 s                 ; 0 s                 ; 2.32 V                       ; 6.72e-08 V                   ; 2.4 V               ; -0.041 V            ; 0.19 V                               ; 0.126 V                              ; 4.59e-10 s                  ; 4.54e-10 s                  ; No                         ; Yes                        ; 2.32 V                      ; 6.72e-08 V                  ; 2.4 V              ; -0.041 V           ; 0.19 V                              ; 0.126 V                             ; 4.59e-10 s                 ; 4.54e-10 s                 ; No                        ; Yes                       ;
; out[116]    ; 2.5 V        ; 0 s                 ; 0 s                 ; 2.32 V                       ; 6.72e-08 V                   ; 2.4 V               ; -0.041 V            ; 0.19 V                               ; 0.126 V                              ; 4.59e-10 s                  ; 4.54e-10 s                  ; No                         ; Yes                        ; 2.32 V                      ; 6.72e-08 V                  ; 2.4 V              ; -0.041 V           ; 0.19 V                              ; 0.126 V                             ; 4.59e-10 s                 ; 4.54e-10 s                 ; No                        ; Yes                       ;
; out[117]    ; 2.5 V        ; 0 s                 ; 0 s                 ; 2.32 V                       ; 5.91e-08 V                   ; 2.35 V              ; -0.0136 V           ; 0.17 V                               ; 0.118 V                              ; 4.69e-10 s                  ; 4.63e-10 s                  ; Yes                        ; Yes                        ; 2.32 V                      ; 5.91e-08 V                  ; 2.35 V             ; -0.0136 V          ; 0.17 V                              ; 0.118 V                             ; 4.69e-10 s                 ; 4.63e-10 s                 ; Yes                       ; Yes                       ;
; out[118]    ; 2.5 V        ; 0 s                 ; 0 s                 ; 2.32 V                       ; 5.91e-08 V                   ; 2.35 V              ; -0.0136 V           ; 0.17 V                               ; 0.118 V                              ; 4.69e-10 s                  ; 4.63e-10 s                  ; Yes                        ; Yes                        ; 2.32 V                      ; 5.91e-08 V                  ; 2.35 V             ; -0.0136 V          ; 0.17 V                              ; 0.118 V                             ; 4.69e-10 s                 ; 4.63e-10 s                 ; Yes                       ; Yes                       ;
; out[119]    ; 2.5 V        ; 0 s                 ; 0 s                 ; 2.32 V                       ; 5.91e-08 V                   ; 2.35 V              ; -0.0136 V           ; 0.17 V                               ; 0.118 V                              ; 4.69e-10 s                  ; 4.63e-10 s                  ; Yes                        ; Yes                        ; 2.32 V                      ; 5.91e-08 V                  ; 2.35 V             ; -0.0136 V          ; 0.17 V                              ; 0.118 V                             ; 4.69e-10 s                 ; 4.63e-10 s                 ; Yes                       ; Yes                       ;
; out[120]    ; 2.5 V        ; 0 s                 ; 0 s                 ; 2.32 V                       ; 6.72e-08 V                   ; 2.4 V               ; -0.041 V            ; 0.19 V                               ; 0.126 V                              ; 4.59e-10 s                  ; 4.54e-10 s                  ; No                         ; Yes                        ; 2.32 V                      ; 6.72e-08 V                  ; 2.4 V              ; -0.041 V           ; 0.19 V                              ; 0.126 V                             ; 4.59e-10 s                 ; 4.54e-10 s                 ; No                        ; Yes                       ;
; out[121]    ; 2.5 V        ; 0 s                 ; 0 s                 ; 2.32 V                       ; 6.72e-08 V                   ; 2.4 V               ; -0.041 V            ; 0.19 V                               ; 0.126 V                              ; 4.59e-10 s                  ; 4.54e-10 s                  ; No                         ; Yes                        ; 2.32 V                      ; 6.72e-08 V                  ; 2.4 V              ; -0.041 V           ; 0.19 V                              ; 0.126 V                             ; 4.59e-10 s                 ; 4.54e-10 s                 ; No                        ; Yes                       ;
; out[122]    ; 2.5 V        ; 0 s                 ; 0 s                 ; 2.32 V                       ; 6.86e-08 V                   ; 2.4 V               ; -0.0326 V           ; 0.227 V                              ; 0.16 V                               ; 4.73e-10 s                  ; 4.78e-10 s                  ; No                         ; Yes                        ; 2.32 V                      ; 6.86e-08 V                  ; 2.4 V              ; -0.0326 V          ; 0.227 V                             ; 0.16 V                              ; 4.73e-10 s                 ; 4.78e-10 s                 ; No                        ; Yes                       ;
; out[123]    ; 2.5 V        ; 0 s                 ; 0 s                 ; 2.32 V                       ; 5.91e-08 V                   ; 2.35 V              ; -0.0136 V           ; 0.17 V                               ; 0.118 V                              ; 4.69e-10 s                  ; 4.63e-10 s                  ; Yes                        ; Yes                        ; 2.32 V                      ; 5.91e-08 V                  ; 2.35 V             ; -0.0136 V          ; 0.17 V                              ; 0.118 V                             ; 4.69e-10 s                 ; 4.63e-10 s                 ; Yes                       ; Yes                       ;
; out[124]    ; 2.5 V        ; 0 s                 ; 0 s                 ; 2.32 V                       ; 6.72e-08 V                   ; 2.4 V               ; -0.0409 V           ; 0.192 V                              ; 0.125 V                              ; 4.59e-10 s                  ; 4.54e-10 s                  ; No                         ; Yes                        ; 2.32 V                      ; 6.72e-08 V                  ; 2.4 V              ; -0.0409 V          ; 0.192 V                             ; 0.125 V                             ; 4.59e-10 s                 ; 4.54e-10 s                 ; No                        ; Yes                       ;
; out[125]    ; 2.5 V        ; 0 s                 ; 0 s                 ; 2.32 V                       ; 6.72e-08 V                   ; 2.4 V               ; -0.041 V            ; 0.19 V                               ; 0.126 V                              ; 4.59e-10 s                  ; 4.54e-10 s                  ; No                         ; Yes                        ; 2.32 V                      ; 6.72e-08 V                  ; 2.4 V              ; -0.041 V           ; 0.19 V                              ; 0.126 V                             ; 4.59e-10 s                 ; 4.54e-10 s                 ; No                        ; Yes                       ;
; out[126]    ; 2.5 V        ; 0 s                 ; 0 s                 ; 2.32 V                       ; 6.86e-08 V                   ; 2.4 V               ; -0.0326 V           ; 0.227 V                              ; 0.16 V                               ; 4.73e-10 s                  ; 4.78e-10 s                  ; No                         ; Yes                        ; 2.32 V                      ; 6.86e-08 V                  ; 2.4 V              ; -0.0326 V          ; 0.227 V                             ; 0.16 V                              ; 4.73e-10 s                 ; 4.78e-10 s                 ; No                        ; Yes                       ;
; out[127]    ; 2.5 V        ; 0 s                 ; 0 s                 ; 2.32 V                       ; 6.72e-08 V                   ; 2.4 V               ; -0.041 V            ; 0.19 V                               ; 0.126 V                              ; 4.59e-10 s                  ; 4.54e-10 s                  ; No                         ; Yes                        ; 2.32 V                      ; 6.72e-08 V                  ; 2.4 V              ; -0.041 V           ; 0.19 V                              ; 0.126 V                             ; 4.59e-10 s                 ; 4.54e-10 s                 ; No                        ; Yes                       ;
; out[128]    ; 2.5 V        ; 0 s                 ; 0 s                 ; 2.32 V                       ; 6.86e-08 V                   ; 2.4 V               ; -0.0326 V           ; 0.227 V                              ; 0.16 V                               ; 4.73e-10 s                  ; 4.78e-10 s                  ; No                         ; Yes                        ; 2.32 V                      ; 6.86e-08 V                  ; 2.4 V              ; -0.0326 V          ; 0.227 V                             ; 0.16 V                              ; 4.73e-10 s                 ; 4.78e-10 s                 ; No                        ; Yes                       ;
; out[129]    ; 2.5 V        ; 0 s                 ; 0 s                 ; 2.32 V                       ; 5.91e-08 V                   ; 2.35 V              ; -0.0136 V           ; 0.17 V                               ; 0.118 V                              ; 4.69e-10 s                  ; 4.63e-10 s                  ; Yes                        ; Yes                        ; 2.32 V                      ; 5.91e-08 V                  ; 2.35 V             ; -0.0136 V          ; 0.17 V                              ; 0.118 V                             ; 4.69e-10 s                 ; 4.63e-10 s                 ; Yes                       ; Yes                       ;
; out[130]    ; 2.5 V        ; 0 s                 ; 0 s                 ; 2.32 V                       ; 6.72e-08 V                   ; 2.4 V               ; -0.041 V            ; 0.19 V                               ; 0.126 V                              ; 4.59e-10 s                  ; 4.54e-10 s                  ; No                         ; Yes                        ; 2.32 V                      ; 6.72e-08 V                  ; 2.4 V              ; -0.041 V           ; 0.19 V                              ; 0.126 V                             ; 4.59e-10 s                 ; 4.54e-10 s                 ; No                        ; Yes                       ;
; out[131]    ; 2.5 V        ; 0 s                 ; 0 s                 ; 2.32 V                       ; 6.72e-08 V                   ; 2.4 V               ; -0.0409 V           ; 0.192 V                              ; 0.125 V                              ; 4.59e-10 s                  ; 4.54e-10 s                  ; No                         ; Yes                        ; 2.32 V                      ; 6.72e-08 V                  ; 2.4 V              ; -0.0409 V          ; 0.192 V                             ; 0.125 V                             ; 4.59e-10 s                 ; 4.54e-10 s                 ; No                        ; Yes                       ;
; out[132]    ; 2.5 V        ; 0 s                 ; 0 s                 ; 2.32 V                       ; 5.91e-08 V                   ; 2.35 V              ; -0.0136 V           ; 0.17 V                               ; 0.118 V                              ; 4.69e-10 s                  ; 4.63e-10 s                  ; Yes                        ; Yes                        ; 2.32 V                      ; 5.91e-08 V                  ; 2.35 V             ; -0.0136 V          ; 0.17 V                              ; 0.118 V                             ; 4.69e-10 s                 ; 4.63e-10 s                 ; Yes                       ; Yes                       ;
; out[133]    ; 2.5 V        ; 0 s                 ; 0 s                 ; 2.32 V                       ; 5.91e-08 V                   ; 2.35 V              ; -0.0136 V           ; 0.17 V                               ; 0.118 V                              ; 4.69e-10 s                  ; 4.63e-10 s                  ; Yes                        ; Yes                        ; 2.32 V                      ; 5.91e-08 V                  ; 2.35 V             ; -0.0136 V          ; 0.17 V                              ; 0.118 V                             ; 4.69e-10 s                 ; 4.63e-10 s                 ; Yes                       ; Yes                       ;
; out[134]    ; 2.5 V        ; 0 s                 ; 0 s                 ; 2.32 V                       ; 6.72e-08 V                   ; 2.4 V               ; -0.0409 V           ; 0.192 V                              ; 0.125 V                              ; 4.59e-10 s                  ; 4.54e-10 s                  ; No                         ; Yes                        ; 2.32 V                      ; 6.72e-08 V                  ; 2.4 V              ; -0.0409 V          ; 0.192 V                             ; 0.125 V                             ; 4.59e-10 s                 ; 4.54e-10 s                 ; No                        ; Yes                       ;
; out[135]    ; 2.5 V        ; 0 s                 ; 0 s                 ; 2.32 V                       ; 6.86e-08 V                   ; 2.4 V               ; -0.0326 V           ; 0.227 V                              ; 0.16 V                               ; 4.73e-10 s                  ; 4.78e-10 s                  ; No                         ; Yes                        ; 2.32 V                      ; 6.86e-08 V                  ; 2.4 V              ; -0.0326 V          ; 0.227 V                             ; 0.16 V                              ; 4.73e-10 s                 ; 4.78e-10 s                 ; No                        ; Yes                       ;
; out[136]    ; 2.5 V        ; 0 s                 ; 0 s                 ; 2.32 V                       ; 6.86e-08 V                   ; 2.4 V               ; -0.0326 V           ; 0.227 V                              ; 0.16 V                               ; 4.73e-10 s                  ; 4.78e-10 s                  ; No                         ; Yes                        ; 2.32 V                      ; 6.86e-08 V                  ; 2.4 V              ; -0.0326 V          ; 0.227 V                             ; 0.16 V                              ; 4.73e-10 s                 ; 4.78e-10 s                 ; No                        ; Yes                       ;
; out[137]    ; 2.5 V        ; 0 s                 ; 0 s                 ; 2.32 V                       ; 5.91e-08 V                   ; 2.35 V              ; -0.0136 V           ; 0.17 V                               ; 0.118 V                              ; 4.69e-10 s                  ; 4.63e-10 s                  ; Yes                        ; Yes                        ; 2.32 V                      ; 5.91e-08 V                  ; 2.35 V             ; -0.0136 V          ; 0.17 V                              ; 0.118 V                             ; 4.69e-10 s                 ; 4.63e-10 s                 ; Yes                       ; Yes                       ;
; out[138]    ; 2.5 V        ; 0 s                 ; 0 s                 ; 2.32 V                       ; 5.91e-08 V                   ; 2.35 V              ; -0.0136 V           ; 0.17 V                               ; 0.118 V                              ; 4.69e-10 s                  ; 4.63e-10 s                  ; Yes                        ; Yes                        ; 2.32 V                      ; 5.91e-08 V                  ; 2.35 V             ; -0.0136 V          ; 0.17 V                              ; 0.118 V                             ; 4.69e-10 s                 ; 4.63e-10 s                 ; Yes                       ; Yes                       ;
; out[139]    ; 2.5 V        ; 0 s                 ; 0 s                 ; 2.32 V                       ; 6.86e-08 V                   ; 2.4 V               ; -0.0326 V           ; 0.227 V                              ; 0.16 V                               ; 4.73e-10 s                  ; 4.78e-10 s                  ; No                         ; Yes                        ; 2.32 V                      ; 6.86e-08 V                  ; 2.4 V              ; -0.0326 V          ; 0.227 V                             ; 0.16 V                              ; 4.73e-10 s                 ; 4.78e-10 s                 ; No                        ; Yes                       ;
; out[140]    ; 2.5 V        ; 0 s                 ; 0 s                 ; 2.32 V                       ; 5.91e-08 V                   ; 2.35 V              ; -0.0136 V           ; 0.17 V                               ; 0.118 V                              ; 4.69e-10 s                  ; 4.63e-10 s                  ; Yes                        ; Yes                        ; 2.32 V                      ; 5.91e-08 V                  ; 2.35 V             ; -0.0136 V          ; 0.17 V                              ; 0.118 V                             ; 4.69e-10 s                 ; 4.63e-10 s                 ; Yes                       ; Yes                       ;
; out[141]    ; 2.5 V        ; 0 s                 ; 0 s                 ; 2.32 V                       ; 6.72e-08 V                   ; 2.4 V               ; -0.0409 V           ; 0.192 V                              ; 0.125 V                              ; 4.59e-10 s                  ; 4.54e-10 s                  ; No                         ; Yes                        ; 2.32 V                      ; 6.72e-08 V                  ; 2.4 V              ; -0.0409 V          ; 0.192 V                             ; 0.125 V                             ; 4.59e-10 s                 ; 4.54e-10 s                 ; No                        ; Yes                       ;
; out[142]    ; 2.5 V        ; 0 s                 ; 0 s                 ; 2.32 V                       ; 6.72e-08 V                   ; 2.4 V               ; -0.041 V            ; 0.19 V                               ; 0.126 V                              ; 4.59e-10 s                  ; 4.54e-10 s                  ; No                         ; Yes                        ; 2.32 V                      ; 6.72e-08 V                  ; 2.4 V              ; -0.041 V           ; 0.19 V                              ; 0.126 V                             ; 4.59e-10 s                 ; 4.54e-10 s                 ; No                        ; Yes                       ;
; out[143]    ; 2.5 V        ; 0 s                 ; 0 s                 ; 2.32 V                       ; 5.91e-08 V                   ; 2.35 V              ; -0.0136 V           ; 0.17 V                               ; 0.118 V                              ; 4.69e-10 s                  ; 4.63e-10 s                  ; Yes                        ; Yes                        ; 2.32 V                      ; 5.91e-08 V                  ; 2.35 V             ; -0.0136 V          ; 0.17 V                              ; 0.118 V                             ; 4.69e-10 s                 ; 4.63e-10 s                 ; Yes                       ; Yes                       ;
; out[144]    ; 2.5 V        ; 0 s                 ; 0 s                 ; 2.32 V                       ; 6.86e-08 V                   ; 2.4 V               ; -0.0326 V           ; 0.227 V                              ; 0.16 V                               ; 4.73e-10 s                  ; 4.78e-10 s                  ; No                         ; Yes                        ; 2.32 V                      ; 6.86e-08 V                  ; 2.4 V              ; -0.0326 V          ; 0.227 V                             ; 0.16 V                              ; 4.73e-10 s                 ; 4.78e-10 s                 ; No                        ; Yes                       ;
; out[145]    ; 2.5 V        ; 0 s                 ; 0 s                 ; 2.32 V                       ; 6.72e-08 V                   ; 2.4 V               ; -0.041 V            ; 0.19 V                               ; 0.126 V                              ; 4.59e-10 s                  ; 4.54e-10 s                  ; No                         ; Yes                        ; 2.32 V                      ; 6.72e-08 V                  ; 2.4 V              ; -0.041 V           ; 0.19 V                              ; 0.126 V                             ; 4.59e-10 s                 ; 4.54e-10 s                 ; No                        ; Yes                       ;
; out[146]    ; 2.5 V        ; 0 s                 ; 0 s                 ; 2.32 V                       ; 6.72e-08 V                   ; 2.4 V               ; -0.041 V            ; 0.19 V                               ; 0.126 V                              ; 4.59e-10 s                  ; 4.54e-10 s                  ; No                         ; Yes                        ; 2.32 V                      ; 6.72e-08 V                  ; 2.4 V              ; -0.041 V           ; 0.19 V                              ; 0.126 V                             ; 4.59e-10 s                 ; 4.54e-10 s                 ; No                        ; Yes                       ;
; out[147]    ; 2.5 V        ; 0 s                 ; 0 s                 ; 2.32 V                       ; 5.91e-08 V                   ; 2.35 V              ; -0.0136 V           ; 0.17 V                               ; 0.118 V                              ; 4.69e-10 s                  ; 4.63e-10 s                  ; Yes                        ; Yes                        ; 2.32 V                      ; 5.91e-08 V                  ; 2.35 V             ; -0.0136 V          ; 0.17 V                              ; 0.118 V                             ; 4.69e-10 s                 ; 4.63e-10 s                 ; Yes                       ; Yes                       ;
; out[148]    ; 2.5 V        ; 0 s                 ; 0 s                 ; 2.32 V                       ; 6.86e-08 V                   ; 2.4 V               ; -0.0326 V           ; 0.227 V                              ; 0.16 V                               ; 4.73e-10 s                  ; 4.78e-10 s                  ; No                         ; Yes                        ; 2.32 V                      ; 6.86e-08 V                  ; 2.4 V              ; -0.0326 V          ; 0.227 V                             ; 0.16 V                              ; 4.73e-10 s                 ; 4.78e-10 s                 ; No                        ; Yes                       ;
; out[149]    ; 2.5 V        ; 0 s                 ; 0 s                 ; 2.32 V                       ; 6.86e-08 V                   ; 2.4 V               ; -0.0326 V           ; 0.227 V                              ; 0.16 V                               ; 4.73e-10 s                  ; 4.78e-10 s                  ; No                         ; Yes                        ; 2.32 V                      ; 6.86e-08 V                  ; 2.4 V              ; -0.0326 V          ; 0.227 V                             ; 0.16 V                              ; 4.73e-10 s                 ; 4.78e-10 s                 ; No                        ; Yes                       ;
; out[150]    ; 2.5 V        ; 0 s                 ; 0 s                 ; 2.32 V                       ; 6.72e-08 V                   ; 2.4 V               ; -0.041 V            ; 0.19 V                               ; 0.126 V                              ; 4.59e-10 s                  ; 4.54e-10 s                  ; No                         ; Yes                        ; 2.32 V                      ; 6.72e-08 V                  ; 2.4 V              ; -0.041 V           ; 0.19 V                              ; 0.126 V                             ; 4.59e-10 s                 ; 4.54e-10 s                 ; No                        ; Yes                       ;
; out[151]    ; 2.5 V        ; 0 s                 ; 0 s                 ; 2.32 V                       ; 6.72e-08 V                   ; 2.4 V               ; -0.0409 V           ; 0.192 V                              ; 0.125 V                              ; 4.59e-10 s                  ; 4.54e-10 s                  ; No                         ; Yes                        ; 2.32 V                      ; 6.72e-08 V                  ; 2.4 V              ; -0.0409 V          ; 0.192 V                             ; 0.125 V                             ; 4.59e-10 s                 ; 4.54e-10 s                 ; No                        ; Yes                       ;
; out[152]    ; 2.5 V        ; 0 s                 ; 0 s                 ; 2.32 V                       ; 5.91e-08 V                   ; 2.35 V              ; -0.0136 V           ; 0.17 V                               ; 0.118 V                              ; 4.69e-10 s                  ; 4.63e-10 s                  ; Yes                        ; Yes                        ; 2.32 V                      ; 5.91e-08 V                  ; 2.35 V             ; -0.0136 V          ; 0.17 V                              ; 0.118 V                             ; 4.69e-10 s                 ; 4.63e-10 s                 ; Yes                       ; Yes                       ;
; out[153]    ; 2.5 V        ; 0 s                 ; 0 s                 ; 2.32 V                       ; 6.72e-08 V                   ; 2.4 V               ; -0.041 V            ; 0.19 V                               ; 0.126 V                              ; 4.59e-10 s                  ; 4.54e-10 s                  ; No                         ; Yes                        ; 2.32 V                      ; 6.72e-08 V                  ; 2.4 V              ; -0.041 V           ; 0.19 V                              ; 0.126 V                             ; 4.59e-10 s                 ; 4.54e-10 s                 ; No                        ; Yes                       ;
; out[154]    ; 2.5 V        ; 0 s                 ; 0 s                 ; 2.32 V                       ; 6.72e-08 V                   ; 2.4 V               ; -0.0409 V           ; 0.192 V                              ; 0.125 V                              ; 4.59e-10 s                  ; 4.54e-10 s                  ; No                         ; Yes                        ; 2.32 V                      ; 6.72e-08 V                  ; 2.4 V              ; -0.0409 V          ; 0.192 V                             ; 0.125 V                             ; 4.59e-10 s                 ; 4.54e-10 s                 ; No                        ; Yes                       ;
; out[155]    ; 2.5 V        ; 0 s                 ; 0 s                 ; 2.32 V                       ; 6.86e-08 V                   ; 2.4 V               ; -0.0326 V           ; 0.227 V                              ; 0.16 V                               ; 4.73e-10 s                  ; 4.78e-10 s                  ; No                         ; Yes                        ; 2.32 V                      ; 6.86e-08 V                  ; 2.4 V              ; -0.0326 V          ; 0.227 V                             ; 0.16 V                              ; 4.73e-10 s                 ; 4.78e-10 s                 ; No                        ; Yes                       ;
; out[156]    ; 2.5 V        ; 0 s                 ; 0 s                 ; 2.32 V                       ; 6.72e-08 V                   ; 2.4 V               ; -0.041 V            ; 0.19 V                               ; 0.126 V                              ; 4.59e-10 s                  ; 4.54e-10 s                  ; No                         ; Yes                        ; 2.32 V                      ; 6.72e-08 V                  ; 2.4 V              ; -0.041 V           ; 0.19 V                              ; 0.126 V                             ; 4.59e-10 s                 ; 4.54e-10 s                 ; No                        ; Yes                       ;
; out[157]    ; 2.5 V        ; 0 s                 ; 0 s                 ; 2.32 V                       ; 6.86e-08 V                   ; 2.4 V               ; -0.0326 V           ; 0.227 V                              ; 0.16 V                               ; 4.73e-10 s                  ; 4.78e-10 s                  ; No                         ; Yes                        ; 2.32 V                      ; 6.86e-08 V                  ; 2.4 V              ; -0.0326 V          ; 0.227 V                             ; 0.16 V                              ; 4.73e-10 s                 ; 4.78e-10 s                 ; No                        ; Yes                       ;
; out[158]    ; 2.5 V        ; 0 s                 ; 0 s                 ; 2.32 V                       ; 6.72e-08 V                   ; 2.4 V               ; -0.041 V            ; 0.19 V                               ; 0.126 V                              ; 4.59e-10 s                  ; 4.54e-10 s                  ; No                         ; Yes                        ; 2.32 V                      ; 6.72e-08 V                  ; 2.4 V              ; -0.041 V           ; 0.19 V                              ; 0.126 V                             ; 4.59e-10 s                 ; 4.54e-10 s                 ; No                        ; Yes                       ;
; out[159]    ; 2.5 V        ; 0 s                 ; 0 s                 ; 2.32 V                       ; 6.72e-08 V                   ; 2.4 V               ; -0.041 V            ; 0.19 V                               ; 0.126 V                              ; 4.59e-10 s                  ; 4.54e-10 s                  ; No                         ; Yes                        ; 2.32 V                      ; 6.72e-08 V                  ; 2.4 V              ; -0.041 V           ; 0.19 V                              ; 0.126 V                             ; 4.59e-10 s                 ; 4.54e-10 s                 ; No                        ; Yes                       ;
; out[160]    ; 2.5 V        ; 0 s                 ; 0 s                 ; 2.32 V                       ; 6.72e-08 V                   ; 2.4 V               ; -0.0409 V           ; 0.192 V                              ; 0.125 V                              ; 4.59e-10 s                  ; 4.54e-10 s                  ; No                         ; Yes                        ; 2.32 V                      ; 6.72e-08 V                  ; 2.4 V              ; -0.0409 V          ; 0.192 V                             ; 0.125 V                             ; 4.59e-10 s                 ; 4.54e-10 s                 ; No                        ; Yes                       ;
; out[161]    ; 2.5 V        ; 0 s                 ; 0 s                 ; 2.32 V                       ; 6.72e-08 V                   ; 2.4 V               ; -0.0409 V           ; 0.192 V                              ; 0.125 V                              ; 4.59e-10 s                  ; 4.54e-10 s                  ; No                         ; Yes                        ; 2.32 V                      ; 6.72e-08 V                  ; 2.4 V              ; -0.0409 V          ; 0.192 V                             ; 0.125 V                             ; 4.59e-10 s                 ; 4.54e-10 s                 ; No                        ; Yes                       ;
; out[162]    ; 2.5 V        ; 0 s                 ; 0 s                 ; 2.32 V                       ; 5.91e-08 V                   ; 2.35 V              ; -0.0136 V           ; 0.17 V                               ; 0.118 V                              ; 4.69e-10 s                  ; 4.63e-10 s                  ; Yes                        ; Yes                        ; 2.32 V                      ; 5.91e-08 V                  ; 2.35 V             ; -0.0136 V          ; 0.17 V                              ; 0.118 V                             ; 4.69e-10 s                 ; 4.63e-10 s                 ; Yes                       ; Yes                       ;
; out[163]    ; 2.5 V        ; 0 s                 ; 0 s                 ; 2.32 V                       ; 6.72e-08 V                   ; 2.4 V               ; -0.0409 V           ; 0.192 V                              ; 0.125 V                              ; 4.59e-10 s                  ; 4.54e-10 s                  ; No                         ; Yes                        ; 2.32 V                      ; 6.72e-08 V                  ; 2.4 V              ; -0.0409 V          ; 0.192 V                             ; 0.125 V                             ; 4.59e-10 s                 ; 4.54e-10 s                 ; No                        ; Yes                       ;
; out[164]    ; 2.5 V        ; 0 s                 ; 0 s                 ; 2.32 V                       ; 6.72e-08 V                   ; 2.4 V               ; -0.041 V            ; 0.19 V                               ; 0.126 V                              ; 4.59e-10 s                  ; 4.54e-10 s                  ; No                         ; Yes                        ; 2.32 V                      ; 6.72e-08 V                  ; 2.4 V              ; -0.041 V           ; 0.19 V                              ; 0.126 V                             ; 4.59e-10 s                 ; 4.54e-10 s                 ; No                        ; Yes                       ;
; out[165]    ; 2.5 V        ; 0 s                 ; 0 s                 ; 2.32 V                       ; 5.91e-08 V                   ; 2.35 V              ; -0.0136 V           ; 0.17 V                               ; 0.118 V                              ; 4.69e-10 s                  ; 4.63e-10 s                  ; Yes                        ; Yes                        ; 2.32 V                      ; 5.91e-08 V                  ; 2.35 V             ; -0.0136 V          ; 0.17 V                              ; 0.118 V                             ; 4.69e-10 s                 ; 4.63e-10 s                 ; Yes                       ; Yes                       ;
; out[166]    ; 2.5 V        ; 0 s                 ; 0 s                 ; 2.32 V                       ; 6.72e-08 V                   ; 2.4 V               ; -0.0409 V           ; 0.192 V                              ; 0.125 V                              ; 4.59e-10 s                  ; 4.54e-10 s                  ; No                         ; Yes                        ; 2.32 V                      ; 6.72e-08 V                  ; 2.4 V              ; -0.0409 V          ; 0.192 V                             ; 0.125 V                             ; 4.59e-10 s                 ; 4.54e-10 s                 ; No                        ; Yes                       ;
; out[167]    ; 2.5 V        ; 0 s                 ; 0 s                 ; 2.32 V                       ; 6.86e-08 V                   ; 2.4 V               ; -0.0326 V           ; 0.227 V                              ; 0.16 V                               ; 4.73e-10 s                  ; 4.78e-10 s                  ; No                         ; Yes                        ; 2.32 V                      ; 6.86e-08 V                  ; 2.4 V              ; -0.0326 V          ; 0.227 V                             ; 0.16 V                              ; 4.73e-10 s                 ; 4.78e-10 s                 ; No                        ; Yes                       ;
; out[168]    ; 2.5 V        ; 0 s                 ; 0 s                 ; 2.32 V                       ; 6.86e-08 V                   ; 2.4 V               ; -0.0326 V           ; 0.227 V                              ; 0.16 V                               ; 4.73e-10 s                  ; 4.78e-10 s                  ; No                         ; Yes                        ; 2.32 V                      ; 6.86e-08 V                  ; 2.4 V              ; -0.0326 V          ; 0.227 V                             ; 0.16 V                              ; 4.73e-10 s                 ; 4.78e-10 s                 ; No                        ; Yes                       ;
; out[169]    ; 2.5 V        ; 0 s                 ; 0 s                 ; 2.32 V                       ; 6.86e-08 V                   ; 2.4 V               ; -0.0326 V           ; 0.227 V                              ; 0.16 V                               ; 4.73e-10 s                  ; 4.78e-10 s                  ; No                         ; Yes                        ; 2.32 V                      ; 6.86e-08 V                  ; 2.4 V              ; -0.0326 V          ; 0.227 V                             ; 0.16 V                              ; 4.73e-10 s                 ; 4.78e-10 s                 ; No                        ; Yes                       ;
; out[170]    ; 2.5 V        ; 0 s                 ; 0 s                 ; 2.32 V                       ; 5.91e-08 V                   ; 2.35 V              ; -0.0136 V           ; 0.17 V                               ; 0.118 V                              ; 4.69e-10 s                  ; 4.63e-10 s                  ; Yes                        ; Yes                        ; 2.32 V                      ; 5.91e-08 V                  ; 2.35 V             ; -0.0136 V          ; 0.17 V                              ; 0.118 V                             ; 4.69e-10 s                 ; 4.63e-10 s                 ; Yes                       ; Yes                       ;
; out[171]    ; 2.5 V        ; 0 s                 ; 0 s                 ; 2.32 V                       ; 6.72e-08 V                   ; 2.4 V               ; -0.041 V            ; 0.19 V                               ; 0.126 V                              ; 4.59e-10 s                  ; 4.54e-10 s                  ; No                         ; Yes                        ; 2.32 V                      ; 6.72e-08 V                  ; 2.4 V              ; -0.041 V           ; 0.19 V                              ; 0.126 V                             ; 4.59e-10 s                 ; 4.54e-10 s                 ; No                        ; Yes                       ;
; out[172]    ; 2.5 V        ; 0 s                 ; 0 s                 ; 2.32 V                       ; 5.91e-08 V                   ; 2.35 V              ; -0.0136 V           ; 0.17 V                               ; 0.118 V                              ; 4.69e-10 s                  ; 4.63e-10 s                  ; Yes                        ; Yes                        ; 2.32 V                      ; 5.91e-08 V                  ; 2.35 V             ; -0.0136 V          ; 0.17 V                              ; 0.118 V                             ; 4.69e-10 s                 ; 4.63e-10 s                 ; Yes                       ; Yes                       ;
; out[173]    ; 2.5 V        ; 0 s                 ; 0 s                 ; 2.32 V                       ; 6.72e-08 V                   ; 2.4 V               ; -0.041 V            ; 0.19 V                               ; 0.126 V                              ; 4.59e-10 s                  ; 4.54e-10 s                  ; No                         ; Yes                        ; 2.32 V                      ; 6.72e-08 V                  ; 2.4 V              ; -0.041 V           ; 0.19 V                              ; 0.126 V                             ; 4.59e-10 s                 ; 4.54e-10 s                 ; No                        ; Yes                       ;
; out[174]    ; 2.5 V        ; 0 s                 ; 0 s                 ; 2.32 V                       ; 5.91e-08 V                   ; 2.35 V              ; -0.0136 V           ; 0.17 V                               ; 0.118 V                              ; 4.69e-10 s                  ; 4.63e-10 s                  ; Yes                        ; Yes                        ; 2.32 V                      ; 5.91e-08 V                  ; 2.35 V             ; -0.0136 V          ; 0.17 V                              ; 0.118 V                             ; 4.69e-10 s                 ; 4.63e-10 s                 ; Yes                       ; Yes                       ;
; out[175]    ; 2.5 V        ; 0 s                 ; 0 s                 ; 2.32 V                       ; 6.72e-08 V                   ; 2.4 V               ; -0.041 V            ; 0.19 V                               ; 0.126 V                              ; 4.59e-10 s                  ; 4.54e-10 s                  ; No                         ; Yes                        ; 2.32 V                      ; 6.72e-08 V                  ; 2.4 V              ; -0.041 V           ; 0.19 V                              ; 0.126 V                             ; 4.59e-10 s                 ; 4.54e-10 s                 ; No                        ; Yes                       ;
; out[176]    ; 2.5 V        ; 0 s                 ; 0 s                 ; 2.32 V                       ; 6.72e-08 V                   ; 2.4 V               ; -0.041 V            ; 0.19 V                               ; 0.126 V                              ; 4.59e-10 s                  ; 4.54e-10 s                  ; No                         ; Yes                        ; 2.32 V                      ; 6.72e-08 V                  ; 2.4 V              ; -0.041 V           ; 0.19 V                              ; 0.126 V                             ; 4.59e-10 s                 ; 4.54e-10 s                 ; No                        ; Yes                       ;
; out[177]    ; 2.5 V        ; 0 s                 ; 0 s                 ; 2.32 V                       ; 6.72e-08 V                   ; 2.4 V               ; -0.0409 V           ; 0.192 V                              ; 0.125 V                              ; 4.59e-10 s                  ; 4.54e-10 s                  ; No                         ; Yes                        ; 2.32 V                      ; 6.72e-08 V                  ; 2.4 V              ; -0.0409 V          ; 0.192 V                             ; 0.125 V                             ; 4.59e-10 s                 ; 4.54e-10 s                 ; No                        ; Yes                       ;
; out[178]    ; 2.5 V        ; 0 s                 ; 0 s                 ; 2.32 V                       ; 6.72e-08 V                   ; 2.4 V               ; -0.0409 V           ; 0.192 V                              ; 0.125 V                              ; 4.59e-10 s                  ; 4.54e-10 s                  ; No                         ; Yes                        ; 2.32 V                      ; 6.72e-08 V                  ; 2.4 V              ; -0.0409 V          ; 0.192 V                             ; 0.125 V                             ; 4.59e-10 s                 ; 4.54e-10 s                 ; No                        ; Yes                       ;
; out[179]    ; 2.5 V        ; 0 s                 ; 0 s                 ; 2.32 V                       ; 6.72e-08 V                   ; 2.4 V               ; -0.041 V            ; 0.19 V                               ; 0.126 V                              ; 4.59e-10 s                  ; 4.54e-10 s                  ; No                         ; Yes                        ; 2.32 V                      ; 6.72e-08 V                  ; 2.4 V              ; -0.041 V           ; 0.19 V                              ; 0.126 V                             ; 4.59e-10 s                 ; 4.54e-10 s                 ; No                        ; Yes                       ;
; out[180]    ; 2.5 V        ; 0 s                 ; 0 s                 ; 2.32 V                       ; 5.91e-08 V                   ; 2.35 V              ; -0.0136 V           ; 0.17 V                               ; 0.118 V                              ; 4.69e-10 s                  ; 4.63e-10 s                  ; Yes                        ; Yes                        ; 2.32 V                      ; 5.91e-08 V                  ; 2.35 V             ; -0.0136 V          ; 0.17 V                              ; 0.118 V                             ; 4.69e-10 s                 ; 4.63e-10 s                 ; Yes                       ; Yes                       ;
; out[181]    ; 2.5 V        ; 0 s                 ; 0 s                 ; 2.32 V                       ; 5.91e-08 V                   ; 2.35 V              ; -0.0136 V           ; 0.17 V                               ; 0.118 V                              ; 4.69e-10 s                  ; 4.63e-10 s                  ; Yes                        ; Yes                        ; 2.32 V                      ; 5.91e-08 V                  ; 2.35 V             ; -0.0136 V          ; 0.17 V                              ; 0.118 V                             ; 4.69e-10 s                 ; 4.63e-10 s                 ; Yes                       ; Yes                       ;
; out[182]    ; 2.5 V        ; 0 s                 ; 0 s                 ; 2.32 V                       ; 6.72e-08 V                   ; 2.4 V               ; -0.041 V            ; 0.19 V                               ; 0.126 V                              ; 4.59e-10 s                  ; 4.54e-10 s                  ; No                         ; Yes                        ; 2.32 V                      ; 6.72e-08 V                  ; 2.4 V              ; -0.041 V           ; 0.19 V                              ; 0.126 V                             ; 4.59e-10 s                 ; 4.54e-10 s                 ; No                        ; Yes                       ;
; out[183]    ; 2.5 V        ; 0 s                 ; 0 s                 ; 2.32 V                       ; 6.72e-08 V                   ; 2.4 V               ; -0.0409 V           ; 0.192 V                              ; 0.125 V                              ; 4.59e-10 s                  ; 4.54e-10 s                  ; No                         ; Yes                        ; 2.32 V                      ; 6.72e-08 V                  ; 2.4 V              ; -0.0409 V          ; 0.192 V                             ; 0.125 V                             ; 4.59e-10 s                 ; 4.54e-10 s                 ; No                        ; Yes                       ;
; out[184]    ; 2.5 V        ; 0 s                 ; 0 s                 ; 2.32 V                       ; 6.86e-08 V                   ; 2.4 V               ; -0.0326 V           ; 0.227 V                              ; 0.16 V                               ; 4.73e-10 s                  ; 4.78e-10 s                  ; No                         ; Yes                        ; 2.32 V                      ; 6.86e-08 V                  ; 2.4 V              ; -0.0326 V          ; 0.227 V                             ; 0.16 V                              ; 4.73e-10 s                 ; 4.78e-10 s                 ; No                        ; Yes                       ;
; out[185]    ; 2.5 V        ; 0 s                 ; 0 s                 ; 2.32 V                       ; 6.86e-08 V                   ; 2.4 V               ; -0.0326 V           ; 0.227 V                              ; 0.16 V                               ; 4.73e-10 s                  ; 4.78e-10 s                  ; No                         ; Yes                        ; 2.32 V                      ; 6.86e-08 V                  ; 2.4 V              ; -0.0326 V          ; 0.227 V                             ; 0.16 V                              ; 4.73e-10 s                 ; 4.78e-10 s                 ; No                        ; Yes                       ;
; out[186]    ; 2.5 V        ; 0 s                 ; 0 s                 ; 2.32 V                       ; 6.86e-08 V                   ; 2.4 V               ; -0.0326 V           ; 0.227 V                              ; 0.16 V                               ; 4.73e-10 s                  ; 4.78e-10 s                  ; No                         ; Yes                        ; 2.32 V                      ; 6.86e-08 V                  ; 2.4 V              ; -0.0326 V          ; 0.227 V                             ; 0.16 V                              ; 4.73e-10 s                 ; 4.78e-10 s                 ; No                        ; Yes                       ;
; out[187]    ; 2.5 V        ; 0 s                 ; 0 s                 ; 2.32 V                       ; 6.72e-08 V                   ; 2.4 V               ; -0.041 V            ; 0.19 V                               ; 0.126 V                              ; 4.59e-10 s                  ; 4.54e-10 s                  ; No                         ; Yes                        ; 2.32 V                      ; 6.72e-08 V                  ; 2.4 V              ; -0.041 V           ; 0.19 V                              ; 0.126 V                             ; 4.59e-10 s                 ; 4.54e-10 s                 ; No                        ; Yes                       ;
; out[188]    ; 2.5 V        ; 0 s                 ; 0 s                 ; 2.32 V                       ; 6.72e-08 V                   ; 2.4 V               ; -0.041 V            ; 0.19 V                               ; 0.126 V                              ; 4.59e-10 s                  ; 4.54e-10 s                  ; No                         ; Yes                        ; 2.32 V                      ; 6.72e-08 V                  ; 2.4 V              ; -0.041 V           ; 0.19 V                              ; 0.126 V                             ; 4.59e-10 s                 ; 4.54e-10 s                 ; No                        ; Yes                       ;
; out[189]    ; 2.5 V        ; 0 s                 ; 0 s                 ; 2.32 V                       ; 6.86e-08 V                   ; 2.4 V               ; -0.0326 V           ; 0.227 V                              ; 0.16 V                               ; 4.73e-10 s                  ; 4.78e-10 s                  ; No                         ; Yes                        ; 2.32 V                      ; 6.86e-08 V                  ; 2.4 V              ; -0.0326 V          ; 0.227 V                             ; 0.16 V                              ; 4.73e-10 s                 ; 4.78e-10 s                 ; No                        ; Yes                       ;
; out[190]    ; 2.5 V        ; 0 s                 ; 0 s                 ; 2.32 V                       ; 5.91e-08 V                   ; 2.35 V              ; -0.0136 V           ; 0.17 V                               ; 0.118 V                              ; 4.69e-10 s                  ; 4.63e-10 s                  ; Yes                        ; Yes                        ; 2.32 V                      ; 5.91e-08 V                  ; 2.35 V             ; -0.0136 V          ; 0.17 V                              ; 0.118 V                             ; 4.69e-10 s                 ; 4.63e-10 s                 ; Yes                       ; Yes                       ;
; out[191]    ; 2.5 V        ; 0 s                 ; 0 s                 ; 2.32 V                       ; 6.72e-08 V                   ; 2.4 V               ; -0.0409 V           ; 0.192 V                              ; 0.125 V                              ; 4.59e-10 s                  ; 4.54e-10 s                  ; No                         ; Yes                        ; 2.32 V                      ; 6.72e-08 V                  ; 2.4 V              ; -0.0409 V          ; 0.192 V                             ; 0.125 V                             ; 4.59e-10 s                 ; 4.54e-10 s                 ; No                        ; Yes                       ;
; out[192]    ; 2.5 V        ; 0 s                 ; 0 s                 ; 2.32 V                       ; 6.72e-08 V                   ; 2.4 V               ; -0.0409 V           ; 0.192 V                              ; 0.125 V                              ; 4.59e-10 s                  ; 4.54e-10 s                  ; No                         ; Yes                        ; 2.32 V                      ; 6.72e-08 V                  ; 2.4 V              ; -0.0409 V          ; 0.192 V                             ; 0.125 V                             ; 4.59e-10 s                 ; 4.54e-10 s                 ; No                        ; Yes                       ;
; out[193]    ; 2.5 V        ; 0 s                 ; 0 s                 ; 2.32 V                       ; 6.72e-08 V                   ; 2.4 V               ; -0.0409 V           ; 0.192 V                              ; 0.125 V                              ; 4.59e-10 s                  ; 4.54e-10 s                  ; No                         ; Yes                        ; 2.32 V                      ; 6.72e-08 V                  ; 2.4 V              ; -0.0409 V          ; 0.192 V                             ; 0.125 V                             ; 4.59e-10 s                 ; 4.54e-10 s                 ; No                        ; Yes                       ;
; out[194]    ; 2.5 V        ; 0 s                 ; 0 s                 ; 2.32 V                       ; 6.72e-08 V                   ; 2.4 V               ; -0.041 V            ; 0.19 V                               ; 0.126 V                              ; 4.59e-10 s                  ; 4.54e-10 s                  ; No                         ; Yes                        ; 2.32 V                      ; 6.72e-08 V                  ; 2.4 V              ; -0.041 V           ; 0.19 V                              ; 0.126 V                             ; 4.59e-10 s                 ; 4.54e-10 s                 ; No                        ; Yes                       ;
; out[195]    ; 2.5 V        ; 0 s                 ; 0 s                 ; 2.32 V                       ; 5.91e-08 V                   ; 2.35 V              ; -0.0136 V           ; 0.17 V                               ; 0.118 V                              ; 4.69e-10 s                  ; 4.63e-10 s                  ; Yes                        ; Yes                        ; 2.32 V                      ; 5.91e-08 V                  ; 2.35 V             ; -0.0136 V          ; 0.17 V                              ; 0.118 V                             ; 4.69e-10 s                 ; 4.63e-10 s                 ; Yes                       ; Yes                       ;
; out[196]    ; 2.5 V        ; 0 s                 ; 0 s                 ; 2.32 V                       ; 6.86e-08 V                   ; 2.4 V               ; -0.0326 V           ; 0.227 V                              ; 0.16 V                               ; 4.73e-10 s                  ; 4.78e-10 s                  ; No                         ; Yes                        ; 2.32 V                      ; 6.86e-08 V                  ; 2.4 V              ; -0.0326 V          ; 0.227 V                             ; 0.16 V                              ; 4.73e-10 s                 ; 4.78e-10 s                 ; No                        ; Yes                       ;
; out[197]    ; 2.5 V        ; 0 s                 ; 0 s                 ; 2.32 V                       ; 5.91e-08 V                   ; 2.35 V              ; -0.0136 V           ; 0.17 V                               ; 0.118 V                              ; 4.69e-10 s                  ; 4.63e-10 s                  ; Yes                        ; Yes                        ; 2.32 V                      ; 5.91e-08 V                  ; 2.35 V             ; -0.0136 V          ; 0.17 V                              ; 0.118 V                             ; 4.69e-10 s                 ; 4.63e-10 s                 ; Yes                       ; Yes                       ;
; out[198]    ; 2.5 V        ; 0 s                 ; 0 s                 ; 2.32 V                       ; 6.72e-08 V                   ; 2.4 V               ; -0.0409 V           ; 0.192 V                              ; 0.125 V                              ; 4.59e-10 s                  ; 4.54e-10 s                  ; No                         ; Yes                        ; 2.32 V                      ; 6.72e-08 V                  ; 2.4 V              ; -0.0409 V          ; 0.192 V                             ; 0.125 V                             ; 4.59e-10 s                 ; 4.54e-10 s                 ; No                        ; Yes                       ;
; out[199]    ; 2.5 V        ; 0 s                 ; 0 s                 ; 2.32 V                       ; 5.91e-08 V                   ; 2.35 V              ; -0.0136 V           ; 0.17 V                               ; 0.118 V                              ; 4.69e-10 s                  ; 4.63e-10 s                  ; Yes                        ; Yes                        ; 2.32 V                      ; 5.91e-08 V                  ; 2.35 V             ; -0.0136 V          ; 0.17 V                              ; 0.118 V                             ; 4.69e-10 s                 ; 4.63e-10 s                 ; Yes                       ; Yes                       ;
; out[200]    ; 2.5 V        ; 0 s                 ; 0 s                 ; 2.32 V                       ; 6.86e-08 V                   ; 2.4 V               ; -0.0326 V           ; 0.227 V                              ; 0.16 V                               ; 4.73e-10 s                  ; 4.78e-10 s                  ; No                         ; Yes                        ; 2.32 V                      ; 6.86e-08 V                  ; 2.4 V              ; -0.0326 V          ; 0.227 V                             ; 0.16 V                              ; 4.73e-10 s                 ; 4.78e-10 s                 ; No                        ; Yes                       ;
; out[201]    ; 2.5 V        ; 0 s                 ; 0 s                 ; 2.32 V                       ; 6.72e-08 V                   ; 2.4 V               ; -0.0409 V           ; 0.192 V                              ; 0.125 V                              ; 4.59e-10 s                  ; 4.54e-10 s                  ; No                         ; Yes                        ; 2.32 V                      ; 6.72e-08 V                  ; 2.4 V              ; -0.0409 V          ; 0.192 V                             ; 0.125 V                             ; 4.59e-10 s                 ; 4.54e-10 s                 ; No                        ; Yes                       ;
; out[202]    ; 2.5 V        ; 0 s                 ; 0 s                 ; 2.32 V                       ; 6.86e-08 V                   ; 2.4 V               ; -0.0326 V           ; 0.227 V                              ; 0.16 V                               ; 4.73e-10 s                  ; 4.78e-10 s                  ; No                         ; Yes                        ; 2.32 V                      ; 6.86e-08 V                  ; 2.4 V              ; -0.0326 V          ; 0.227 V                             ; 0.16 V                              ; 4.73e-10 s                 ; 4.78e-10 s                 ; No                        ; Yes                       ;
; out[203]    ; 2.5 V        ; 0 s                 ; 0 s                 ; 2.32 V                       ; 6.72e-08 V                   ; 2.4 V               ; -0.0409 V           ; 0.192 V                              ; 0.125 V                              ; 4.59e-10 s                  ; 4.54e-10 s                  ; No                         ; Yes                        ; 2.32 V                      ; 6.72e-08 V                  ; 2.4 V              ; -0.0409 V          ; 0.192 V                             ; 0.125 V                             ; 4.59e-10 s                 ; 4.54e-10 s                 ; No                        ; Yes                       ;
; out[204]    ; 2.5 V        ; 0 s                 ; 0 s                 ; 2.32 V                       ; 6.86e-08 V                   ; 2.4 V               ; -0.0326 V           ; 0.227 V                              ; 0.16 V                               ; 4.73e-10 s                  ; 4.78e-10 s                  ; No                         ; Yes                        ; 2.32 V                      ; 6.86e-08 V                  ; 2.4 V              ; -0.0326 V          ; 0.227 V                             ; 0.16 V                              ; 4.73e-10 s                 ; 4.78e-10 s                 ; No                        ; Yes                       ;
; out[205]    ; 2.5 V        ; 0 s                 ; 0 s                 ; 2.32 V                       ; 6.72e-08 V                   ; 2.4 V               ; -0.0409 V           ; 0.192 V                              ; 0.125 V                              ; 4.59e-10 s                  ; 4.54e-10 s                  ; No                         ; Yes                        ; 2.32 V                      ; 6.72e-08 V                  ; 2.4 V              ; -0.0409 V          ; 0.192 V                             ; 0.125 V                             ; 4.59e-10 s                 ; 4.54e-10 s                 ; No                        ; Yes                       ;
; out[206]    ; 2.5 V        ; 0 s                 ; 0 s                 ; 2.32 V                       ; 6.72e-08 V                   ; 2.4 V               ; -0.0409 V           ; 0.192 V                              ; 0.125 V                              ; 4.59e-10 s                  ; 4.54e-10 s                  ; No                         ; Yes                        ; 2.32 V                      ; 6.72e-08 V                  ; 2.4 V              ; -0.0409 V          ; 0.192 V                             ; 0.125 V                             ; 4.59e-10 s                 ; 4.54e-10 s                 ; No                        ; Yes                       ;
; out[207]    ; 2.5 V        ; 0 s                 ; 0 s                 ; 2.32 V                       ; 5.91e-08 V                   ; 2.35 V              ; -0.0136 V           ; 0.17 V                               ; 0.118 V                              ; 4.69e-10 s                  ; 4.63e-10 s                  ; Yes                        ; Yes                        ; 2.32 V                      ; 5.91e-08 V                  ; 2.35 V             ; -0.0136 V          ; 0.17 V                              ; 0.118 V                             ; 4.69e-10 s                 ; 4.63e-10 s                 ; Yes                       ; Yes                       ;
; out[208]    ; 2.5 V        ; 0 s                 ; 0 s                 ; 2.32 V                       ; 5.91e-08 V                   ; 2.35 V              ; -0.0136 V           ; 0.17 V                               ; 0.118 V                              ; 4.69e-10 s                  ; 4.63e-10 s                  ; Yes                        ; Yes                        ; 2.32 V                      ; 5.91e-08 V                  ; 2.35 V             ; -0.0136 V          ; 0.17 V                              ; 0.118 V                             ; 4.69e-10 s                 ; 4.63e-10 s                 ; Yes                       ; Yes                       ;
; out[209]    ; 2.5 V        ; 0 s                 ; 0 s                 ; 2.32 V                       ; 6.72e-08 V                   ; 2.4 V               ; -0.0409 V           ; 0.192 V                              ; 0.125 V                              ; 4.59e-10 s                  ; 4.54e-10 s                  ; No                         ; Yes                        ; 2.32 V                      ; 6.72e-08 V                  ; 2.4 V              ; -0.0409 V          ; 0.192 V                             ; 0.125 V                             ; 4.59e-10 s                 ; 4.54e-10 s                 ; No                        ; Yes                       ;
; out[210]    ; 2.5 V        ; 0 s                 ; 0 s                 ; 2.32 V                       ; 5.91e-08 V                   ; 2.35 V              ; -0.0136 V           ; 0.17 V                               ; 0.118 V                              ; 4.69e-10 s                  ; 4.63e-10 s                  ; Yes                        ; Yes                        ; 2.32 V                      ; 5.91e-08 V                  ; 2.35 V             ; -0.0136 V          ; 0.17 V                              ; 0.118 V                             ; 4.69e-10 s                 ; 4.63e-10 s                 ; Yes                       ; Yes                       ;
; out[211]    ; 2.5 V        ; 0 s                 ; 0 s                 ; 2.32 V                       ; 6.86e-08 V                   ; 2.4 V               ; -0.0326 V           ; 0.227 V                              ; 0.16 V                               ; 4.73e-10 s                  ; 4.78e-10 s                  ; No                         ; Yes                        ; 2.32 V                      ; 6.86e-08 V                  ; 2.4 V              ; -0.0326 V          ; 0.227 V                             ; 0.16 V                              ; 4.73e-10 s                 ; 4.78e-10 s                 ; No                        ; Yes                       ;
; out[212]    ; 2.5 V        ; 0 s                 ; 0 s                 ; 2.32 V                       ; 5.91e-08 V                   ; 2.35 V              ; -0.0136 V           ; 0.17 V                               ; 0.118 V                              ; 4.69e-10 s                  ; 4.63e-10 s                  ; Yes                        ; Yes                        ; 2.32 V                      ; 5.91e-08 V                  ; 2.35 V             ; -0.0136 V          ; 0.17 V                              ; 0.118 V                             ; 4.69e-10 s                 ; 4.63e-10 s                 ; Yes                       ; Yes                       ;
; out[213]    ; 2.5 V        ; 0 s                 ; 0 s                 ; 2.32 V                       ; 6.86e-08 V                   ; 2.4 V               ; -0.0326 V           ; 0.227 V                              ; 0.16 V                               ; 4.73e-10 s                  ; 4.78e-10 s                  ; No                         ; Yes                        ; 2.32 V                      ; 6.86e-08 V                  ; 2.4 V              ; -0.0326 V          ; 0.227 V                             ; 0.16 V                              ; 4.73e-10 s                 ; 4.78e-10 s                 ; No                        ; Yes                       ;
; out[214]    ; 2.5 V        ; 0 s                 ; 0 s                 ; 2.32 V                       ; 6.72e-08 V                   ; 2.4 V               ; -0.041 V            ; 0.19 V                               ; 0.126 V                              ; 4.59e-10 s                  ; 4.54e-10 s                  ; No                         ; Yes                        ; 2.32 V                      ; 6.72e-08 V                  ; 2.4 V              ; -0.041 V           ; 0.19 V                              ; 0.126 V                             ; 4.59e-10 s                 ; 4.54e-10 s                 ; No                        ; Yes                       ;
; out[215]    ; 2.5 V        ; 0 s                 ; 0 s                 ; 2.32 V                       ; 6.86e-08 V                   ; 2.4 V               ; -0.0326 V           ; 0.227 V                              ; 0.16 V                               ; 4.73e-10 s                  ; 4.78e-10 s                  ; No                         ; Yes                        ; 2.32 V                      ; 6.86e-08 V                  ; 2.4 V              ; -0.0326 V          ; 0.227 V                             ; 0.16 V                              ; 4.73e-10 s                 ; 4.78e-10 s                 ; No                        ; Yes                       ;
; out[216]    ; 2.5 V        ; 0 s                 ; 0 s                 ; 2.32 V                       ; 6.86e-08 V                   ; 2.4 V               ; -0.0326 V           ; 0.227 V                              ; 0.16 V                               ; 4.73e-10 s                  ; 4.78e-10 s                  ; No                         ; Yes                        ; 2.32 V                      ; 6.86e-08 V                  ; 2.4 V              ; -0.0326 V          ; 0.227 V                             ; 0.16 V                              ; 4.73e-10 s                 ; 4.78e-10 s                 ; No                        ; Yes                       ;
; out[217]    ; 2.5 V        ; 0 s                 ; 0 s                 ; 2.32 V                       ; 6.72e-08 V                   ; 2.4 V               ; -0.041 V            ; 0.19 V                               ; 0.126 V                              ; 4.59e-10 s                  ; 4.54e-10 s                  ; No                         ; Yes                        ; 2.32 V                      ; 6.72e-08 V                  ; 2.4 V              ; -0.041 V           ; 0.19 V                              ; 0.126 V                             ; 4.59e-10 s                 ; 4.54e-10 s                 ; No                        ; Yes                       ;
; out[218]    ; 2.5 V        ; 0 s                 ; 0 s                 ; 2.32 V                       ; 6.72e-08 V                   ; 2.4 V               ; -0.041 V            ; 0.19 V                               ; 0.126 V                              ; 4.59e-10 s                  ; 4.54e-10 s                  ; No                         ; Yes                        ; 2.32 V                      ; 6.72e-08 V                  ; 2.4 V              ; -0.041 V           ; 0.19 V                              ; 0.126 V                             ; 4.59e-10 s                 ; 4.54e-10 s                 ; No                        ; Yes                       ;
; out[219]    ; 2.5 V        ; 0 s                 ; 0 s                 ; 2.32 V                       ; 6.72e-08 V                   ; 2.4 V               ; -0.0409 V           ; 0.192 V                              ; 0.125 V                              ; 4.59e-10 s                  ; 4.54e-10 s                  ; No                         ; Yes                        ; 2.32 V                      ; 6.72e-08 V                  ; 2.4 V              ; -0.0409 V          ; 0.192 V                             ; 0.125 V                             ; 4.59e-10 s                 ; 4.54e-10 s                 ; No                        ; Yes                       ;
; out[220]    ; 2.5 V        ; 0 s                 ; 0 s                 ; 2.32 V                       ; 6.72e-08 V                   ; 2.4 V               ; -0.041 V            ; 0.19 V                               ; 0.126 V                              ; 4.59e-10 s                  ; 4.54e-10 s                  ; No                         ; Yes                        ; 2.32 V                      ; 6.72e-08 V                  ; 2.4 V              ; -0.041 V           ; 0.19 V                              ; 0.126 V                             ; 4.59e-10 s                 ; 4.54e-10 s                 ; No                        ; Yes                       ;
; out[221]    ; 2.5 V        ; 0 s                 ; 0 s                 ; 2.32 V                       ; 6.86e-08 V                   ; 2.4 V               ; -0.0326 V           ; 0.227 V                              ; 0.16 V                               ; 4.73e-10 s                  ; 4.78e-10 s                  ; No                         ; Yes                        ; 2.32 V                      ; 6.86e-08 V                  ; 2.4 V              ; -0.0326 V          ; 0.227 V                             ; 0.16 V                              ; 4.73e-10 s                 ; 4.78e-10 s                 ; No                        ; Yes                       ;
; out[222]    ; 2.5 V        ; 0 s                 ; 0 s                 ; 2.32 V                       ; 6.72e-08 V                   ; 2.4 V               ; -0.041 V            ; 0.19 V                               ; 0.126 V                              ; 4.59e-10 s                  ; 4.54e-10 s                  ; No                         ; Yes                        ; 2.32 V                      ; 6.72e-08 V                  ; 2.4 V              ; -0.041 V           ; 0.19 V                              ; 0.126 V                             ; 4.59e-10 s                 ; 4.54e-10 s                 ; No                        ; Yes                       ;
; out[223]    ; 2.5 V        ; 0 s                 ; 0 s                 ; 2.32 V                       ; 5.91e-08 V                   ; 2.35 V              ; -0.0136 V           ; 0.17 V                               ; 0.118 V                              ; 4.69e-10 s                  ; 4.63e-10 s                  ; Yes                        ; Yes                        ; 2.32 V                      ; 5.91e-08 V                  ; 2.35 V             ; -0.0136 V          ; 0.17 V                              ; 0.118 V                             ; 4.69e-10 s                 ; 4.63e-10 s                 ; Yes                       ; Yes                       ;
; out[224]    ; 2.5 V        ; 0 s                 ; 0 s                 ; 2.32 V                       ; 6.72e-08 V                   ; 2.4 V               ; -0.0409 V           ; 0.192 V                              ; 0.125 V                              ; 4.59e-10 s                  ; 4.54e-10 s                  ; No                         ; Yes                        ; 2.32 V                      ; 6.72e-08 V                  ; 2.4 V              ; -0.0409 V          ; 0.192 V                             ; 0.125 V                             ; 4.59e-10 s                 ; 4.54e-10 s                 ; No                        ; Yes                       ;
; out[225]    ; 2.5 V        ; 0 s                 ; 0 s                 ; 2.32 V                       ; 5.91e-08 V                   ; 2.35 V              ; -0.0136 V           ; 0.17 V                               ; 0.118 V                              ; 4.69e-10 s                  ; 4.63e-10 s                  ; Yes                        ; Yes                        ; 2.32 V                      ; 5.91e-08 V                  ; 2.35 V             ; -0.0136 V          ; 0.17 V                              ; 0.118 V                             ; 4.69e-10 s                 ; 4.63e-10 s                 ; Yes                       ; Yes                       ;
; out[226]    ; 2.5 V        ; 0 s                 ; 0 s                 ; 2.32 V                       ; 6.86e-08 V                   ; 2.4 V               ; -0.0326 V           ; 0.227 V                              ; 0.16 V                               ; 4.73e-10 s                  ; 4.78e-10 s                  ; No                         ; Yes                        ; 2.32 V                      ; 6.86e-08 V                  ; 2.4 V              ; -0.0326 V          ; 0.227 V                             ; 0.16 V                              ; 4.73e-10 s                 ; 4.78e-10 s                 ; No                        ; Yes                       ;
; out[227]    ; 2.5 V        ; 0 s                 ; 0 s                 ; 2.32 V                       ; 6.86e-08 V                   ; 2.4 V               ; -0.0326 V           ; 0.227 V                              ; 0.16 V                               ; 4.73e-10 s                  ; 4.78e-10 s                  ; No                         ; Yes                        ; 2.32 V                      ; 6.86e-08 V                  ; 2.4 V              ; -0.0326 V          ; 0.227 V                             ; 0.16 V                              ; 4.73e-10 s                 ; 4.78e-10 s                 ; No                        ; Yes                       ;
; out[228]    ; 2.5 V        ; 0 s                 ; 0 s                 ; 2.32 V                       ; 5.91e-08 V                   ; 2.35 V              ; -0.0136 V           ; 0.17 V                               ; 0.118 V                              ; 4.69e-10 s                  ; 4.63e-10 s                  ; Yes                        ; Yes                        ; 2.32 V                      ; 5.91e-08 V                  ; 2.35 V             ; -0.0136 V          ; 0.17 V                              ; 0.118 V                             ; 4.69e-10 s                 ; 4.63e-10 s                 ; Yes                       ; Yes                       ;
; out[229]    ; 2.5 V        ; 0 s                 ; 0 s                 ; 2.32 V                       ; 6.72e-08 V                   ; 2.4 V               ; -0.0409 V           ; 0.192 V                              ; 0.125 V                              ; 4.59e-10 s                  ; 4.54e-10 s                  ; No                         ; Yes                        ; 2.32 V                      ; 6.72e-08 V                  ; 2.4 V              ; -0.0409 V          ; 0.192 V                             ; 0.125 V                             ; 4.59e-10 s                 ; 4.54e-10 s                 ; No                        ; Yes                       ;
; out[230]    ; 2.5 V        ; 0 s                 ; 0 s                 ; 2.32 V                       ; 6.86e-08 V                   ; 2.4 V               ; -0.0326 V           ; 0.227 V                              ; 0.16 V                               ; 4.73e-10 s                  ; 4.78e-10 s                  ; No                         ; Yes                        ; 2.32 V                      ; 6.86e-08 V                  ; 2.4 V              ; -0.0326 V          ; 0.227 V                             ; 0.16 V                              ; 4.73e-10 s                 ; 4.78e-10 s                 ; No                        ; Yes                       ;
; out[231]    ; 2.5 V        ; 0 s                 ; 0 s                 ; 2.32 V                       ; 6.86e-08 V                   ; 2.4 V               ; -0.0326 V           ; 0.227 V                              ; 0.16 V                               ; 4.73e-10 s                  ; 4.78e-10 s                  ; No                         ; Yes                        ; 2.32 V                      ; 6.86e-08 V                  ; 2.4 V              ; -0.0326 V          ; 0.227 V                             ; 0.16 V                              ; 4.73e-10 s                 ; 4.78e-10 s                 ; No                        ; Yes                       ;
; out[232]    ; 2.5 V        ; 0 s                 ; 0 s                 ; 2.32 V                       ; 5.91e-08 V                   ; 2.35 V              ; -0.0136 V           ; 0.17 V                               ; 0.118 V                              ; 4.69e-10 s                  ; 4.63e-10 s                  ; Yes                        ; Yes                        ; 2.32 V                      ; 5.91e-08 V                  ; 2.35 V             ; -0.0136 V          ; 0.17 V                              ; 0.118 V                             ; 4.69e-10 s                 ; 4.63e-10 s                 ; Yes                       ; Yes                       ;
; out[233]    ; 2.5 V        ; 0 s                 ; 0 s                 ; 2.32 V                       ; 6.72e-08 V                   ; 2.4 V               ; -0.041 V            ; 0.19 V                               ; 0.126 V                              ; 4.59e-10 s                  ; 4.54e-10 s                  ; No                         ; Yes                        ; 2.32 V                      ; 6.72e-08 V                  ; 2.4 V              ; -0.041 V           ; 0.19 V                              ; 0.126 V                             ; 4.59e-10 s                 ; 4.54e-10 s                 ; No                        ; Yes                       ;
; out[234]    ; 2.5 V        ; 0 s                 ; 0 s                 ; 2.32 V                       ; 5.91e-08 V                   ; 2.35 V              ; -0.0136 V           ; 0.17 V                               ; 0.118 V                              ; 4.69e-10 s                  ; 4.63e-10 s                  ; Yes                        ; Yes                        ; 2.32 V                      ; 5.91e-08 V                  ; 2.35 V             ; -0.0136 V          ; 0.17 V                              ; 0.118 V                             ; 4.69e-10 s                 ; 4.63e-10 s                 ; Yes                       ; Yes                       ;
; out[235]    ; 2.5 V        ; 0 s                 ; 0 s                 ; 2.32 V                       ; 6.72e-08 V                   ; 2.4 V               ; -0.0409 V           ; 0.192 V                              ; 0.125 V                              ; 4.59e-10 s                  ; 4.54e-10 s                  ; No                         ; Yes                        ; 2.32 V                      ; 6.72e-08 V                  ; 2.4 V              ; -0.0409 V          ; 0.192 V                             ; 0.125 V                             ; 4.59e-10 s                 ; 4.54e-10 s                 ; No                        ; Yes                       ;
; out[236]    ; 2.5 V        ; 0 s                 ; 0 s                 ; 2.32 V                       ; 5.91e-08 V                   ; 2.35 V              ; -0.0136 V           ; 0.17 V                               ; 0.118 V                              ; 4.69e-10 s                  ; 4.63e-10 s                  ; Yes                        ; Yes                        ; 2.32 V                      ; 5.91e-08 V                  ; 2.35 V             ; -0.0136 V          ; 0.17 V                              ; 0.118 V                             ; 4.69e-10 s                 ; 4.63e-10 s                 ; Yes                       ; Yes                       ;
; out[237]    ; 2.5 V        ; 0 s                 ; 0 s                 ; 2.32 V                       ; 6.72e-08 V                   ; 2.4 V               ; -0.041 V            ; 0.19 V                               ; 0.126 V                              ; 4.59e-10 s                  ; 4.54e-10 s                  ; No                         ; Yes                        ; 2.32 V                      ; 6.72e-08 V                  ; 2.4 V              ; -0.041 V           ; 0.19 V                              ; 0.126 V                             ; 4.59e-10 s                 ; 4.54e-10 s                 ; No                        ; Yes                       ;
; out[238]    ; 2.5 V        ; 0 s                 ; 0 s                 ; 2.32 V                       ; 6.72e-08 V                   ; 2.4 V               ; -0.0409 V           ; 0.192 V                              ; 0.125 V                              ; 4.59e-10 s                  ; 4.54e-10 s                  ; No                         ; Yes                        ; 2.32 V                      ; 6.72e-08 V                  ; 2.4 V              ; -0.0409 V          ; 0.192 V                             ; 0.125 V                             ; 4.59e-10 s                 ; 4.54e-10 s                 ; No                        ; Yes                       ;
; out[239]    ; 2.5 V        ; 0 s                 ; 0 s                 ; 2.32 V                       ; 6.72e-08 V                   ; 2.4 V               ; -0.041 V            ; 0.19 V                               ; 0.126 V                              ; 4.59e-10 s                  ; 4.54e-10 s                  ; No                         ; Yes                        ; 2.32 V                      ; 6.72e-08 V                  ; 2.4 V              ; -0.041 V           ; 0.19 V                              ; 0.126 V                             ; 4.59e-10 s                 ; 4.54e-10 s                 ; No                        ; Yes                       ;
; out[240]    ; 2.5 V        ; 0 s                 ; 0 s                 ; 2.32 V                       ; 6.72e-08 V                   ; 2.4 V               ; -0.041 V            ; 0.19 V                               ; 0.126 V                              ; 4.59e-10 s                  ; 4.54e-10 s                  ; No                         ; Yes                        ; 2.32 V                      ; 6.72e-08 V                  ; 2.4 V              ; -0.041 V           ; 0.19 V                              ; 0.126 V                             ; 4.59e-10 s                 ; 4.54e-10 s                 ; No                        ; Yes                       ;
; out[241]    ; 2.5 V        ; 0 s                 ; 0 s                 ; 2.32 V                       ; 6.86e-08 V                   ; 2.4 V               ; -0.0326 V           ; 0.227 V                              ; 0.16 V                               ; 4.73e-10 s                  ; 4.78e-10 s                  ; No                         ; Yes                        ; 2.32 V                      ; 6.86e-08 V                  ; 2.4 V              ; -0.0326 V          ; 0.227 V                             ; 0.16 V                              ; 4.73e-10 s                 ; 4.78e-10 s                 ; No                        ; Yes                       ;
; out[242]    ; 2.5 V        ; 0 s                 ; 0 s                 ; 2.32 V                       ; 6.72e-08 V                   ; 2.4 V               ; -0.041 V            ; 0.19 V                               ; 0.126 V                              ; 4.59e-10 s                  ; 4.54e-10 s                  ; No                         ; Yes                        ; 2.32 V                      ; 6.72e-08 V                  ; 2.4 V              ; -0.041 V           ; 0.19 V                              ; 0.126 V                             ; 4.59e-10 s                 ; 4.54e-10 s                 ; No                        ; Yes                       ;
; out[243]    ; 2.5 V        ; 0 s                 ; 0 s                 ; 2.32 V                       ; 6.72e-08 V                   ; 2.4 V               ; -0.0409 V           ; 0.192 V                              ; 0.125 V                              ; 4.59e-10 s                  ; 4.54e-10 s                  ; No                         ; Yes                        ; 2.32 V                      ; 6.72e-08 V                  ; 2.4 V              ; -0.0409 V          ; 0.192 V                             ; 0.125 V                             ; 4.59e-10 s                 ; 4.54e-10 s                 ; No                        ; Yes                       ;
; out[244]    ; 2.5 V        ; 0 s                 ; 0 s                 ; 2.32 V                       ; 5.91e-08 V                   ; 2.35 V              ; -0.0136 V           ; 0.17 V                               ; 0.118 V                              ; 4.69e-10 s                  ; 4.63e-10 s                  ; Yes                        ; Yes                        ; 2.32 V                      ; 5.91e-08 V                  ; 2.35 V             ; -0.0136 V          ; 0.17 V                              ; 0.118 V                             ; 4.69e-10 s                 ; 4.63e-10 s                 ; Yes                       ; Yes                       ;
; out[245]    ; 2.5 V        ; 0 s                 ; 0 s                 ; 2.32 V                       ; 6.72e-08 V                   ; 2.4 V               ; -0.041 V            ; 0.19 V                               ; 0.126 V                              ; 4.59e-10 s                  ; 4.54e-10 s                  ; No                         ; Yes                        ; 2.32 V                      ; 6.72e-08 V                  ; 2.4 V              ; -0.041 V           ; 0.19 V                              ; 0.126 V                             ; 4.59e-10 s                 ; 4.54e-10 s                 ; No                        ; Yes                       ;
; out[246]    ; 2.5 V        ; 0 s                 ; 0 s                 ; 2.32 V                       ; 5.91e-08 V                   ; 2.35 V              ; -0.0136 V           ; 0.17 V                               ; 0.118 V                              ; 4.69e-10 s                  ; 4.63e-10 s                  ; Yes                        ; Yes                        ; 2.32 V                      ; 5.91e-08 V                  ; 2.35 V             ; -0.0136 V          ; 0.17 V                              ; 0.118 V                             ; 4.69e-10 s                 ; 4.63e-10 s                 ; Yes                       ; Yes                       ;
; out[247]    ; 2.5 V        ; 0 s                 ; 0 s                 ; 2.32 V                       ; 6.86e-08 V                   ; 2.4 V               ; -0.0326 V           ; 0.227 V                              ; 0.16 V                               ; 4.73e-10 s                  ; 4.78e-10 s                  ; No                         ; Yes                        ; 2.32 V                      ; 6.86e-08 V                  ; 2.4 V              ; -0.0326 V          ; 0.227 V                             ; 0.16 V                              ; 4.73e-10 s                 ; 4.78e-10 s                 ; No                        ; Yes                       ;
; out[248]    ; 2.5 V        ; 0 s                 ; 0 s                 ; 2.32 V                       ; 6.86e-08 V                   ; 2.4 V               ; -0.0326 V           ; 0.227 V                              ; 0.16 V                               ; 4.73e-10 s                  ; 4.78e-10 s                  ; No                         ; Yes                        ; 2.32 V                      ; 6.86e-08 V                  ; 2.4 V              ; -0.0326 V          ; 0.227 V                             ; 0.16 V                              ; 4.73e-10 s                 ; 4.78e-10 s                 ; No                        ; Yes                       ;
; out[249]    ; 2.5 V        ; 0 s                 ; 0 s                 ; 2.32 V                       ; 6.72e-08 V                   ; 2.4 V               ; -0.0409 V           ; 0.192 V                              ; 0.125 V                              ; 4.59e-10 s                  ; 4.54e-10 s                  ; No                         ; Yes                        ; 2.32 V                      ; 6.72e-08 V                  ; 2.4 V              ; -0.0409 V          ; 0.192 V                             ; 0.125 V                             ; 4.59e-10 s                 ; 4.54e-10 s                 ; No                        ; Yes                       ;
; out[250]    ; 2.5 V        ; 0 s                 ; 0 s                 ; 2.32 V                       ; 6.72e-08 V                   ; 2.4 V               ; -0.041 V            ; 0.19 V                               ; 0.126 V                              ; 4.59e-10 s                  ; 4.54e-10 s                  ; No                         ; Yes                        ; 2.32 V                      ; 6.72e-08 V                  ; 2.4 V              ; -0.041 V           ; 0.19 V                              ; 0.126 V                             ; 4.59e-10 s                 ; 4.54e-10 s                 ; No                        ; Yes                       ;
; out[251]    ; 2.5 V        ; 0 s                 ; 0 s                 ; 2.32 V                       ; 5.91e-08 V                   ; 2.35 V              ; -0.0136 V           ; 0.17 V                               ; 0.118 V                              ; 4.69e-10 s                  ; 4.63e-10 s                  ; Yes                        ; Yes                        ; 2.32 V                      ; 5.91e-08 V                  ; 2.35 V             ; -0.0136 V          ; 0.17 V                              ; 0.118 V                             ; 4.69e-10 s                 ; 4.63e-10 s                 ; Yes                       ; Yes                       ;
; out[252]    ; 2.5 V        ; 0 s                 ; 0 s                 ; 2.32 V                       ; 6.72e-08 V                   ; 2.4 V               ; -0.0409 V           ; 0.192 V                              ; 0.125 V                              ; 4.59e-10 s                  ; 4.54e-10 s                  ; No                         ; Yes                        ; 2.32 V                      ; 6.72e-08 V                  ; 2.4 V              ; -0.0409 V          ; 0.192 V                             ; 0.125 V                             ; 4.59e-10 s                 ; 4.54e-10 s                 ; No                        ; Yes                       ;
; out[253]    ; 2.5 V        ; 0 s                 ; 0 s                 ; 2.32 V                       ; 6.72e-08 V                   ; 2.4 V               ; -0.041 V            ; 0.19 V                               ; 0.126 V                              ; 4.59e-10 s                  ; 4.54e-10 s                  ; No                         ; Yes                        ; 2.32 V                      ; 6.72e-08 V                  ; 2.4 V              ; -0.041 V           ; 0.19 V                              ; 0.126 V                             ; 4.59e-10 s                 ; 4.54e-10 s                 ; No                        ; Yes                       ;
; out[254]    ; 2.5 V        ; 0 s                 ; 0 s                 ; 2.32 V                       ; 6.72e-08 V                   ; 2.4 V               ; -0.041 V            ; 0.19 V                               ; 0.126 V                              ; 4.59e-10 s                  ; 4.54e-10 s                  ; No                         ; Yes                        ; 2.32 V                      ; 6.72e-08 V                  ; 2.4 V              ; -0.041 V           ; 0.19 V                              ; 0.126 V                             ; 4.59e-10 s                 ; 4.54e-10 s                 ; No                        ; Yes                       ;
+-------------+--------------+---------------------+---------------------+------------------------------+------------------------------+---------------------+---------------------+--------------------------------------+--------------------------------------+-----------------------------+-----------------------------+----------------------------+----------------------------+-----------------------------+-----------------------------+--------------------+--------------------+-------------------------------------+-------------------------------------+----------------------------+----------------------------+---------------------------+---------------------------+


+------------------------------------------------------------------------------------------------------------------------------------------------------------------------------------------------------------------------------------------------------------------------------------------------------------------------------------------------------------------------------------------------------------------------------------------------------------------------------------------------------------------------------------------------------------------------------------------------------------------------------------------------------------------------------------------+
; Signal Integrity Metrics (Slow 1100mv 85c Model)                                                                                                                                                                                                                                                                                                                                                                                                                                                                                                                                                                                                                                         ;
+-------------+--------------+---------------------+---------------------+------------------------------+------------------------------+---------------------+---------------------+--------------------------------------+--------------------------------------+-----------------------------+-----------------------------+----------------------------+----------------------------+-----------------------------+-----------------------------+--------------------+--------------------+-------------------------------------+-------------------------------------+----------------------------+----------------------------+---------------------------+---------------------------+
; Pin         ; I/O Standard ; Board Delay on Rise ; Board Delay on Fall ; Steady State Voh at FPGA Pin ; Steady State Vol at FPGA Pin ; Voh Max at FPGA Pin ; Vol Min at FPGA Pin ; Ringback Voltage on Rise at FPGA Pin ; Ringback Voltage on Fall at FPGA Pin ; 10-90 Rise Time at FPGA Pin ; 90-10 Fall Time at FPGA Pin ; Monotonic Rise at FPGA Pin ; Monotonic Fall at FPGA Pin ; Steady State Voh at Far-end ; Steady State Vol at Far-end ; Voh Max at Far-end ; Vol Min at Far-end ; Ringback Voltage on Rise at Far-end ; Ringback Voltage on Fall at Far-end ; 10-90 Rise Time at Far-end ; 90-10 Fall Time at Far-end ; Monotonic Rise at Far-end ; Monotonic Fall at Far-end ;
+-------------+--------------+---------------------+---------------------+------------------------------+------------------------------+---------------------+---------------------+--------------------------------------+--------------------------------------+-----------------------------+-----------------------------+----------------------------+----------------------------+-----------------------------+-----------------------------+--------------------+--------------------+-------------------------------------+-------------------------------------+----------------------------+----------------------------+---------------------------+---------------------------+
; out[255]    ; 2.5 V        ; 0 s                 ; 0 s                 ; 2.32 V                       ; 1.04e-05 V                   ; 2.38 V              ; -0.027 V            ; 0.226 V                              ; 0.08 V                               ; 4.84e-10 s                  ; 5.18e-10 s                  ; No                         ; Yes                        ; 2.32 V                      ; 1.04e-05 V                  ; 2.38 V             ; -0.027 V           ; 0.226 V                             ; 0.08 V                              ; 4.84e-10 s                 ; 5.18e-10 s                 ; No                        ; Yes                       ;
; out_ready   ; 2.5 V        ; 0 s                 ; 0 s                 ; 2.32 V                       ; 1.05e-05 V                   ; 2.37 V              ; -0.0225 V           ; 0.277 V                              ; 0.104 V                              ; 5.22e-10 s                  ; 6.28e-10 s                  ; No                         ; Yes                        ; 2.32 V                      ; 1.05e-05 V                  ; 2.37 V             ; -0.0225 V          ; 0.277 V                             ; 0.104 V                             ; 5.22e-10 s                 ; 6.28e-10 s                 ; No                        ; Yes                       ;
; buffer_full ; 2.5 V        ; 0 s                 ; 0 s                 ; 2.32 V                       ; 9.38e-06 V                   ; 2.34 V              ; -0.00733 V          ; 0.234 V                              ; 0.071 V                              ; 5.36e-10 s                  ; 5.75e-10 s                  ; No                         ; Yes                        ; 2.32 V                      ; 9.38e-06 V                  ; 2.34 V             ; -0.00733 V         ; 0.234 V                             ; 0.071 V                             ; 5.36e-10 s                 ; 5.75e-10 s                 ; No                        ; Yes                       ;
; out[0]      ; 2.5 V        ; 0 s                 ; 0 s                 ; 2.32 V                       ; 1.04e-05 V                   ; 2.38 V              ; -0.027 V            ; 0.226 V                              ; 0.08 V                               ; 4.84e-10 s                  ; 5.18e-10 s                  ; No                         ; Yes                        ; 2.32 V                      ; 1.04e-05 V                  ; 2.38 V             ; -0.027 V           ; 0.226 V                             ; 0.08 V                              ; 4.84e-10 s                 ; 5.18e-10 s                 ; No                        ; Yes                       ;
; out[1]      ; 2.5 V        ; 0 s                 ; 0 s                 ; 2.32 V                       ; 1.04e-05 V                   ; 2.38 V              ; -0.0273 V           ; 0.226 V                              ; 0.08 V                               ; 4.84e-10 s                  ; 5.19e-10 s                  ; No                         ; Yes                        ; 2.32 V                      ; 1.04e-05 V                  ; 2.38 V             ; -0.0273 V          ; 0.226 V                             ; 0.08 V                              ; 4.84e-10 s                 ; 5.19e-10 s                 ; No                        ; Yes                       ;
; out[2]      ; 2.5 V        ; 0 s                 ; 0 s                 ; 2.32 V                       ; 9.38e-06 V                   ; 2.34 V              ; -0.00733 V          ; 0.234 V                              ; 0.071 V                              ; 5.36e-10 s                  ; 5.75e-10 s                  ; No                         ; Yes                        ; 2.32 V                      ; 9.38e-06 V                  ; 2.34 V             ; -0.00733 V         ; 0.234 V                             ; 0.071 V                             ; 5.36e-10 s                 ; 5.75e-10 s                 ; No                        ; Yes                       ;
; out[3]      ; 2.5 V        ; 0 s                 ; 0 s                 ; 2.32 V                       ; 9.38e-06 V                   ; 2.34 V              ; -0.00733 V          ; 0.234 V                              ; 0.071 V                              ; 5.36e-10 s                  ; 5.75e-10 s                  ; No                         ; Yes                        ; 2.32 V                      ; 9.38e-06 V                  ; 2.34 V             ; -0.00733 V         ; 0.234 V                             ; 0.071 V                             ; 5.36e-10 s                 ; 5.75e-10 s                 ; No                        ; Yes                       ;
; out[4]      ; 2.5 V        ; 0 s                 ; 0 s                 ; 2.32 V                       ; 1.05e-05 V                   ; 2.37 V              ; -0.0225 V           ; 0.277 V                              ; 0.104 V                              ; 5.22e-10 s                  ; 6.28e-10 s                  ; No                         ; Yes                        ; 2.32 V                      ; 1.05e-05 V                  ; 2.37 V             ; -0.0225 V          ; 0.277 V                             ; 0.104 V                             ; 5.22e-10 s                 ; 6.28e-10 s                 ; No                        ; Yes                       ;
; out[5]      ; 2.5 V        ; 0 s                 ; 0 s                 ; 2.32 V                       ; 1.05e-05 V                   ; 2.37 V              ; -0.0225 V           ; 0.277 V                              ; 0.104 V                              ; 5.22e-10 s                  ; 6.28e-10 s                  ; No                         ; Yes                        ; 2.32 V                      ; 1.05e-05 V                  ; 2.37 V             ; -0.0225 V          ; 0.277 V                             ; 0.104 V                             ; 5.22e-10 s                 ; 6.28e-10 s                 ; No                        ; Yes                       ;
; out[6]      ; 2.5 V        ; 0 s                 ; 0 s                 ; 2.32 V                       ; 1.05e-05 V                   ; 2.37 V              ; -0.0225 V           ; 0.277 V                              ; 0.104 V                              ; 5.22e-10 s                  ; 6.28e-10 s                  ; No                         ; Yes                        ; 2.32 V                      ; 1.05e-05 V                  ; 2.37 V             ; -0.0225 V          ; 0.277 V                             ; 0.104 V                             ; 5.22e-10 s                 ; 6.28e-10 s                 ; No                        ; Yes                       ;
; out[7]      ; 2.5 V        ; 0 s                 ; 0 s                 ; 2.32 V                       ; 1.04e-05 V                   ; 2.38 V              ; -0.0273 V           ; 0.226 V                              ; 0.08 V                               ; 4.84e-10 s                  ; 5.19e-10 s                  ; No                         ; Yes                        ; 2.32 V                      ; 1.04e-05 V                  ; 2.38 V             ; -0.0273 V          ; 0.226 V                             ; 0.08 V                              ; 4.84e-10 s                 ; 5.19e-10 s                 ; No                        ; Yes                       ;
; out[8]      ; 2.5 V        ; 0 s                 ; 0 s                 ; 2.32 V                       ; 1.04e-05 V                   ; 2.38 V              ; -0.027 V            ; 0.226 V                              ; 0.08 V                               ; 4.84e-10 s                  ; 5.18e-10 s                  ; No                         ; Yes                        ; 2.32 V                      ; 1.04e-05 V                  ; 2.38 V             ; -0.027 V           ; 0.226 V                             ; 0.08 V                              ; 4.84e-10 s                 ; 5.18e-10 s                 ; No                        ; Yes                       ;
; out[9]      ; 2.5 V        ; 0 s                 ; 0 s                 ; 2.32 V                       ; 1.05e-05 V                   ; 2.37 V              ; -0.0225 V           ; 0.277 V                              ; 0.104 V                              ; 5.22e-10 s                  ; 6.28e-10 s                  ; No                         ; Yes                        ; 2.32 V                      ; 1.05e-05 V                  ; 2.37 V             ; -0.0225 V          ; 0.277 V                             ; 0.104 V                             ; 5.22e-10 s                 ; 6.28e-10 s                 ; No                        ; Yes                       ;
; out[10]     ; 2.5 V        ; 0 s                 ; 0 s                 ; 2.32 V                       ; 9.38e-06 V                   ; 2.34 V              ; -0.00733 V          ; 0.234 V                              ; 0.071 V                              ; 5.36e-10 s                  ; 5.75e-10 s                  ; No                         ; Yes                        ; 2.32 V                      ; 9.38e-06 V                  ; 2.34 V             ; -0.00733 V         ; 0.234 V                             ; 0.071 V                             ; 5.36e-10 s                 ; 5.75e-10 s                 ; No                        ; Yes                       ;
; out[11]     ; 2.5 V        ; 0 s                 ; 0 s                 ; 2.32 V                       ; 1.04e-05 V                   ; 2.38 V              ; -0.027 V            ; 0.226 V                              ; 0.08 V                               ; 4.84e-10 s                  ; 5.18e-10 s                  ; No                         ; Yes                        ; 2.32 V                      ; 1.04e-05 V                  ; 2.38 V             ; -0.027 V           ; 0.226 V                             ; 0.08 V                              ; 4.84e-10 s                 ; 5.18e-10 s                 ; No                        ; Yes                       ;
; out[12]     ; 2.5 V        ; 0 s                 ; 0 s                 ; 2.32 V                       ; 1.04e-05 V                   ; 2.38 V              ; -0.0273 V           ; 0.226 V                              ; 0.08 V                               ; 4.84e-10 s                  ; 5.19e-10 s                  ; No                         ; Yes                        ; 2.32 V                      ; 1.04e-05 V                  ; 2.38 V             ; -0.0273 V          ; 0.226 V                             ; 0.08 V                              ; 4.84e-10 s                 ; 5.19e-10 s                 ; No                        ; Yes                       ;
; out[13]     ; 2.5 V        ; 0 s                 ; 0 s                 ; 2.32 V                       ; 1.04e-05 V                   ; 2.38 V              ; -0.0273 V           ; 0.226 V                              ; 0.08 V                               ; 4.84e-10 s                  ; 5.19e-10 s                  ; No                         ; Yes                        ; 2.32 V                      ; 1.04e-05 V                  ; 2.38 V             ; -0.0273 V          ; 0.226 V                             ; 0.08 V                              ; 4.84e-10 s                 ; 5.19e-10 s                 ; No                        ; Yes                       ;
; out[14]     ; 2.5 V        ; 0 s                 ; 0 s                 ; 2.32 V                       ; 9.38e-06 V                   ; 2.34 V              ; -0.00733 V          ; 0.234 V                              ; 0.071 V                              ; 5.36e-10 s                  ; 5.75e-10 s                  ; No                         ; Yes                        ; 2.32 V                      ; 9.38e-06 V                  ; 2.34 V             ; -0.00733 V         ; 0.234 V                             ; 0.071 V                             ; 5.36e-10 s                 ; 5.75e-10 s                 ; No                        ; Yes                       ;
; out[15]     ; 2.5 V        ; 0 s                 ; 0 s                 ; 2.32 V                       ; 1.04e-05 V                   ; 2.38 V              ; -0.0273 V           ; 0.226 V                              ; 0.08 V                               ; 4.84e-10 s                  ; 5.19e-10 s                  ; No                         ; Yes                        ; 2.32 V                      ; 1.04e-05 V                  ; 2.38 V             ; -0.0273 V          ; 0.226 V                             ; 0.08 V                              ; 4.84e-10 s                 ; 5.19e-10 s                 ; No                        ; Yes                       ;
; out[16]     ; 2.5 V        ; 0 s                 ; 0 s                 ; 2.32 V                       ; 1.04e-05 V                   ; 2.38 V              ; -0.027 V            ; 0.226 V                              ; 0.08 V                               ; 4.84e-10 s                  ; 5.18e-10 s                  ; No                         ; Yes                        ; 2.32 V                      ; 1.04e-05 V                  ; 2.38 V             ; -0.027 V           ; 0.226 V                             ; 0.08 V                              ; 4.84e-10 s                 ; 5.18e-10 s                 ; No                        ; Yes                       ;
; out[17]     ; 2.5 V        ; 0 s                 ; 0 s                 ; 2.32 V                       ; 9.38e-06 V                   ; 2.34 V              ; -0.00733 V          ; 0.234 V                              ; 0.071 V                              ; 5.36e-10 s                  ; 5.75e-10 s                  ; No                         ; Yes                        ; 2.32 V                      ; 9.38e-06 V                  ; 2.34 V             ; -0.00733 V         ; 0.234 V                             ; 0.071 V                             ; 5.36e-10 s                 ; 5.75e-10 s                 ; No                        ; Yes                       ;
; out[18]     ; 2.5 V        ; 0 s                 ; 0 s                 ; 2.32 V                       ; 1.05e-05 V                   ; 2.37 V              ; -0.0225 V           ; 0.277 V                              ; 0.104 V                              ; 5.22e-10 s                  ; 6.28e-10 s                  ; No                         ; Yes                        ; 2.32 V                      ; 1.05e-05 V                  ; 2.37 V             ; -0.0225 V          ; 0.277 V                             ; 0.104 V                             ; 5.22e-10 s                 ; 6.28e-10 s                 ; No                        ; Yes                       ;
; out[19]     ; 2.5 V        ; 0 s                 ; 0 s                 ; 2.32 V                       ; 1.04e-05 V                   ; 2.38 V              ; -0.027 V            ; 0.226 V                              ; 0.08 V                               ; 4.84e-10 s                  ; 5.18e-10 s                  ; No                         ; Yes                        ; 2.32 V                      ; 1.04e-05 V                  ; 2.38 V             ; -0.027 V           ; 0.226 V                             ; 0.08 V                              ; 4.84e-10 s                 ; 5.18e-10 s                 ; No                        ; Yes                       ;
; out[20]     ; 2.5 V        ; 0 s                 ; 0 s                 ; 2.32 V                       ; 1.04e-05 V                   ; 2.38 V              ; -0.0273 V           ; 0.226 V                              ; 0.08 V                               ; 4.84e-10 s                  ; 5.19e-10 s                  ; No                         ; Yes                        ; 2.32 V                      ; 1.04e-05 V                  ; 2.38 V             ; -0.0273 V          ; 0.226 V                             ; 0.08 V                              ; 4.84e-10 s                 ; 5.19e-10 s                 ; No                        ; Yes                       ;
; out[21]     ; 2.5 V        ; 0 s                 ; 0 s                 ; 2.32 V                       ; 1.04e-05 V                   ; 2.38 V              ; -0.027 V            ; 0.226 V                              ; 0.08 V                               ; 4.84e-10 s                  ; 5.18e-10 s                  ; No                         ; Yes                        ; 2.32 V                      ; 1.04e-05 V                  ; 2.38 V             ; -0.027 V           ; 0.226 V                             ; 0.08 V                              ; 4.84e-10 s                 ; 5.18e-10 s                 ; No                        ; Yes                       ;
; out[22]     ; 2.5 V        ; 0 s                 ; 0 s                 ; 2.32 V                       ; 1.05e-05 V                   ; 2.37 V              ; -0.0225 V           ; 0.277 V                              ; 0.104 V                              ; 5.22e-10 s                  ; 6.28e-10 s                  ; No                         ; Yes                        ; 2.32 V                      ; 1.05e-05 V                  ; 2.37 V             ; -0.0225 V          ; 0.277 V                             ; 0.104 V                             ; 5.22e-10 s                 ; 6.28e-10 s                 ; No                        ; Yes                       ;
; out[23]     ; 2.5 V        ; 0 s                 ; 0 s                 ; 2.32 V                       ; 1.04e-05 V                   ; 2.38 V              ; -0.027 V            ; 0.226 V                              ; 0.08 V                               ; 4.84e-10 s                  ; 5.18e-10 s                  ; No                         ; Yes                        ; 2.32 V                      ; 1.04e-05 V                  ; 2.38 V             ; -0.027 V           ; 0.226 V                             ; 0.08 V                              ; 4.84e-10 s                 ; 5.18e-10 s                 ; No                        ; Yes                       ;
; out[24]     ; 2.5 V        ; 0 s                 ; 0 s                 ; 2.32 V                       ; 1.05e-05 V                   ; 2.37 V              ; -0.0225 V           ; 0.277 V                              ; 0.104 V                              ; 5.22e-10 s                  ; 6.28e-10 s                  ; No                         ; Yes                        ; 2.32 V                      ; 1.05e-05 V                  ; 2.37 V             ; -0.0225 V          ; 0.277 V                             ; 0.104 V                             ; 5.22e-10 s                 ; 6.28e-10 s                 ; No                        ; Yes                       ;
; out[25]     ; 2.5 V        ; 0 s                 ; 0 s                 ; 2.32 V                       ; 1.05e-05 V                   ; 2.37 V              ; -0.0225 V           ; 0.277 V                              ; 0.104 V                              ; 5.22e-10 s                  ; 6.28e-10 s                  ; No                         ; Yes                        ; 2.32 V                      ; 1.05e-05 V                  ; 2.37 V             ; -0.0225 V          ; 0.277 V                             ; 0.104 V                             ; 5.22e-10 s                 ; 6.28e-10 s                 ; No                        ; Yes                       ;
; out[26]     ; 2.5 V        ; 0 s                 ; 0 s                 ; 2.32 V                       ; 1.04e-05 V                   ; 2.38 V              ; -0.0273 V           ; 0.226 V                              ; 0.08 V                               ; 4.84e-10 s                  ; 5.19e-10 s                  ; No                         ; Yes                        ; 2.32 V                      ; 1.04e-05 V                  ; 2.38 V             ; -0.0273 V          ; 0.226 V                             ; 0.08 V                              ; 4.84e-10 s                 ; 5.19e-10 s                 ; No                        ; Yes                       ;
; out[27]     ; 2.5 V        ; 0 s                 ; 0 s                 ; 2.32 V                       ; 1.04e-05 V                   ; 2.38 V              ; -0.0273 V           ; 0.226 V                              ; 0.08 V                               ; 4.84e-10 s                  ; 5.19e-10 s                  ; No                         ; Yes                        ; 2.32 V                      ; 1.04e-05 V                  ; 2.38 V             ; -0.0273 V          ; 0.226 V                             ; 0.08 V                              ; 4.84e-10 s                 ; 5.19e-10 s                 ; No                        ; Yes                       ;
; out[28]     ; 2.5 V        ; 0 s                 ; 0 s                 ; 2.32 V                       ; 1.05e-05 V                   ; 2.37 V              ; -0.0225 V           ; 0.277 V                              ; 0.104 V                              ; 5.22e-10 s                  ; 6.28e-10 s                  ; No                         ; Yes                        ; 2.32 V                      ; 1.05e-05 V                  ; 2.37 V             ; -0.0225 V          ; 0.277 V                             ; 0.104 V                             ; 5.22e-10 s                 ; 6.28e-10 s                 ; No                        ; Yes                       ;
; out[29]     ; 2.5 V        ; 0 s                 ; 0 s                 ; 2.32 V                       ; 1.05e-05 V                   ; 2.37 V              ; -0.0225 V           ; 0.277 V                              ; 0.104 V                              ; 5.22e-10 s                  ; 6.28e-10 s                  ; No                         ; Yes                        ; 2.32 V                      ; 1.05e-05 V                  ; 2.37 V             ; -0.0225 V          ; 0.277 V                             ; 0.104 V                             ; 5.22e-10 s                 ; 6.28e-10 s                 ; No                        ; Yes                       ;
; out[30]     ; 2.5 V        ; 0 s                 ; 0 s                 ; 2.32 V                       ; 9.38e-06 V                   ; 2.34 V              ; -0.00733 V          ; 0.234 V                              ; 0.071 V                              ; 5.36e-10 s                  ; 5.75e-10 s                  ; No                         ; Yes                        ; 2.32 V                      ; 9.38e-06 V                  ; 2.34 V             ; -0.00733 V         ; 0.234 V                             ; 0.071 V                             ; 5.36e-10 s                 ; 5.75e-10 s                 ; No                        ; Yes                       ;
; out[31]     ; 2.5 V        ; 0 s                 ; 0 s                 ; 2.32 V                       ; 1.04e-05 V                   ; 2.38 V              ; -0.027 V            ; 0.226 V                              ; 0.08 V                               ; 4.84e-10 s                  ; 5.18e-10 s                  ; No                         ; Yes                        ; 2.32 V                      ; 1.04e-05 V                  ; 2.38 V             ; -0.027 V           ; 0.226 V                             ; 0.08 V                              ; 4.84e-10 s                 ; 5.18e-10 s                 ; No                        ; Yes                       ;
; out[32]     ; 2.5 V        ; 0 s                 ; 0 s                 ; 2.32 V                       ; 9.38e-06 V                   ; 2.34 V              ; -0.00733 V          ; 0.234 V                              ; 0.071 V                              ; 5.36e-10 s                  ; 5.75e-10 s                  ; No                         ; Yes                        ; 2.32 V                      ; 9.38e-06 V                  ; 2.34 V             ; -0.00733 V         ; 0.234 V                             ; 0.071 V                             ; 5.36e-10 s                 ; 5.75e-10 s                 ; No                        ; Yes                       ;
; out[33]     ; 2.5 V        ; 0 s                 ; 0 s                 ; 2.32 V                       ; 1.04e-05 V                   ; 2.38 V              ; -0.027 V            ; 0.226 V                              ; 0.08 V                               ; 4.84e-10 s                  ; 5.18e-10 s                  ; No                         ; Yes                        ; 2.32 V                      ; 1.04e-05 V                  ; 2.38 V             ; -0.027 V           ; 0.226 V                             ; 0.08 V                              ; 4.84e-10 s                 ; 5.18e-10 s                 ; No                        ; Yes                       ;
; out[34]     ; 2.5 V        ; 0 s                 ; 0 s                 ; 2.32 V                       ; 9.38e-06 V                   ; 2.34 V              ; -0.00733 V          ; 0.234 V                              ; 0.071 V                              ; 5.36e-10 s                  ; 5.75e-10 s                  ; No                         ; Yes                        ; 2.32 V                      ; 9.38e-06 V                  ; 2.34 V             ; -0.00733 V         ; 0.234 V                             ; 0.071 V                             ; 5.36e-10 s                 ; 5.75e-10 s                 ; No                        ; Yes                       ;
; out[35]     ; 2.5 V        ; 0 s                 ; 0 s                 ; 2.32 V                       ; 1.05e-05 V                   ; 2.37 V              ; -0.0225 V           ; 0.277 V                              ; 0.104 V                              ; 5.22e-10 s                  ; 6.28e-10 s                  ; No                         ; Yes                        ; 2.32 V                      ; 1.05e-05 V                  ; 2.37 V             ; -0.0225 V          ; 0.277 V                             ; 0.104 V                             ; 5.22e-10 s                 ; 6.28e-10 s                 ; No                        ; Yes                       ;
; out[36]     ; 2.5 V        ; 0 s                 ; 0 s                 ; 2.32 V                       ; 9.38e-06 V                   ; 2.34 V              ; -0.00733 V          ; 0.234 V                              ; 0.071 V                              ; 5.36e-10 s                  ; 5.75e-10 s                  ; No                         ; Yes                        ; 2.32 V                      ; 9.38e-06 V                  ; 2.34 V             ; -0.00733 V         ; 0.234 V                             ; 0.071 V                             ; 5.36e-10 s                 ; 5.75e-10 s                 ; No                        ; Yes                       ;
; out[37]     ; 2.5 V        ; 0 s                 ; 0 s                 ; 2.32 V                       ; 1.04e-05 V                   ; 2.38 V              ; -0.027 V            ; 0.226 V                              ; 0.08 V                               ; 4.84e-10 s                  ; 5.18e-10 s                  ; No                         ; Yes                        ; 2.32 V                      ; 1.04e-05 V                  ; 2.38 V             ; -0.027 V           ; 0.226 V                             ; 0.08 V                              ; 4.84e-10 s                 ; 5.18e-10 s                 ; No                        ; Yes                       ;
; out[38]     ; 2.5 V        ; 0 s                 ; 0 s                 ; 2.32 V                       ; 1.04e-05 V                   ; 2.38 V              ; -0.027 V            ; 0.226 V                              ; 0.08 V                               ; 4.84e-10 s                  ; 5.18e-10 s                  ; No                         ; Yes                        ; 2.32 V                      ; 1.04e-05 V                  ; 2.38 V             ; -0.027 V           ; 0.226 V                             ; 0.08 V                              ; 4.84e-10 s                 ; 5.18e-10 s                 ; No                        ; Yes                       ;
; out[39]     ; 2.5 V        ; 0 s                 ; 0 s                 ; 2.32 V                       ; 1.04e-05 V                   ; 2.38 V              ; -0.027 V            ; 0.226 V                              ; 0.08 V                               ; 4.84e-10 s                  ; 5.18e-10 s                  ; No                         ; Yes                        ; 2.32 V                      ; 1.04e-05 V                  ; 2.38 V             ; -0.027 V           ; 0.226 V                             ; 0.08 V                              ; 4.84e-10 s                 ; 5.18e-10 s                 ; No                        ; Yes                       ;
; out[40]     ; 2.5 V        ; 0 s                 ; 0 s                 ; 2.32 V                       ; 1.05e-05 V                   ; 2.37 V              ; -0.0225 V           ; 0.277 V                              ; 0.104 V                              ; 5.22e-10 s                  ; 6.28e-10 s                  ; No                         ; Yes                        ; 2.32 V                      ; 1.05e-05 V                  ; 2.37 V             ; -0.0225 V          ; 0.277 V                             ; 0.104 V                             ; 5.22e-10 s                 ; 6.28e-10 s                 ; No                        ; Yes                       ;
; out[41]     ; 2.5 V        ; 0 s                 ; 0 s                 ; 2.32 V                       ; 1.04e-05 V                   ; 2.38 V              ; -0.0273 V           ; 0.226 V                              ; 0.08 V                               ; 4.84e-10 s                  ; 5.19e-10 s                  ; No                         ; Yes                        ; 2.32 V                      ; 1.04e-05 V                  ; 2.38 V             ; -0.0273 V          ; 0.226 V                             ; 0.08 V                              ; 4.84e-10 s                 ; 5.19e-10 s                 ; No                        ; Yes                       ;
; out[42]     ; 2.5 V        ; 0 s                 ; 0 s                 ; 2.32 V                       ; 9.38e-06 V                   ; 2.34 V              ; -0.00733 V          ; 0.234 V                              ; 0.071 V                              ; 5.36e-10 s                  ; 5.75e-10 s                  ; No                         ; Yes                        ; 2.32 V                      ; 9.38e-06 V                  ; 2.34 V             ; -0.00733 V         ; 0.234 V                             ; 0.071 V                             ; 5.36e-10 s                 ; 5.75e-10 s                 ; No                        ; Yes                       ;
; out[43]     ; 2.5 V        ; 0 s                 ; 0 s                 ; 2.32 V                       ; 1.04e-05 V                   ; 2.38 V              ; -0.0273 V           ; 0.226 V                              ; 0.08 V                               ; 4.84e-10 s                  ; 5.19e-10 s                  ; No                         ; Yes                        ; 2.32 V                      ; 1.04e-05 V                  ; 2.38 V             ; -0.0273 V          ; 0.226 V                             ; 0.08 V                              ; 4.84e-10 s                 ; 5.19e-10 s                 ; No                        ; Yes                       ;
; out[44]     ; 2.5 V        ; 0 s                 ; 0 s                 ; 2.32 V                       ; 1.04e-05 V                   ; 2.38 V              ; -0.0273 V           ; 0.226 V                              ; 0.08 V                               ; 4.84e-10 s                  ; 5.19e-10 s                  ; No                         ; Yes                        ; 2.32 V                      ; 1.04e-05 V                  ; 2.38 V             ; -0.0273 V          ; 0.226 V                             ; 0.08 V                              ; 4.84e-10 s                 ; 5.19e-10 s                 ; No                        ; Yes                       ;
; out[45]     ; 2.5 V        ; 0 s                 ; 0 s                 ; 2.32 V                       ; 1.05e-05 V                   ; 2.37 V              ; -0.0225 V           ; 0.277 V                              ; 0.104 V                              ; 5.22e-10 s                  ; 6.28e-10 s                  ; No                         ; Yes                        ; 2.32 V                      ; 1.05e-05 V                  ; 2.37 V             ; -0.0225 V          ; 0.277 V                             ; 0.104 V                             ; 5.22e-10 s                 ; 6.28e-10 s                 ; No                        ; Yes                       ;
; out[46]     ; 2.5 V        ; 0 s                 ; 0 s                 ; 2.32 V                       ; 1.05e-05 V                   ; 2.37 V              ; -0.0225 V           ; 0.277 V                              ; 0.104 V                              ; 5.22e-10 s                  ; 6.28e-10 s                  ; No                         ; Yes                        ; 2.32 V                      ; 1.05e-05 V                  ; 2.37 V             ; -0.0225 V          ; 0.277 V                             ; 0.104 V                             ; 5.22e-10 s                 ; 6.28e-10 s                 ; No                        ; Yes                       ;
; out[47]     ; 2.5 V        ; 0 s                 ; 0 s                 ; 2.32 V                       ; 1.04e-05 V                   ; 2.38 V              ; -0.027 V            ; 0.226 V                              ; 0.08 V                               ; 4.84e-10 s                  ; 5.18e-10 s                  ; No                         ; Yes                        ; 2.32 V                      ; 1.04e-05 V                  ; 2.38 V             ; -0.027 V           ; 0.226 V                             ; 0.08 V                              ; 4.84e-10 s                 ; 5.18e-10 s                 ; No                        ; Yes                       ;
; out[48]     ; 2.5 V        ; 0 s                 ; 0 s                 ; 2.32 V                       ; 1.04e-05 V                   ; 2.38 V              ; -0.027 V            ; 0.226 V                              ; 0.08 V                               ; 4.84e-10 s                  ; 5.18e-10 s                  ; No                         ; Yes                        ; 2.32 V                      ; 1.04e-05 V                  ; 2.38 V             ; -0.027 V           ; 0.226 V                             ; 0.08 V                              ; 4.84e-10 s                 ; 5.18e-10 s                 ; No                        ; Yes                       ;
; out[49]     ; 2.5 V        ; 0 s                 ; 0 s                 ; 2.32 V                       ; 1.04e-05 V                   ; 2.38 V              ; -0.027 V            ; 0.226 V                              ; 0.08 V                               ; 4.84e-10 s                  ; 5.18e-10 s                  ; No                         ; Yes                        ; 2.32 V                      ; 1.04e-05 V                  ; 2.38 V             ; -0.027 V           ; 0.226 V                             ; 0.08 V                              ; 4.84e-10 s                 ; 5.18e-10 s                 ; No                        ; Yes                       ;
; out[50]     ; 2.5 V        ; 0 s                 ; 0 s                 ; 2.32 V                       ; 1.04e-05 V                   ; 2.38 V              ; -0.027 V            ; 0.226 V                              ; 0.08 V                               ; 4.84e-10 s                  ; 5.18e-10 s                  ; No                         ; Yes                        ; 2.32 V                      ; 1.04e-05 V                  ; 2.38 V             ; -0.027 V           ; 0.226 V                             ; 0.08 V                              ; 4.84e-10 s                 ; 5.18e-10 s                 ; No                        ; Yes                       ;
; out[51]     ; 2.5 V        ; 0 s                 ; 0 s                 ; 2.32 V                       ; 1.04e-05 V                   ; 2.38 V              ; -0.0273 V           ; 0.226 V                              ; 0.08 V                               ; 4.84e-10 s                  ; 5.19e-10 s                  ; No                         ; Yes                        ; 2.32 V                      ; 1.04e-05 V                  ; 2.38 V             ; -0.0273 V          ; 0.226 V                             ; 0.08 V                              ; 4.84e-10 s                 ; 5.19e-10 s                 ; No                        ; Yes                       ;
; out[52]     ; 2.5 V        ; 0 s                 ; 0 s                 ; 2.32 V                       ; 9.38e-06 V                   ; 2.34 V              ; -0.00733 V          ; 0.234 V                              ; 0.071 V                              ; 5.36e-10 s                  ; 5.75e-10 s                  ; No                         ; Yes                        ; 2.32 V                      ; 9.38e-06 V                  ; 2.34 V             ; -0.00733 V         ; 0.234 V                             ; 0.071 V                             ; 5.36e-10 s                 ; 5.75e-10 s                 ; No                        ; Yes                       ;
; out[53]     ; 2.5 V        ; 0 s                 ; 0 s                 ; 2.32 V                       ; 9.38e-06 V                   ; 2.34 V              ; -0.00733 V          ; 0.234 V                              ; 0.071 V                              ; 5.36e-10 s                  ; 5.75e-10 s                  ; No                         ; Yes                        ; 2.32 V                      ; 9.38e-06 V                  ; 2.34 V             ; -0.00733 V         ; 0.234 V                             ; 0.071 V                             ; 5.36e-10 s                 ; 5.75e-10 s                 ; No                        ; Yes                       ;
; out[54]     ; 2.5 V        ; 0 s                 ; 0 s                 ; 2.32 V                       ; 1.05e-05 V                   ; 2.37 V              ; -0.0225 V           ; 0.277 V                              ; 0.104 V                              ; 5.22e-10 s                  ; 6.28e-10 s                  ; No                         ; Yes                        ; 2.32 V                      ; 1.05e-05 V                  ; 2.37 V             ; -0.0225 V          ; 0.277 V                             ; 0.104 V                             ; 5.22e-10 s                 ; 6.28e-10 s                 ; No                        ; Yes                       ;
; out[55]     ; 2.5 V        ; 0 s                 ; 0 s                 ; 2.32 V                       ; 1.05e-05 V                   ; 2.37 V              ; -0.0225 V           ; 0.277 V                              ; 0.104 V                              ; 5.22e-10 s                  ; 6.28e-10 s                  ; No                         ; Yes                        ; 2.32 V                      ; 1.05e-05 V                  ; 2.37 V             ; -0.0225 V          ; 0.277 V                             ; 0.104 V                             ; 5.22e-10 s                 ; 6.28e-10 s                 ; No                        ; Yes                       ;
; out[56]     ; 2.5 V        ; 0 s                 ; 0 s                 ; 2.32 V                       ; 9.38e-06 V                   ; 2.34 V              ; -0.00733 V          ; 0.234 V                              ; 0.071 V                              ; 5.36e-10 s                  ; 5.75e-10 s                  ; No                         ; Yes                        ; 2.32 V                      ; 9.38e-06 V                  ; 2.34 V             ; -0.00733 V         ; 0.234 V                             ; 0.071 V                             ; 5.36e-10 s                 ; 5.75e-10 s                 ; No                        ; Yes                       ;
; out[57]     ; 2.5 V        ; 0 s                 ; 0 s                 ; 2.32 V                       ; 1.04e-05 V                   ; 2.38 V              ; -0.027 V            ; 0.226 V                              ; 0.08 V                               ; 4.84e-10 s                  ; 5.18e-10 s                  ; No                         ; Yes                        ; 2.32 V                      ; 1.04e-05 V                  ; 2.38 V             ; -0.027 V           ; 0.226 V                             ; 0.08 V                              ; 4.84e-10 s                 ; 5.18e-10 s                 ; No                        ; Yes                       ;
; out[58]     ; 2.5 V        ; 0 s                 ; 0 s                 ; 2.32 V                       ; 1.04e-05 V                   ; 2.38 V              ; -0.027 V            ; 0.226 V                              ; 0.08 V                               ; 4.84e-10 s                  ; 5.18e-10 s                  ; No                         ; Yes                        ; 2.32 V                      ; 1.04e-05 V                  ; 2.38 V             ; -0.027 V           ; 0.226 V                             ; 0.08 V                              ; 4.84e-10 s                 ; 5.18e-10 s                 ; No                        ; Yes                       ;
; out[59]     ; 2.5 V        ; 0 s                 ; 0 s                 ; 2.32 V                       ; 9.38e-06 V                   ; 2.34 V              ; -0.00733 V          ; 0.234 V                              ; 0.071 V                              ; 5.36e-10 s                  ; 5.75e-10 s                  ; No                         ; Yes                        ; 2.32 V                      ; 9.38e-06 V                  ; 2.34 V             ; -0.00733 V         ; 0.234 V                             ; 0.071 V                             ; 5.36e-10 s                 ; 5.75e-10 s                 ; No                        ; Yes                       ;
; out[60]     ; 2.5 V        ; 0 s                 ; 0 s                 ; 2.32 V                       ; 1.04e-05 V                   ; 2.38 V              ; -0.0273 V           ; 0.226 V                              ; 0.08 V                               ; 4.84e-10 s                  ; 5.19e-10 s                  ; No                         ; Yes                        ; 2.32 V                      ; 1.04e-05 V                  ; 2.38 V             ; -0.0273 V          ; 0.226 V                             ; 0.08 V                              ; 4.84e-10 s                 ; 5.19e-10 s                 ; No                        ; Yes                       ;
; out[61]     ; 2.5 V        ; 0 s                 ; 0 s                 ; 2.32 V                       ; 1.05e-05 V                   ; 2.37 V              ; -0.0225 V           ; 0.277 V                              ; 0.104 V                              ; 5.22e-10 s                  ; 6.28e-10 s                  ; No                         ; Yes                        ; 2.32 V                      ; 1.05e-05 V                  ; 2.37 V             ; -0.0225 V          ; 0.277 V                             ; 0.104 V                             ; 5.22e-10 s                 ; 6.28e-10 s                 ; No                        ; Yes                       ;
; out[62]     ; 2.5 V        ; 0 s                 ; 0 s                 ; 2.32 V                       ; 9.38e-06 V                   ; 2.34 V              ; -0.00733 V          ; 0.234 V                              ; 0.071 V                              ; 5.36e-10 s                  ; 5.75e-10 s                  ; No                         ; Yes                        ; 2.32 V                      ; 9.38e-06 V                  ; 2.34 V             ; -0.00733 V         ; 0.234 V                             ; 0.071 V                             ; 5.36e-10 s                 ; 5.75e-10 s                 ; No                        ; Yes                       ;
; out[63]     ; 2.5 V        ; 0 s                 ; 0 s                 ; 2.32 V                       ; 1.04e-05 V                   ; 2.38 V              ; -0.027 V            ; 0.226 V                              ; 0.08 V                               ; 4.84e-10 s                  ; 5.18e-10 s                  ; No                         ; Yes                        ; 2.32 V                      ; 1.04e-05 V                  ; 2.38 V             ; -0.027 V           ; 0.226 V                             ; 0.08 V                              ; 4.84e-10 s                 ; 5.18e-10 s                 ; No                        ; Yes                       ;
; out[64]     ; 2.5 V        ; 0 s                 ; 0 s                 ; 2.32 V                       ; 1.04e-05 V                   ; 2.38 V              ; -0.027 V            ; 0.226 V                              ; 0.08 V                               ; 4.84e-10 s                  ; 5.18e-10 s                  ; No                         ; Yes                        ; 2.32 V                      ; 1.04e-05 V                  ; 2.38 V             ; -0.027 V           ; 0.226 V                             ; 0.08 V                              ; 4.84e-10 s                 ; 5.18e-10 s                 ; No                        ; Yes                       ;
; out[65]     ; 2.5 V        ; 0 s                 ; 0 s                 ; 2.32 V                       ; 1.05e-05 V                   ; 2.37 V              ; -0.0225 V           ; 0.277 V                              ; 0.104 V                              ; 5.22e-10 s                  ; 6.28e-10 s                  ; No                         ; Yes                        ; 2.32 V                      ; 1.05e-05 V                  ; 2.37 V             ; -0.0225 V          ; 0.277 V                             ; 0.104 V                             ; 5.22e-10 s                 ; 6.28e-10 s                 ; No                        ; Yes                       ;
; out[66]     ; 2.5 V        ; 0 s                 ; 0 s                 ; 2.32 V                       ; 9.38e-06 V                   ; 2.34 V              ; -0.00733 V          ; 0.234 V                              ; 0.071 V                              ; 5.36e-10 s                  ; 5.75e-10 s                  ; No                         ; Yes                        ; 2.32 V                      ; 9.38e-06 V                  ; 2.34 V             ; -0.00733 V         ; 0.234 V                             ; 0.071 V                             ; 5.36e-10 s                 ; 5.75e-10 s                 ; No                        ; Yes                       ;
; out[67]     ; 2.5 V        ; 0 s                 ; 0 s                 ; 2.32 V                       ; 1.04e-05 V                   ; 2.38 V              ; -0.027 V            ; 0.226 V                              ; 0.08 V                               ; 4.84e-10 s                  ; 5.18e-10 s                  ; No                         ; Yes                        ; 2.32 V                      ; 1.04e-05 V                  ; 2.38 V             ; -0.027 V           ; 0.226 V                             ; 0.08 V                              ; 4.84e-10 s                 ; 5.18e-10 s                 ; No                        ; Yes                       ;
; out[68]     ; 2.5 V        ; 0 s                 ; 0 s                 ; 2.32 V                       ; 1.05e-05 V                   ; 2.37 V              ; -0.0225 V           ; 0.277 V                              ; 0.104 V                              ; 5.22e-10 s                  ; 6.28e-10 s                  ; No                         ; Yes                        ; 2.32 V                      ; 1.05e-05 V                  ; 2.37 V             ; -0.0225 V          ; 0.277 V                             ; 0.104 V                             ; 5.22e-10 s                 ; 6.28e-10 s                 ; No                        ; Yes                       ;
; out[69]     ; 2.5 V        ; 0 s                 ; 0 s                 ; 2.32 V                       ; 1.05e-05 V                   ; 2.37 V              ; -0.0225 V           ; 0.277 V                              ; 0.104 V                              ; 5.22e-10 s                  ; 6.28e-10 s                  ; No                         ; Yes                        ; 2.32 V                      ; 1.05e-05 V                  ; 2.37 V             ; -0.0225 V          ; 0.277 V                             ; 0.104 V                             ; 5.22e-10 s                 ; 6.28e-10 s                 ; No                        ; Yes                       ;
; out[70]     ; 2.5 V        ; 0 s                 ; 0 s                 ; 2.32 V                       ; 9.38e-06 V                   ; 2.34 V              ; -0.00733 V          ; 0.234 V                              ; 0.071 V                              ; 5.36e-10 s                  ; 5.75e-10 s                  ; No                         ; Yes                        ; 2.32 V                      ; 9.38e-06 V                  ; 2.34 V             ; -0.00733 V         ; 0.234 V                             ; 0.071 V                             ; 5.36e-10 s                 ; 5.75e-10 s                 ; No                        ; Yes                       ;
; out[71]     ; 2.5 V        ; 0 s                 ; 0 s                 ; 2.32 V                       ; 1.04e-05 V                   ; 2.38 V              ; -0.027 V            ; 0.226 V                              ; 0.08 V                               ; 4.84e-10 s                  ; 5.18e-10 s                  ; No                         ; Yes                        ; 2.32 V                      ; 1.04e-05 V                  ; 2.38 V             ; -0.027 V           ; 0.226 V                             ; 0.08 V                              ; 4.84e-10 s                 ; 5.18e-10 s                 ; No                        ; Yes                       ;
; out[72]     ; 2.5 V        ; 0 s                 ; 0 s                 ; 2.32 V                       ; 1.04e-05 V                   ; 2.38 V              ; -0.0273 V           ; 0.226 V                              ; 0.08 V                               ; 4.84e-10 s                  ; 5.19e-10 s                  ; No                         ; Yes                        ; 2.32 V                      ; 1.04e-05 V                  ; 2.38 V             ; -0.0273 V          ; 0.226 V                             ; 0.08 V                              ; 4.84e-10 s                 ; 5.19e-10 s                 ; No                        ; Yes                       ;
; out[73]     ; 2.5 V        ; 0 s                 ; 0 s                 ; 2.32 V                       ; 1.04e-05 V                   ; 2.38 V              ; -0.027 V            ; 0.226 V                              ; 0.08 V                               ; 4.84e-10 s                  ; 5.18e-10 s                  ; No                         ; Yes                        ; 2.32 V                      ; 1.04e-05 V                  ; 2.38 V             ; -0.027 V           ; 0.226 V                             ; 0.08 V                              ; 4.84e-10 s                 ; 5.18e-10 s                 ; No                        ; Yes                       ;
; out[74]     ; 2.5 V        ; 0 s                 ; 0 s                 ; 2.32 V                       ; 1.04e-05 V                   ; 2.38 V              ; -0.027 V            ; 0.226 V                              ; 0.08 V                               ; 4.84e-10 s                  ; 5.18e-10 s                  ; No                         ; Yes                        ; 2.32 V                      ; 1.04e-05 V                  ; 2.38 V             ; -0.027 V           ; 0.226 V                             ; 0.08 V                              ; 4.84e-10 s                 ; 5.18e-10 s                 ; No                        ; Yes                       ;
; out[75]     ; 2.5 V        ; 0 s                 ; 0 s                 ; 2.32 V                       ; 1.05e-05 V                   ; 2.37 V              ; -0.0225 V           ; 0.277 V                              ; 0.104 V                              ; 5.22e-10 s                  ; 6.28e-10 s                  ; No                         ; Yes                        ; 2.32 V                      ; 1.05e-05 V                  ; 2.37 V             ; -0.0225 V          ; 0.277 V                             ; 0.104 V                             ; 5.22e-10 s                 ; 6.28e-10 s                 ; No                        ; Yes                       ;
; out[76]     ; 2.5 V        ; 0 s                 ; 0 s                 ; 2.32 V                       ; 1.04e-05 V                   ; 2.38 V              ; -0.0273 V           ; 0.226 V                              ; 0.08 V                               ; 4.84e-10 s                  ; 5.19e-10 s                  ; No                         ; Yes                        ; 2.32 V                      ; 1.04e-05 V                  ; 2.38 V             ; -0.0273 V          ; 0.226 V                             ; 0.08 V                              ; 4.84e-10 s                 ; 5.19e-10 s                 ; No                        ; Yes                       ;
; out[77]     ; 2.5 V        ; 0 s                 ; 0 s                 ; 2.32 V                       ; 1.04e-05 V                   ; 2.38 V              ; -0.0273 V           ; 0.226 V                              ; 0.08 V                               ; 4.84e-10 s                  ; 5.19e-10 s                  ; No                         ; Yes                        ; 2.32 V                      ; 1.04e-05 V                  ; 2.38 V             ; -0.0273 V          ; 0.226 V                             ; 0.08 V                              ; 4.84e-10 s                 ; 5.19e-10 s                 ; No                        ; Yes                       ;
; out[78]     ; 2.5 V        ; 0 s                 ; 0 s                 ; 2.32 V                       ; 1.04e-05 V                   ; 2.38 V              ; -0.027 V            ; 0.226 V                              ; 0.08 V                               ; 4.84e-10 s                  ; 5.18e-10 s                  ; No                         ; Yes                        ; 2.32 V                      ; 1.04e-05 V                  ; 2.38 V             ; -0.027 V           ; 0.226 V                             ; 0.08 V                              ; 4.84e-10 s                 ; 5.18e-10 s                 ; No                        ; Yes                       ;
; out[79]     ; 2.5 V        ; 0 s                 ; 0 s                 ; 2.32 V                       ; 1.05e-05 V                   ; 2.37 V              ; -0.0225 V           ; 0.277 V                              ; 0.104 V                              ; 5.22e-10 s                  ; 6.28e-10 s                  ; No                         ; Yes                        ; 2.32 V                      ; 1.05e-05 V                  ; 2.37 V             ; -0.0225 V          ; 0.277 V                             ; 0.104 V                             ; 5.22e-10 s                 ; 6.28e-10 s                 ; No                        ; Yes                       ;
; out[80]     ; 2.5 V        ; 0 s                 ; 0 s                 ; 2.32 V                       ; 9.38e-06 V                   ; 2.34 V              ; -0.00733 V          ; 0.234 V                              ; 0.071 V                              ; 5.36e-10 s                  ; 5.75e-10 s                  ; No                         ; Yes                        ; 2.32 V                      ; 9.38e-06 V                  ; 2.34 V             ; -0.00733 V         ; 0.234 V                             ; 0.071 V                             ; 5.36e-10 s                 ; 5.75e-10 s                 ; No                        ; Yes                       ;
; out[81]     ; 2.5 V        ; 0 s                 ; 0 s                 ; 2.32 V                       ; 9.38e-06 V                   ; 2.34 V              ; -0.00733 V          ; 0.234 V                              ; 0.071 V                              ; 5.36e-10 s                  ; 5.75e-10 s                  ; No                         ; Yes                        ; 2.32 V                      ; 9.38e-06 V                  ; 2.34 V             ; -0.00733 V         ; 0.234 V                             ; 0.071 V                             ; 5.36e-10 s                 ; 5.75e-10 s                 ; No                        ; Yes                       ;
; out[82]     ; 2.5 V        ; 0 s                 ; 0 s                 ; 2.32 V                       ; 1.05e-05 V                   ; 2.37 V              ; -0.0225 V           ; 0.277 V                              ; 0.104 V                              ; 5.22e-10 s                  ; 6.28e-10 s                  ; No                         ; Yes                        ; 2.32 V                      ; 1.05e-05 V                  ; 2.37 V             ; -0.0225 V          ; 0.277 V                             ; 0.104 V                             ; 5.22e-10 s                 ; 6.28e-10 s                 ; No                        ; Yes                       ;
; out[83]     ; 2.5 V        ; 0 s                 ; 0 s                 ; 2.32 V                       ; 9.38e-06 V                   ; 2.34 V              ; -0.00733 V          ; 0.234 V                              ; 0.071 V                              ; 5.36e-10 s                  ; 5.75e-10 s                  ; No                         ; Yes                        ; 2.32 V                      ; 9.38e-06 V                  ; 2.34 V             ; -0.00733 V         ; 0.234 V                             ; 0.071 V                             ; 5.36e-10 s                 ; 5.75e-10 s                 ; No                        ; Yes                       ;
; out[84]     ; 2.5 V        ; 0 s                 ; 0 s                 ; 2.32 V                       ; 9.38e-06 V                   ; 2.34 V              ; -0.00733 V          ; 0.234 V                              ; 0.071 V                              ; 5.36e-10 s                  ; 5.75e-10 s                  ; No                         ; Yes                        ; 2.32 V                      ; 9.38e-06 V                  ; 2.34 V             ; -0.00733 V         ; 0.234 V                             ; 0.071 V                             ; 5.36e-10 s                 ; 5.75e-10 s                 ; No                        ; Yes                       ;
; out[85]     ; 2.5 V        ; 0 s                 ; 0 s                 ; 2.32 V                       ; 1.04e-05 V                   ; 2.38 V              ; -0.027 V            ; 0.226 V                              ; 0.08 V                               ; 4.84e-10 s                  ; 5.18e-10 s                  ; No                         ; Yes                        ; 2.32 V                      ; 1.04e-05 V                  ; 2.38 V             ; -0.027 V           ; 0.226 V                             ; 0.08 V                              ; 4.84e-10 s                 ; 5.18e-10 s                 ; No                        ; Yes                       ;
; out[86]     ; 2.5 V        ; 0 s                 ; 0 s                 ; 2.32 V                       ; 9.38e-06 V                   ; 2.34 V              ; -0.00733 V          ; 0.234 V                              ; 0.071 V                              ; 5.36e-10 s                  ; 5.75e-10 s                  ; No                         ; Yes                        ; 2.32 V                      ; 9.38e-06 V                  ; 2.34 V             ; -0.00733 V         ; 0.234 V                             ; 0.071 V                             ; 5.36e-10 s                 ; 5.75e-10 s                 ; No                        ; Yes                       ;
; out[87]     ; 2.5 V        ; 0 s                 ; 0 s                 ; 2.32 V                       ; 1.04e-05 V                   ; 2.38 V              ; -0.027 V            ; 0.226 V                              ; 0.08 V                               ; 4.84e-10 s                  ; 5.18e-10 s                  ; No                         ; Yes                        ; 2.32 V                      ; 1.04e-05 V                  ; 2.38 V             ; -0.027 V           ; 0.226 V                             ; 0.08 V                              ; 4.84e-10 s                 ; 5.18e-10 s                 ; No                        ; Yes                       ;
; out[88]     ; 2.5 V        ; 0 s                 ; 0 s                 ; 2.32 V                       ; 1.04e-05 V                   ; 2.38 V              ; -0.027 V            ; 0.226 V                              ; 0.08 V                               ; 4.84e-10 s                  ; 5.18e-10 s                  ; No                         ; Yes                        ; 2.32 V                      ; 1.04e-05 V                  ; 2.38 V             ; -0.027 V           ; 0.226 V                             ; 0.08 V                              ; 4.84e-10 s                 ; 5.18e-10 s                 ; No                        ; Yes                       ;
; out[89]     ; 2.5 V        ; 0 s                 ; 0 s                 ; 2.32 V                       ; 1.04e-05 V                   ; 2.38 V              ; -0.027 V            ; 0.226 V                              ; 0.08 V                               ; 4.84e-10 s                  ; 5.18e-10 s                  ; No                         ; Yes                        ; 2.32 V                      ; 1.04e-05 V                  ; 2.38 V             ; -0.027 V           ; 0.226 V                             ; 0.08 V                              ; 4.84e-10 s                 ; 5.18e-10 s                 ; No                        ; Yes                       ;
; out[90]     ; 2.5 V        ; 0 s                 ; 0 s                 ; 2.32 V                       ; 1.05e-05 V                   ; 2.37 V              ; -0.0225 V           ; 0.277 V                              ; 0.104 V                              ; 5.22e-10 s                  ; 6.28e-10 s                  ; No                         ; Yes                        ; 2.32 V                      ; 1.05e-05 V                  ; 2.37 V             ; -0.0225 V          ; 0.277 V                             ; 0.104 V                             ; 5.22e-10 s                 ; 6.28e-10 s                 ; No                        ; Yes                       ;
; out[91]     ; 2.5 V        ; 0 s                 ; 0 s                 ; 2.32 V                       ; 1.04e-05 V                   ; 2.38 V              ; -0.027 V            ; 0.226 V                              ; 0.08 V                               ; 4.84e-10 s                  ; 5.18e-10 s                  ; No                         ; Yes                        ; 2.32 V                      ; 1.04e-05 V                  ; 2.38 V             ; -0.027 V           ; 0.226 V                             ; 0.08 V                              ; 4.84e-10 s                 ; 5.18e-10 s                 ; No                        ; Yes                       ;
; out[92]     ; 2.5 V        ; 0 s                 ; 0 s                 ; 2.32 V                       ; 1.05e-05 V                   ; 2.37 V              ; -0.0225 V           ; 0.277 V                              ; 0.104 V                              ; 5.22e-10 s                  ; 6.28e-10 s                  ; No                         ; Yes                        ; 2.32 V                      ; 1.05e-05 V                  ; 2.37 V             ; -0.0225 V          ; 0.277 V                             ; 0.104 V                             ; 5.22e-10 s                 ; 6.28e-10 s                 ; No                        ; Yes                       ;
; out[93]     ; 2.5 V        ; 0 s                 ; 0 s                 ; 2.32 V                       ; 1.05e-05 V                   ; 2.37 V              ; -0.0225 V           ; 0.277 V                              ; 0.104 V                              ; 5.22e-10 s                  ; 6.28e-10 s                  ; No                         ; Yes                        ; 2.32 V                      ; 1.05e-05 V                  ; 2.37 V             ; -0.0225 V          ; 0.277 V                             ; 0.104 V                             ; 5.22e-10 s                 ; 6.28e-10 s                 ; No                        ; Yes                       ;
; out[94]     ; 2.5 V        ; 0 s                 ; 0 s                 ; 2.32 V                       ; 1.04e-05 V                   ; 2.38 V              ; -0.0273 V           ; 0.226 V                              ; 0.08 V                               ; 4.84e-10 s                  ; 5.19e-10 s                  ; No                         ; Yes                        ; 2.32 V                      ; 1.04e-05 V                  ; 2.38 V             ; -0.0273 V          ; 0.226 V                             ; 0.08 V                              ; 4.84e-10 s                 ; 5.19e-10 s                 ; No                        ; Yes                       ;
; out[95]     ; 2.5 V        ; 0 s                 ; 0 s                 ; 2.32 V                       ; 9.38e-06 V                   ; 2.34 V              ; -0.00733 V          ; 0.234 V                              ; 0.071 V                              ; 5.36e-10 s                  ; 5.75e-10 s                  ; No                         ; Yes                        ; 2.32 V                      ; 9.38e-06 V                  ; 2.34 V             ; -0.00733 V         ; 0.234 V                             ; 0.071 V                             ; 5.36e-10 s                 ; 5.75e-10 s                 ; No                        ; Yes                       ;
; out[96]     ; 2.5 V        ; 0 s                 ; 0 s                 ; 2.32 V                       ; 1.04e-05 V                   ; 2.38 V              ; -0.0273 V           ; 0.226 V                              ; 0.08 V                               ; 4.84e-10 s                  ; 5.19e-10 s                  ; No                         ; Yes                        ; 2.32 V                      ; 1.04e-05 V                  ; 2.38 V             ; -0.0273 V          ; 0.226 V                             ; 0.08 V                              ; 4.84e-10 s                 ; 5.19e-10 s                 ; No                        ; Yes                       ;
; out[97]     ; 2.5 V        ; 0 s                 ; 0 s                 ; 2.32 V                       ; 1.04e-05 V                   ; 2.38 V              ; -0.0273 V           ; 0.226 V                              ; 0.08 V                               ; 4.84e-10 s                  ; 5.19e-10 s                  ; No                         ; Yes                        ; 2.32 V                      ; 1.04e-05 V                  ; 2.38 V             ; -0.0273 V          ; 0.226 V                             ; 0.08 V                              ; 4.84e-10 s                 ; 5.19e-10 s                 ; No                        ; Yes                       ;
; out[98]     ; 2.5 V        ; 0 s                 ; 0 s                 ; 2.32 V                       ; 1.05e-05 V                   ; 2.37 V              ; -0.0225 V           ; 0.277 V                              ; 0.104 V                              ; 5.22e-10 s                  ; 6.28e-10 s                  ; No                         ; Yes                        ; 2.32 V                      ; 1.05e-05 V                  ; 2.37 V             ; -0.0225 V          ; 0.277 V                             ; 0.104 V                             ; 5.22e-10 s                 ; 6.28e-10 s                 ; No                        ; Yes                       ;
; out[99]     ; 2.5 V        ; 0 s                 ; 0 s                 ; 2.32 V                       ; 1.05e-05 V                   ; 2.37 V              ; -0.0225 V           ; 0.277 V                              ; 0.104 V                              ; 5.22e-10 s                  ; 6.28e-10 s                  ; No                         ; Yes                        ; 2.32 V                      ; 1.05e-05 V                  ; 2.37 V             ; -0.0225 V          ; 0.277 V                             ; 0.104 V                             ; 5.22e-10 s                 ; 6.28e-10 s                 ; No                        ; Yes                       ;
; out[100]    ; 2.5 V        ; 0 s                 ; 0 s                 ; 2.32 V                       ; 1.05e-05 V                   ; 2.37 V              ; -0.0225 V           ; 0.277 V                              ; 0.104 V                              ; 5.22e-10 s                  ; 6.28e-10 s                  ; No                         ; Yes                        ; 2.32 V                      ; 1.05e-05 V                  ; 2.37 V             ; -0.0225 V          ; 0.277 V                             ; 0.104 V                             ; 5.22e-10 s                 ; 6.28e-10 s                 ; No                        ; Yes                       ;
; out[101]    ; 2.5 V        ; 0 s                 ; 0 s                 ; 2.32 V                       ; 1.05e-05 V                   ; 2.37 V              ; -0.0225 V           ; 0.277 V                              ; 0.104 V                              ; 5.22e-10 s                  ; 6.28e-10 s                  ; No                         ; Yes                        ; 2.32 V                      ; 1.05e-05 V                  ; 2.37 V             ; -0.0225 V          ; 0.277 V                             ; 0.104 V                             ; 5.22e-10 s                 ; 6.28e-10 s                 ; No                        ; Yes                       ;
; out[102]    ; 2.5 V        ; 0 s                 ; 0 s                 ; 2.32 V                       ; 1.04e-05 V                   ; 2.38 V              ; -0.0273 V           ; 0.226 V                              ; 0.08 V                               ; 4.84e-10 s                  ; 5.19e-10 s                  ; No                         ; Yes                        ; 2.32 V                      ; 1.04e-05 V                  ; 2.38 V             ; -0.0273 V          ; 0.226 V                             ; 0.08 V                              ; 4.84e-10 s                 ; 5.19e-10 s                 ; No                        ; Yes                       ;
; out[103]    ; 2.5 V        ; 0 s                 ; 0 s                 ; 2.32 V                       ; 1.04e-05 V                   ; 2.38 V              ; -0.0273 V           ; 0.226 V                              ; 0.08 V                               ; 4.84e-10 s                  ; 5.19e-10 s                  ; No                         ; Yes                        ; 2.32 V                      ; 1.04e-05 V                  ; 2.38 V             ; -0.0273 V          ; 0.226 V                             ; 0.08 V                              ; 4.84e-10 s                 ; 5.19e-10 s                 ; No                        ; Yes                       ;
; out[104]    ; 2.5 V        ; 0 s                 ; 0 s                 ; 2.32 V                       ; 1.04e-05 V                   ; 2.38 V              ; -0.0273 V           ; 0.226 V                              ; 0.08 V                               ; 4.84e-10 s                  ; 5.19e-10 s                  ; No                         ; Yes                        ; 2.32 V                      ; 1.04e-05 V                  ; 2.38 V             ; -0.0273 V          ; 0.226 V                             ; 0.08 V                              ; 4.84e-10 s                 ; 5.19e-10 s                 ; No                        ; Yes                       ;
; out[105]    ; 2.5 V        ; 0 s                 ; 0 s                 ; 2.32 V                       ; 1.05e-05 V                   ; 2.37 V              ; -0.0225 V           ; 0.277 V                              ; 0.104 V                              ; 5.22e-10 s                  ; 6.28e-10 s                  ; No                         ; Yes                        ; 2.32 V                      ; 1.05e-05 V                  ; 2.37 V             ; -0.0225 V          ; 0.277 V                             ; 0.104 V                             ; 5.22e-10 s                 ; 6.28e-10 s                 ; No                        ; Yes                       ;
; out[106]    ; 2.5 V        ; 0 s                 ; 0 s                 ; 2.32 V                       ; 9.38e-06 V                   ; 2.34 V              ; -0.00733 V          ; 0.234 V                              ; 0.071 V                              ; 5.36e-10 s                  ; 5.75e-10 s                  ; No                         ; Yes                        ; 2.32 V                      ; 9.38e-06 V                  ; 2.34 V             ; -0.00733 V         ; 0.234 V                             ; 0.071 V                             ; 5.36e-10 s                 ; 5.75e-10 s                 ; No                        ; Yes                       ;
; out[107]    ; 2.5 V        ; 0 s                 ; 0 s                 ; 2.32 V                       ; 1.04e-05 V                   ; 2.38 V              ; -0.0273 V           ; 0.226 V                              ; 0.08 V                               ; 4.84e-10 s                  ; 5.19e-10 s                  ; No                         ; Yes                        ; 2.32 V                      ; 1.04e-05 V                  ; 2.38 V             ; -0.0273 V          ; 0.226 V                             ; 0.08 V                              ; 4.84e-10 s                 ; 5.19e-10 s                 ; No                        ; Yes                       ;
; out[108]    ; 2.5 V        ; 0 s                 ; 0 s                 ; 2.32 V                       ; 1.04e-05 V                   ; 2.38 V              ; -0.027 V            ; 0.226 V                              ; 0.08 V                               ; 4.84e-10 s                  ; 5.18e-10 s                  ; No                         ; Yes                        ; 2.32 V                      ; 1.04e-05 V                  ; 2.38 V             ; -0.027 V           ; 0.226 V                             ; 0.08 V                              ; 4.84e-10 s                 ; 5.18e-10 s                 ; No                        ; Yes                       ;
; out[109]    ; 2.5 V        ; 0 s                 ; 0 s                 ; 2.32 V                       ; 1.04e-05 V                   ; 2.38 V              ; -0.027 V            ; 0.226 V                              ; 0.08 V                               ; 4.84e-10 s                  ; 5.18e-10 s                  ; No                         ; Yes                        ; 2.32 V                      ; 1.04e-05 V                  ; 2.38 V             ; -0.027 V           ; 0.226 V                             ; 0.08 V                              ; 4.84e-10 s                 ; 5.18e-10 s                 ; No                        ; Yes                       ;
; out[110]    ; 2.5 V        ; 0 s                 ; 0 s                 ; 2.32 V                       ; 1.05e-05 V                   ; 2.37 V              ; -0.0225 V           ; 0.277 V                              ; 0.104 V                              ; 5.22e-10 s                  ; 6.28e-10 s                  ; No                         ; Yes                        ; 2.32 V                      ; 1.05e-05 V                  ; 2.37 V             ; -0.0225 V          ; 0.277 V                             ; 0.104 V                             ; 5.22e-10 s                 ; 6.28e-10 s                 ; No                        ; Yes                       ;
; out[111]    ; 2.5 V        ; 0 s                 ; 0 s                 ; 2.32 V                       ; 1.04e-05 V                   ; 2.38 V              ; -0.0273 V           ; 0.226 V                              ; 0.08 V                               ; 4.84e-10 s                  ; 5.19e-10 s                  ; No                         ; Yes                        ; 2.32 V                      ; 1.04e-05 V                  ; 2.38 V             ; -0.0273 V          ; 0.226 V                             ; 0.08 V                              ; 4.84e-10 s                 ; 5.19e-10 s                 ; No                        ; Yes                       ;
; out[112]    ; 2.5 V        ; 0 s                 ; 0 s                 ; 2.32 V                       ; 1.04e-05 V                   ; 2.38 V              ; -0.027 V            ; 0.226 V                              ; 0.08 V                               ; 4.84e-10 s                  ; 5.18e-10 s                  ; No                         ; Yes                        ; 2.32 V                      ; 1.04e-05 V                  ; 2.38 V             ; -0.027 V           ; 0.226 V                             ; 0.08 V                              ; 4.84e-10 s                 ; 5.18e-10 s                 ; No                        ; Yes                       ;
; out[113]    ; 2.5 V        ; 0 s                 ; 0 s                 ; 2.32 V                       ; 1.05e-05 V                   ; 2.37 V              ; -0.0225 V           ; 0.277 V                              ; 0.104 V                              ; 5.22e-10 s                  ; 6.28e-10 s                  ; No                         ; Yes                        ; 2.32 V                      ; 1.05e-05 V                  ; 2.37 V             ; -0.0225 V          ; 0.277 V                             ; 0.104 V                             ; 5.22e-10 s                 ; 6.28e-10 s                 ; No                        ; Yes                       ;
; out[114]    ; 2.5 V        ; 0 s                 ; 0 s                 ; 2.32 V                       ; 9.38e-06 V                   ; 2.34 V              ; -0.00733 V          ; 0.234 V                              ; 0.071 V                              ; 5.36e-10 s                  ; 5.75e-10 s                  ; No                         ; Yes                        ; 2.32 V                      ; 9.38e-06 V                  ; 2.34 V             ; -0.00733 V         ; 0.234 V                             ; 0.071 V                             ; 5.36e-10 s                 ; 5.75e-10 s                 ; No                        ; Yes                       ;
; out[115]    ; 2.5 V        ; 0 s                 ; 0 s                 ; 2.32 V                       ; 1.04e-05 V                   ; 2.38 V              ; -0.0273 V           ; 0.226 V                              ; 0.08 V                               ; 4.84e-10 s                  ; 5.19e-10 s                  ; No                         ; Yes                        ; 2.32 V                      ; 1.04e-05 V                  ; 2.38 V             ; -0.0273 V          ; 0.226 V                             ; 0.08 V                              ; 4.84e-10 s                 ; 5.19e-10 s                 ; No                        ; Yes                       ;
; out[116]    ; 2.5 V        ; 0 s                 ; 0 s                 ; 2.32 V                       ; 1.04e-05 V                   ; 2.38 V              ; -0.0273 V           ; 0.226 V                              ; 0.08 V                               ; 4.84e-10 s                  ; 5.19e-10 s                  ; No                         ; Yes                        ; 2.32 V                      ; 1.04e-05 V                  ; 2.38 V             ; -0.0273 V          ; 0.226 V                             ; 0.08 V                              ; 4.84e-10 s                 ; 5.19e-10 s                 ; No                        ; Yes                       ;
; out[117]    ; 2.5 V        ; 0 s                 ; 0 s                 ; 2.32 V                       ; 9.38e-06 V                   ; 2.34 V              ; -0.00733 V          ; 0.234 V                              ; 0.071 V                              ; 5.36e-10 s                  ; 5.75e-10 s                  ; No                         ; Yes                        ; 2.32 V                      ; 9.38e-06 V                  ; 2.34 V             ; -0.00733 V         ; 0.234 V                             ; 0.071 V                             ; 5.36e-10 s                 ; 5.75e-10 s                 ; No                        ; Yes                       ;
; out[118]    ; 2.5 V        ; 0 s                 ; 0 s                 ; 2.32 V                       ; 9.38e-06 V                   ; 2.34 V              ; -0.00733 V          ; 0.234 V                              ; 0.071 V                              ; 5.36e-10 s                  ; 5.75e-10 s                  ; No                         ; Yes                        ; 2.32 V                      ; 9.38e-06 V                  ; 2.34 V             ; -0.00733 V         ; 0.234 V                             ; 0.071 V                             ; 5.36e-10 s                 ; 5.75e-10 s                 ; No                        ; Yes                       ;
; out[119]    ; 2.5 V        ; 0 s                 ; 0 s                 ; 2.32 V                       ; 9.38e-06 V                   ; 2.34 V              ; -0.00733 V          ; 0.234 V                              ; 0.071 V                              ; 5.36e-10 s                  ; 5.75e-10 s                  ; No                         ; Yes                        ; 2.32 V                      ; 9.38e-06 V                  ; 2.34 V             ; -0.00733 V         ; 0.234 V                             ; 0.071 V                             ; 5.36e-10 s                 ; 5.75e-10 s                 ; No                        ; Yes                       ;
; out[120]    ; 2.5 V        ; 0 s                 ; 0 s                 ; 2.32 V                       ; 1.04e-05 V                   ; 2.38 V              ; -0.0273 V           ; 0.226 V                              ; 0.08 V                               ; 4.84e-10 s                  ; 5.19e-10 s                  ; No                         ; Yes                        ; 2.32 V                      ; 1.04e-05 V                  ; 2.38 V             ; -0.0273 V          ; 0.226 V                             ; 0.08 V                              ; 4.84e-10 s                 ; 5.19e-10 s                 ; No                        ; Yes                       ;
; out[121]    ; 2.5 V        ; 0 s                 ; 0 s                 ; 2.32 V                       ; 1.04e-05 V                   ; 2.38 V              ; -0.0273 V           ; 0.226 V                              ; 0.08 V                               ; 4.84e-10 s                  ; 5.19e-10 s                  ; No                         ; Yes                        ; 2.32 V                      ; 1.04e-05 V                  ; 2.38 V             ; -0.0273 V          ; 0.226 V                             ; 0.08 V                              ; 4.84e-10 s                 ; 5.19e-10 s                 ; No                        ; Yes                       ;
; out[122]    ; 2.5 V        ; 0 s                 ; 0 s                 ; 2.32 V                       ; 1.05e-05 V                   ; 2.37 V              ; -0.0225 V           ; 0.277 V                              ; 0.104 V                              ; 5.22e-10 s                  ; 6.28e-10 s                  ; No                         ; Yes                        ; 2.32 V                      ; 1.05e-05 V                  ; 2.37 V             ; -0.0225 V          ; 0.277 V                             ; 0.104 V                             ; 5.22e-10 s                 ; 6.28e-10 s                 ; No                        ; Yes                       ;
; out[123]    ; 2.5 V        ; 0 s                 ; 0 s                 ; 2.32 V                       ; 9.38e-06 V                   ; 2.34 V              ; -0.00733 V          ; 0.234 V                              ; 0.071 V                              ; 5.36e-10 s                  ; 5.75e-10 s                  ; No                         ; Yes                        ; 2.32 V                      ; 9.38e-06 V                  ; 2.34 V             ; -0.00733 V         ; 0.234 V                             ; 0.071 V                             ; 5.36e-10 s                 ; 5.75e-10 s                 ; No                        ; Yes                       ;
; out[124]    ; 2.5 V        ; 0 s                 ; 0 s                 ; 2.32 V                       ; 1.04e-05 V                   ; 2.38 V              ; -0.027 V            ; 0.226 V                              ; 0.08 V                               ; 4.84e-10 s                  ; 5.18e-10 s                  ; No                         ; Yes                        ; 2.32 V                      ; 1.04e-05 V                  ; 2.38 V             ; -0.027 V           ; 0.226 V                             ; 0.08 V                              ; 4.84e-10 s                 ; 5.18e-10 s                 ; No                        ; Yes                       ;
; out[125]    ; 2.5 V        ; 0 s                 ; 0 s                 ; 2.32 V                       ; 1.04e-05 V                   ; 2.38 V              ; -0.0273 V           ; 0.226 V                              ; 0.08 V                               ; 4.84e-10 s                  ; 5.19e-10 s                  ; No                         ; Yes                        ; 2.32 V                      ; 1.04e-05 V                  ; 2.38 V             ; -0.0273 V          ; 0.226 V                             ; 0.08 V                              ; 4.84e-10 s                 ; 5.19e-10 s                 ; No                        ; Yes                       ;
; out[126]    ; 2.5 V        ; 0 s                 ; 0 s                 ; 2.32 V                       ; 1.05e-05 V                   ; 2.37 V              ; -0.0225 V           ; 0.277 V                              ; 0.104 V                              ; 5.22e-10 s                  ; 6.28e-10 s                  ; No                         ; Yes                        ; 2.32 V                      ; 1.05e-05 V                  ; 2.37 V             ; -0.0225 V          ; 0.277 V                             ; 0.104 V                             ; 5.22e-10 s                 ; 6.28e-10 s                 ; No                        ; Yes                       ;
; out[127]    ; 2.5 V        ; 0 s                 ; 0 s                 ; 2.32 V                       ; 1.04e-05 V                   ; 2.38 V              ; -0.0273 V           ; 0.226 V                              ; 0.08 V                               ; 4.84e-10 s                  ; 5.19e-10 s                  ; No                         ; Yes                        ; 2.32 V                      ; 1.04e-05 V                  ; 2.38 V             ; -0.0273 V          ; 0.226 V                             ; 0.08 V                              ; 4.84e-10 s                 ; 5.19e-10 s                 ; No                        ; Yes                       ;
; out[128]    ; 2.5 V        ; 0 s                 ; 0 s                 ; 2.32 V                       ; 1.05e-05 V                   ; 2.37 V              ; -0.0225 V           ; 0.277 V                              ; 0.104 V                              ; 5.22e-10 s                  ; 6.28e-10 s                  ; No                         ; Yes                        ; 2.32 V                      ; 1.05e-05 V                  ; 2.37 V             ; -0.0225 V          ; 0.277 V                             ; 0.104 V                             ; 5.22e-10 s                 ; 6.28e-10 s                 ; No                        ; Yes                       ;
; out[129]    ; 2.5 V        ; 0 s                 ; 0 s                 ; 2.32 V                       ; 9.38e-06 V                   ; 2.34 V              ; -0.00733 V          ; 0.234 V                              ; 0.071 V                              ; 5.36e-10 s                  ; 5.75e-10 s                  ; No                         ; Yes                        ; 2.32 V                      ; 9.38e-06 V                  ; 2.34 V             ; -0.00733 V         ; 0.234 V                             ; 0.071 V                             ; 5.36e-10 s                 ; 5.75e-10 s                 ; No                        ; Yes                       ;
; out[130]    ; 2.5 V        ; 0 s                 ; 0 s                 ; 2.32 V                       ; 1.04e-05 V                   ; 2.38 V              ; -0.0273 V           ; 0.226 V                              ; 0.08 V                               ; 4.84e-10 s                  ; 5.19e-10 s                  ; No                         ; Yes                        ; 2.32 V                      ; 1.04e-05 V                  ; 2.38 V             ; -0.0273 V          ; 0.226 V                             ; 0.08 V                              ; 4.84e-10 s                 ; 5.19e-10 s                 ; No                        ; Yes                       ;
; out[131]    ; 2.5 V        ; 0 s                 ; 0 s                 ; 2.32 V                       ; 1.04e-05 V                   ; 2.38 V              ; -0.027 V            ; 0.226 V                              ; 0.08 V                               ; 4.84e-10 s                  ; 5.18e-10 s                  ; No                         ; Yes                        ; 2.32 V                      ; 1.04e-05 V                  ; 2.38 V             ; -0.027 V           ; 0.226 V                             ; 0.08 V                              ; 4.84e-10 s                 ; 5.18e-10 s                 ; No                        ; Yes                       ;
; out[132]    ; 2.5 V        ; 0 s                 ; 0 s                 ; 2.32 V                       ; 9.38e-06 V                   ; 2.34 V              ; -0.00733 V          ; 0.234 V                              ; 0.071 V                              ; 5.36e-10 s                  ; 5.75e-10 s                  ; No                         ; Yes                        ; 2.32 V                      ; 9.38e-06 V                  ; 2.34 V             ; -0.00733 V         ; 0.234 V                             ; 0.071 V                             ; 5.36e-10 s                 ; 5.75e-10 s                 ; No                        ; Yes                       ;
; out[133]    ; 2.5 V        ; 0 s                 ; 0 s                 ; 2.32 V                       ; 9.38e-06 V                   ; 2.34 V              ; -0.00733 V          ; 0.234 V                              ; 0.071 V                              ; 5.36e-10 s                  ; 5.75e-10 s                  ; No                         ; Yes                        ; 2.32 V                      ; 9.38e-06 V                  ; 2.34 V             ; -0.00733 V         ; 0.234 V                             ; 0.071 V                             ; 5.36e-10 s                 ; 5.75e-10 s                 ; No                        ; Yes                       ;
; out[134]    ; 2.5 V        ; 0 s                 ; 0 s                 ; 2.32 V                       ; 1.04e-05 V                   ; 2.38 V              ; -0.027 V            ; 0.226 V                              ; 0.08 V                               ; 4.84e-10 s                  ; 5.18e-10 s                  ; No                         ; Yes                        ; 2.32 V                      ; 1.04e-05 V                  ; 2.38 V             ; -0.027 V           ; 0.226 V                             ; 0.08 V                              ; 4.84e-10 s                 ; 5.18e-10 s                 ; No                        ; Yes                       ;
; out[135]    ; 2.5 V        ; 0 s                 ; 0 s                 ; 2.32 V                       ; 1.05e-05 V                   ; 2.37 V              ; -0.0225 V           ; 0.277 V                              ; 0.104 V                              ; 5.22e-10 s                  ; 6.28e-10 s                  ; No                         ; Yes                        ; 2.32 V                      ; 1.05e-05 V                  ; 2.37 V             ; -0.0225 V          ; 0.277 V                             ; 0.104 V                             ; 5.22e-10 s                 ; 6.28e-10 s                 ; No                        ; Yes                       ;
; out[136]    ; 2.5 V        ; 0 s                 ; 0 s                 ; 2.32 V                       ; 1.05e-05 V                   ; 2.37 V              ; -0.0225 V           ; 0.277 V                              ; 0.104 V                              ; 5.22e-10 s                  ; 6.28e-10 s                  ; No                         ; Yes                        ; 2.32 V                      ; 1.05e-05 V                  ; 2.37 V             ; -0.0225 V          ; 0.277 V                             ; 0.104 V                             ; 5.22e-10 s                 ; 6.28e-10 s                 ; No                        ; Yes                       ;
; out[137]    ; 2.5 V        ; 0 s                 ; 0 s                 ; 2.32 V                       ; 9.38e-06 V                   ; 2.34 V              ; -0.00733 V          ; 0.234 V                              ; 0.071 V                              ; 5.36e-10 s                  ; 5.75e-10 s                  ; No                         ; Yes                        ; 2.32 V                      ; 9.38e-06 V                  ; 2.34 V             ; -0.00733 V         ; 0.234 V                             ; 0.071 V                             ; 5.36e-10 s                 ; 5.75e-10 s                 ; No                        ; Yes                       ;
; out[138]    ; 2.5 V        ; 0 s                 ; 0 s                 ; 2.32 V                       ; 9.38e-06 V                   ; 2.34 V              ; -0.00733 V          ; 0.234 V                              ; 0.071 V                              ; 5.36e-10 s                  ; 5.75e-10 s                  ; No                         ; Yes                        ; 2.32 V                      ; 9.38e-06 V                  ; 2.34 V             ; -0.00733 V         ; 0.234 V                             ; 0.071 V                             ; 5.36e-10 s                 ; 5.75e-10 s                 ; No                        ; Yes                       ;
; out[139]    ; 2.5 V        ; 0 s                 ; 0 s                 ; 2.32 V                       ; 1.05e-05 V                   ; 2.37 V              ; -0.0225 V           ; 0.277 V                              ; 0.104 V                              ; 5.22e-10 s                  ; 6.28e-10 s                  ; No                         ; Yes                        ; 2.32 V                      ; 1.05e-05 V                  ; 2.37 V             ; -0.0225 V          ; 0.277 V                             ; 0.104 V                             ; 5.22e-10 s                 ; 6.28e-10 s                 ; No                        ; Yes                       ;
; out[140]    ; 2.5 V        ; 0 s                 ; 0 s                 ; 2.32 V                       ; 9.38e-06 V                   ; 2.34 V              ; -0.00733 V          ; 0.234 V                              ; 0.071 V                              ; 5.36e-10 s                  ; 5.75e-10 s                  ; No                         ; Yes                        ; 2.32 V                      ; 9.38e-06 V                  ; 2.34 V             ; -0.00733 V         ; 0.234 V                             ; 0.071 V                             ; 5.36e-10 s                 ; 5.75e-10 s                 ; No                        ; Yes                       ;
; out[141]    ; 2.5 V        ; 0 s                 ; 0 s                 ; 2.32 V                       ; 1.04e-05 V                   ; 2.38 V              ; -0.027 V            ; 0.226 V                              ; 0.08 V                               ; 4.84e-10 s                  ; 5.18e-10 s                  ; No                         ; Yes                        ; 2.32 V                      ; 1.04e-05 V                  ; 2.38 V             ; -0.027 V           ; 0.226 V                             ; 0.08 V                              ; 4.84e-10 s                 ; 5.18e-10 s                 ; No                        ; Yes                       ;
; out[142]    ; 2.5 V        ; 0 s                 ; 0 s                 ; 2.32 V                       ; 1.04e-05 V                   ; 2.38 V              ; -0.0273 V           ; 0.226 V                              ; 0.08 V                               ; 4.84e-10 s                  ; 5.19e-10 s                  ; No                         ; Yes                        ; 2.32 V                      ; 1.04e-05 V                  ; 2.38 V             ; -0.0273 V          ; 0.226 V                             ; 0.08 V                              ; 4.84e-10 s                 ; 5.19e-10 s                 ; No                        ; Yes                       ;
; out[143]    ; 2.5 V        ; 0 s                 ; 0 s                 ; 2.32 V                       ; 9.38e-06 V                   ; 2.34 V              ; -0.00733 V          ; 0.234 V                              ; 0.071 V                              ; 5.36e-10 s                  ; 5.75e-10 s                  ; No                         ; Yes                        ; 2.32 V                      ; 9.38e-06 V                  ; 2.34 V             ; -0.00733 V         ; 0.234 V                             ; 0.071 V                             ; 5.36e-10 s                 ; 5.75e-10 s                 ; No                        ; Yes                       ;
; out[144]    ; 2.5 V        ; 0 s                 ; 0 s                 ; 2.32 V                       ; 1.05e-05 V                   ; 2.37 V              ; -0.0225 V           ; 0.277 V                              ; 0.104 V                              ; 5.22e-10 s                  ; 6.28e-10 s                  ; No                         ; Yes                        ; 2.32 V                      ; 1.05e-05 V                  ; 2.37 V             ; -0.0225 V          ; 0.277 V                             ; 0.104 V                             ; 5.22e-10 s                 ; 6.28e-10 s                 ; No                        ; Yes                       ;
; out[145]    ; 2.5 V        ; 0 s                 ; 0 s                 ; 2.32 V                       ; 1.04e-05 V                   ; 2.38 V              ; -0.0273 V           ; 0.226 V                              ; 0.08 V                               ; 4.84e-10 s                  ; 5.19e-10 s                  ; No                         ; Yes                        ; 2.32 V                      ; 1.04e-05 V                  ; 2.38 V             ; -0.0273 V          ; 0.226 V                             ; 0.08 V                              ; 4.84e-10 s                 ; 5.19e-10 s                 ; No                        ; Yes                       ;
; out[146]    ; 2.5 V        ; 0 s                 ; 0 s                 ; 2.32 V                       ; 1.04e-05 V                   ; 2.38 V              ; -0.0273 V           ; 0.226 V                              ; 0.08 V                               ; 4.84e-10 s                  ; 5.19e-10 s                  ; No                         ; Yes                        ; 2.32 V                      ; 1.04e-05 V                  ; 2.38 V             ; -0.0273 V          ; 0.226 V                             ; 0.08 V                              ; 4.84e-10 s                 ; 5.19e-10 s                 ; No                        ; Yes                       ;
; out[147]    ; 2.5 V        ; 0 s                 ; 0 s                 ; 2.32 V                       ; 9.38e-06 V                   ; 2.34 V              ; -0.00733 V          ; 0.234 V                              ; 0.071 V                              ; 5.36e-10 s                  ; 5.75e-10 s                  ; No                         ; Yes                        ; 2.32 V                      ; 9.38e-06 V                  ; 2.34 V             ; -0.00733 V         ; 0.234 V                             ; 0.071 V                             ; 5.36e-10 s                 ; 5.75e-10 s                 ; No                        ; Yes                       ;
; out[148]    ; 2.5 V        ; 0 s                 ; 0 s                 ; 2.32 V                       ; 1.05e-05 V                   ; 2.37 V              ; -0.0225 V           ; 0.277 V                              ; 0.104 V                              ; 5.22e-10 s                  ; 6.28e-10 s                  ; No                         ; Yes                        ; 2.32 V                      ; 1.05e-05 V                  ; 2.37 V             ; -0.0225 V          ; 0.277 V                             ; 0.104 V                             ; 5.22e-10 s                 ; 6.28e-10 s                 ; No                        ; Yes                       ;
; out[149]    ; 2.5 V        ; 0 s                 ; 0 s                 ; 2.32 V                       ; 1.05e-05 V                   ; 2.37 V              ; -0.0225 V           ; 0.277 V                              ; 0.104 V                              ; 5.22e-10 s                  ; 6.28e-10 s                  ; No                         ; Yes                        ; 2.32 V                      ; 1.05e-05 V                  ; 2.37 V             ; -0.0225 V          ; 0.277 V                             ; 0.104 V                             ; 5.22e-10 s                 ; 6.28e-10 s                 ; No                        ; Yes                       ;
; out[150]    ; 2.5 V        ; 0 s                 ; 0 s                 ; 2.32 V                       ; 1.04e-05 V                   ; 2.38 V              ; -0.0273 V           ; 0.226 V                              ; 0.08 V                               ; 4.84e-10 s                  ; 5.19e-10 s                  ; No                         ; Yes                        ; 2.32 V                      ; 1.04e-05 V                  ; 2.38 V             ; -0.0273 V          ; 0.226 V                             ; 0.08 V                              ; 4.84e-10 s                 ; 5.19e-10 s                 ; No                        ; Yes                       ;
; out[151]    ; 2.5 V        ; 0 s                 ; 0 s                 ; 2.32 V                       ; 1.04e-05 V                   ; 2.38 V              ; -0.027 V            ; 0.226 V                              ; 0.08 V                               ; 4.84e-10 s                  ; 5.18e-10 s                  ; No                         ; Yes                        ; 2.32 V                      ; 1.04e-05 V                  ; 2.38 V             ; -0.027 V           ; 0.226 V                             ; 0.08 V                              ; 4.84e-10 s                 ; 5.18e-10 s                 ; No                        ; Yes                       ;
; out[152]    ; 2.5 V        ; 0 s                 ; 0 s                 ; 2.32 V                       ; 9.38e-06 V                   ; 2.34 V              ; -0.00733 V          ; 0.234 V                              ; 0.071 V                              ; 5.36e-10 s                  ; 5.75e-10 s                  ; No                         ; Yes                        ; 2.32 V                      ; 9.38e-06 V                  ; 2.34 V             ; -0.00733 V         ; 0.234 V                             ; 0.071 V                             ; 5.36e-10 s                 ; 5.75e-10 s                 ; No                        ; Yes                       ;
; out[153]    ; 2.5 V        ; 0 s                 ; 0 s                 ; 2.32 V                       ; 1.04e-05 V                   ; 2.38 V              ; -0.0273 V           ; 0.226 V                              ; 0.08 V                               ; 4.84e-10 s                  ; 5.19e-10 s                  ; No                         ; Yes                        ; 2.32 V                      ; 1.04e-05 V                  ; 2.38 V             ; -0.0273 V          ; 0.226 V                             ; 0.08 V                              ; 4.84e-10 s                 ; 5.19e-10 s                 ; No                        ; Yes                       ;
; out[154]    ; 2.5 V        ; 0 s                 ; 0 s                 ; 2.32 V                       ; 1.04e-05 V                   ; 2.38 V              ; -0.027 V            ; 0.226 V                              ; 0.08 V                               ; 4.84e-10 s                  ; 5.18e-10 s                  ; No                         ; Yes                        ; 2.32 V                      ; 1.04e-05 V                  ; 2.38 V             ; -0.027 V           ; 0.226 V                             ; 0.08 V                              ; 4.84e-10 s                 ; 5.18e-10 s                 ; No                        ; Yes                       ;
; out[155]    ; 2.5 V        ; 0 s                 ; 0 s                 ; 2.32 V                       ; 1.05e-05 V                   ; 2.37 V              ; -0.0225 V           ; 0.277 V                              ; 0.104 V                              ; 5.22e-10 s                  ; 6.28e-10 s                  ; No                         ; Yes                        ; 2.32 V                      ; 1.05e-05 V                  ; 2.37 V             ; -0.0225 V          ; 0.277 V                             ; 0.104 V                             ; 5.22e-10 s                 ; 6.28e-10 s                 ; No                        ; Yes                       ;
; out[156]    ; 2.5 V        ; 0 s                 ; 0 s                 ; 2.32 V                       ; 1.04e-05 V                   ; 2.38 V              ; -0.0273 V           ; 0.226 V                              ; 0.08 V                               ; 4.84e-10 s                  ; 5.19e-10 s                  ; No                         ; Yes                        ; 2.32 V                      ; 1.04e-05 V                  ; 2.38 V             ; -0.0273 V          ; 0.226 V                             ; 0.08 V                              ; 4.84e-10 s                 ; 5.19e-10 s                 ; No                        ; Yes                       ;
; out[157]    ; 2.5 V        ; 0 s                 ; 0 s                 ; 2.32 V                       ; 1.05e-05 V                   ; 2.37 V              ; -0.0225 V           ; 0.277 V                              ; 0.104 V                              ; 5.22e-10 s                  ; 6.28e-10 s                  ; No                         ; Yes                        ; 2.32 V                      ; 1.05e-05 V                  ; 2.37 V             ; -0.0225 V          ; 0.277 V                             ; 0.104 V                             ; 5.22e-10 s                 ; 6.28e-10 s                 ; No                        ; Yes                       ;
; out[158]    ; 2.5 V        ; 0 s                 ; 0 s                 ; 2.32 V                       ; 1.04e-05 V                   ; 2.38 V              ; -0.0273 V           ; 0.226 V                              ; 0.08 V                               ; 4.84e-10 s                  ; 5.19e-10 s                  ; No                         ; Yes                        ; 2.32 V                      ; 1.04e-05 V                  ; 2.38 V             ; -0.0273 V          ; 0.226 V                             ; 0.08 V                              ; 4.84e-10 s                 ; 5.19e-10 s                 ; No                        ; Yes                       ;
; out[159]    ; 2.5 V        ; 0 s                 ; 0 s                 ; 2.32 V                       ; 1.04e-05 V                   ; 2.38 V              ; -0.0273 V           ; 0.226 V                              ; 0.08 V                               ; 4.84e-10 s                  ; 5.19e-10 s                  ; No                         ; Yes                        ; 2.32 V                      ; 1.04e-05 V                  ; 2.38 V             ; -0.0273 V          ; 0.226 V                             ; 0.08 V                              ; 4.84e-10 s                 ; 5.19e-10 s                 ; No                        ; Yes                       ;
; out[160]    ; 2.5 V        ; 0 s                 ; 0 s                 ; 2.32 V                       ; 1.04e-05 V                   ; 2.38 V              ; -0.027 V            ; 0.226 V                              ; 0.08 V                               ; 4.84e-10 s                  ; 5.18e-10 s                  ; No                         ; Yes                        ; 2.32 V                      ; 1.04e-05 V                  ; 2.38 V             ; -0.027 V           ; 0.226 V                             ; 0.08 V                              ; 4.84e-10 s                 ; 5.18e-10 s                 ; No                        ; Yes                       ;
; out[161]    ; 2.5 V        ; 0 s                 ; 0 s                 ; 2.32 V                       ; 1.04e-05 V                   ; 2.38 V              ; -0.027 V            ; 0.226 V                              ; 0.08 V                               ; 4.84e-10 s                  ; 5.18e-10 s                  ; No                         ; Yes                        ; 2.32 V                      ; 1.04e-05 V                  ; 2.38 V             ; -0.027 V           ; 0.226 V                             ; 0.08 V                              ; 4.84e-10 s                 ; 5.18e-10 s                 ; No                        ; Yes                       ;
; out[162]    ; 2.5 V        ; 0 s                 ; 0 s                 ; 2.32 V                       ; 9.38e-06 V                   ; 2.34 V              ; -0.00733 V          ; 0.234 V                              ; 0.071 V                              ; 5.36e-10 s                  ; 5.75e-10 s                  ; No                         ; Yes                        ; 2.32 V                      ; 9.38e-06 V                  ; 2.34 V             ; -0.00733 V         ; 0.234 V                             ; 0.071 V                             ; 5.36e-10 s                 ; 5.75e-10 s                 ; No                        ; Yes                       ;
; out[163]    ; 2.5 V        ; 0 s                 ; 0 s                 ; 2.32 V                       ; 1.04e-05 V                   ; 2.38 V              ; -0.027 V            ; 0.226 V                              ; 0.08 V                               ; 4.84e-10 s                  ; 5.18e-10 s                  ; No                         ; Yes                        ; 2.32 V                      ; 1.04e-05 V                  ; 2.38 V             ; -0.027 V           ; 0.226 V                             ; 0.08 V                              ; 4.84e-10 s                 ; 5.18e-10 s                 ; No                        ; Yes                       ;
; out[164]    ; 2.5 V        ; 0 s                 ; 0 s                 ; 2.32 V                       ; 1.04e-05 V                   ; 2.38 V              ; -0.0273 V           ; 0.226 V                              ; 0.08 V                               ; 4.84e-10 s                  ; 5.19e-10 s                  ; No                         ; Yes                        ; 2.32 V                      ; 1.04e-05 V                  ; 2.38 V             ; -0.0273 V          ; 0.226 V                             ; 0.08 V                              ; 4.84e-10 s                 ; 5.19e-10 s                 ; No                        ; Yes                       ;
; out[165]    ; 2.5 V        ; 0 s                 ; 0 s                 ; 2.32 V                       ; 9.38e-06 V                   ; 2.34 V              ; -0.00733 V          ; 0.234 V                              ; 0.071 V                              ; 5.36e-10 s                  ; 5.75e-10 s                  ; No                         ; Yes                        ; 2.32 V                      ; 9.38e-06 V                  ; 2.34 V             ; -0.00733 V         ; 0.234 V                             ; 0.071 V                             ; 5.36e-10 s                 ; 5.75e-10 s                 ; No                        ; Yes                       ;
; out[166]    ; 2.5 V        ; 0 s                 ; 0 s                 ; 2.32 V                       ; 1.04e-05 V                   ; 2.38 V              ; -0.027 V            ; 0.226 V                              ; 0.08 V                               ; 4.84e-10 s                  ; 5.18e-10 s                  ; No                         ; Yes                        ; 2.32 V                      ; 1.04e-05 V                  ; 2.38 V             ; -0.027 V           ; 0.226 V                             ; 0.08 V                              ; 4.84e-10 s                 ; 5.18e-10 s                 ; No                        ; Yes                       ;
; out[167]    ; 2.5 V        ; 0 s                 ; 0 s                 ; 2.32 V                       ; 1.05e-05 V                   ; 2.37 V              ; -0.0225 V           ; 0.277 V                              ; 0.104 V                              ; 5.22e-10 s                  ; 6.28e-10 s                  ; No                         ; Yes                        ; 2.32 V                      ; 1.05e-05 V                  ; 2.37 V             ; -0.0225 V          ; 0.277 V                             ; 0.104 V                             ; 5.22e-10 s                 ; 6.28e-10 s                 ; No                        ; Yes                       ;
; out[168]    ; 2.5 V        ; 0 s                 ; 0 s                 ; 2.32 V                       ; 1.05e-05 V                   ; 2.37 V              ; -0.0225 V           ; 0.277 V                              ; 0.104 V                              ; 5.22e-10 s                  ; 6.28e-10 s                  ; No                         ; Yes                        ; 2.32 V                      ; 1.05e-05 V                  ; 2.37 V             ; -0.0225 V          ; 0.277 V                             ; 0.104 V                             ; 5.22e-10 s                 ; 6.28e-10 s                 ; No                        ; Yes                       ;
; out[169]    ; 2.5 V        ; 0 s                 ; 0 s                 ; 2.32 V                       ; 1.05e-05 V                   ; 2.37 V              ; -0.0225 V           ; 0.277 V                              ; 0.104 V                              ; 5.22e-10 s                  ; 6.28e-10 s                  ; No                         ; Yes                        ; 2.32 V                      ; 1.05e-05 V                  ; 2.37 V             ; -0.0225 V          ; 0.277 V                             ; 0.104 V                             ; 5.22e-10 s                 ; 6.28e-10 s                 ; No                        ; Yes                       ;
; out[170]    ; 2.5 V        ; 0 s                 ; 0 s                 ; 2.32 V                       ; 9.38e-06 V                   ; 2.34 V              ; -0.00733 V          ; 0.234 V                              ; 0.071 V                              ; 5.36e-10 s                  ; 5.75e-10 s                  ; No                         ; Yes                        ; 2.32 V                      ; 9.38e-06 V                  ; 2.34 V             ; -0.00733 V         ; 0.234 V                             ; 0.071 V                             ; 5.36e-10 s                 ; 5.75e-10 s                 ; No                        ; Yes                       ;
; out[171]    ; 2.5 V        ; 0 s                 ; 0 s                 ; 2.32 V                       ; 1.04e-05 V                   ; 2.38 V              ; -0.0273 V           ; 0.226 V                              ; 0.08 V                               ; 4.84e-10 s                  ; 5.19e-10 s                  ; No                         ; Yes                        ; 2.32 V                      ; 1.04e-05 V                  ; 2.38 V             ; -0.0273 V          ; 0.226 V                             ; 0.08 V                              ; 4.84e-10 s                 ; 5.19e-10 s                 ; No                        ; Yes                       ;
; out[172]    ; 2.5 V        ; 0 s                 ; 0 s                 ; 2.32 V                       ; 9.38e-06 V                   ; 2.34 V              ; -0.00733 V          ; 0.234 V                              ; 0.071 V                              ; 5.36e-10 s                  ; 5.75e-10 s                  ; No                         ; Yes                        ; 2.32 V                      ; 9.38e-06 V                  ; 2.34 V             ; -0.00733 V         ; 0.234 V                             ; 0.071 V                             ; 5.36e-10 s                 ; 5.75e-10 s                 ; No                        ; Yes                       ;
; out[173]    ; 2.5 V        ; 0 s                 ; 0 s                 ; 2.32 V                       ; 1.04e-05 V                   ; 2.38 V              ; -0.0273 V           ; 0.226 V                              ; 0.08 V                               ; 4.84e-10 s                  ; 5.19e-10 s                  ; No                         ; Yes                        ; 2.32 V                      ; 1.04e-05 V                  ; 2.38 V             ; -0.0273 V          ; 0.226 V                             ; 0.08 V                              ; 4.84e-10 s                 ; 5.19e-10 s                 ; No                        ; Yes                       ;
; out[174]    ; 2.5 V        ; 0 s                 ; 0 s                 ; 2.32 V                       ; 9.38e-06 V                   ; 2.34 V              ; -0.00733 V          ; 0.234 V                              ; 0.071 V                              ; 5.36e-10 s                  ; 5.75e-10 s                  ; No                         ; Yes                        ; 2.32 V                      ; 9.38e-06 V                  ; 2.34 V             ; -0.00733 V         ; 0.234 V                             ; 0.071 V                             ; 5.36e-10 s                 ; 5.75e-10 s                 ; No                        ; Yes                       ;
; out[175]    ; 2.5 V        ; 0 s                 ; 0 s                 ; 2.32 V                       ; 1.04e-05 V                   ; 2.38 V              ; -0.0273 V           ; 0.226 V                              ; 0.08 V                               ; 4.84e-10 s                  ; 5.19e-10 s                  ; No                         ; Yes                        ; 2.32 V                      ; 1.04e-05 V                  ; 2.38 V             ; -0.0273 V          ; 0.226 V                             ; 0.08 V                              ; 4.84e-10 s                 ; 5.19e-10 s                 ; No                        ; Yes                       ;
; out[176]    ; 2.5 V        ; 0 s                 ; 0 s                 ; 2.32 V                       ; 1.04e-05 V                   ; 2.38 V              ; -0.0273 V           ; 0.226 V                              ; 0.08 V                               ; 4.84e-10 s                  ; 5.19e-10 s                  ; No                         ; Yes                        ; 2.32 V                      ; 1.04e-05 V                  ; 2.38 V             ; -0.0273 V          ; 0.226 V                             ; 0.08 V                              ; 4.84e-10 s                 ; 5.19e-10 s                 ; No                        ; Yes                       ;
; out[177]    ; 2.5 V        ; 0 s                 ; 0 s                 ; 2.32 V                       ; 1.04e-05 V                   ; 2.38 V              ; -0.027 V            ; 0.226 V                              ; 0.08 V                               ; 4.84e-10 s                  ; 5.18e-10 s                  ; No                         ; Yes                        ; 2.32 V                      ; 1.04e-05 V                  ; 2.38 V             ; -0.027 V           ; 0.226 V                             ; 0.08 V                              ; 4.84e-10 s                 ; 5.18e-10 s                 ; No                        ; Yes                       ;
; out[178]    ; 2.5 V        ; 0 s                 ; 0 s                 ; 2.32 V                       ; 1.04e-05 V                   ; 2.38 V              ; -0.027 V            ; 0.226 V                              ; 0.08 V                               ; 4.84e-10 s                  ; 5.18e-10 s                  ; No                         ; Yes                        ; 2.32 V                      ; 1.04e-05 V                  ; 2.38 V             ; -0.027 V           ; 0.226 V                             ; 0.08 V                              ; 4.84e-10 s                 ; 5.18e-10 s                 ; No                        ; Yes                       ;
; out[179]    ; 2.5 V        ; 0 s                 ; 0 s                 ; 2.32 V                       ; 1.04e-05 V                   ; 2.38 V              ; -0.0273 V           ; 0.226 V                              ; 0.08 V                               ; 4.84e-10 s                  ; 5.19e-10 s                  ; No                         ; Yes                        ; 2.32 V                      ; 1.04e-05 V                  ; 2.38 V             ; -0.0273 V          ; 0.226 V                             ; 0.08 V                              ; 4.84e-10 s                 ; 5.19e-10 s                 ; No                        ; Yes                       ;
; out[180]    ; 2.5 V        ; 0 s                 ; 0 s                 ; 2.32 V                       ; 9.38e-06 V                   ; 2.34 V              ; -0.00733 V          ; 0.234 V                              ; 0.071 V                              ; 5.36e-10 s                  ; 5.75e-10 s                  ; No                         ; Yes                        ; 2.32 V                      ; 9.38e-06 V                  ; 2.34 V             ; -0.00733 V         ; 0.234 V                             ; 0.071 V                             ; 5.36e-10 s                 ; 5.75e-10 s                 ; No                        ; Yes                       ;
; out[181]    ; 2.5 V        ; 0 s                 ; 0 s                 ; 2.32 V                       ; 9.38e-06 V                   ; 2.34 V              ; -0.00733 V          ; 0.234 V                              ; 0.071 V                              ; 5.36e-10 s                  ; 5.75e-10 s                  ; No                         ; Yes                        ; 2.32 V                      ; 9.38e-06 V                  ; 2.34 V             ; -0.00733 V         ; 0.234 V                             ; 0.071 V                             ; 5.36e-10 s                 ; 5.75e-10 s                 ; No                        ; Yes                       ;
; out[182]    ; 2.5 V        ; 0 s                 ; 0 s                 ; 2.32 V                       ; 1.04e-05 V                   ; 2.38 V              ; -0.0273 V           ; 0.226 V                              ; 0.08 V                               ; 4.84e-10 s                  ; 5.19e-10 s                  ; No                         ; Yes                        ; 2.32 V                      ; 1.04e-05 V                  ; 2.38 V             ; -0.0273 V          ; 0.226 V                             ; 0.08 V                              ; 4.84e-10 s                 ; 5.19e-10 s                 ; No                        ; Yes                       ;
; out[183]    ; 2.5 V        ; 0 s                 ; 0 s                 ; 2.32 V                       ; 1.04e-05 V                   ; 2.38 V              ; -0.027 V            ; 0.226 V                              ; 0.08 V                               ; 4.84e-10 s                  ; 5.18e-10 s                  ; No                         ; Yes                        ; 2.32 V                      ; 1.04e-05 V                  ; 2.38 V             ; -0.027 V           ; 0.226 V                             ; 0.08 V                              ; 4.84e-10 s                 ; 5.18e-10 s                 ; No                        ; Yes                       ;
; out[184]    ; 2.5 V        ; 0 s                 ; 0 s                 ; 2.32 V                       ; 1.05e-05 V                   ; 2.37 V              ; -0.0225 V           ; 0.277 V                              ; 0.104 V                              ; 5.22e-10 s                  ; 6.28e-10 s                  ; No                         ; Yes                        ; 2.32 V                      ; 1.05e-05 V                  ; 2.37 V             ; -0.0225 V          ; 0.277 V                             ; 0.104 V                             ; 5.22e-10 s                 ; 6.28e-10 s                 ; No                        ; Yes                       ;
; out[185]    ; 2.5 V        ; 0 s                 ; 0 s                 ; 2.32 V                       ; 1.05e-05 V                   ; 2.37 V              ; -0.0225 V           ; 0.277 V                              ; 0.104 V                              ; 5.22e-10 s                  ; 6.28e-10 s                  ; No                         ; Yes                        ; 2.32 V                      ; 1.05e-05 V                  ; 2.37 V             ; -0.0225 V          ; 0.277 V                             ; 0.104 V                             ; 5.22e-10 s                 ; 6.28e-10 s                 ; No                        ; Yes                       ;
; out[186]    ; 2.5 V        ; 0 s                 ; 0 s                 ; 2.32 V                       ; 1.05e-05 V                   ; 2.37 V              ; -0.0225 V           ; 0.277 V                              ; 0.104 V                              ; 5.22e-10 s                  ; 6.28e-10 s                  ; No                         ; Yes                        ; 2.32 V                      ; 1.05e-05 V                  ; 2.37 V             ; -0.0225 V          ; 0.277 V                             ; 0.104 V                             ; 5.22e-10 s                 ; 6.28e-10 s                 ; No                        ; Yes                       ;
; out[187]    ; 2.5 V        ; 0 s                 ; 0 s                 ; 2.32 V                       ; 1.04e-05 V                   ; 2.38 V              ; -0.0273 V           ; 0.226 V                              ; 0.08 V                               ; 4.84e-10 s                  ; 5.19e-10 s                  ; No                         ; Yes                        ; 2.32 V                      ; 1.04e-05 V                  ; 2.38 V             ; -0.0273 V          ; 0.226 V                             ; 0.08 V                              ; 4.84e-10 s                 ; 5.19e-10 s                 ; No                        ; Yes                       ;
; out[188]    ; 2.5 V        ; 0 s                 ; 0 s                 ; 2.32 V                       ; 1.04e-05 V                   ; 2.38 V              ; -0.0273 V           ; 0.226 V                              ; 0.08 V                               ; 4.84e-10 s                  ; 5.19e-10 s                  ; No                         ; Yes                        ; 2.32 V                      ; 1.04e-05 V                  ; 2.38 V             ; -0.0273 V          ; 0.226 V                             ; 0.08 V                              ; 4.84e-10 s                 ; 5.19e-10 s                 ; No                        ; Yes                       ;
; out[189]    ; 2.5 V        ; 0 s                 ; 0 s                 ; 2.32 V                       ; 1.05e-05 V                   ; 2.37 V              ; -0.0225 V           ; 0.277 V                              ; 0.104 V                              ; 5.22e-10 s                  ; 6.28e-10 s                  ; No                         ; Yes                        ; 2.32 V                      ; 1.05e-05 V                  ; 2.37 V             ; -0.0225 V          ; 0.277 V                             ; 0.104 V                             ; 5.22e-10 s                 ; 6.28e-10 s                 ; No                        ; Yes                       ;
; out[190]    ; 2.5 V        ; 0 s                 ; 0 s                 ; 2.32 V                       ; 9.38e-06 V                   ; 2.34 V              ; -0.00733 V          ; 0.234 V                              ; 0.071 V                              ; 5.36e-10 s                  ; 5.75e-10 s                  ; No                         ; Yes                        ; 2.32 V                      ; 9.38e-06 V                  ; 2.34 V             ; -0.00733 V         ; 0.234 V                             ; 0.071 V                             ; 5.36e-10 s                 ; 5.75e-10 s                 ; No                        ; Yes                       ;
; out[191]    ; 2.5 V        ; 0 s                 ; 0 s                 ; 2.32 V                       ; 1.04e-05 V                   ; 2.38 V              ; -0.027 V            ; 0.226 V                              ; 0.08 V                               ; 4.84e-10 s                  ; 5.18e-10 s                  ; No                         ; Yes                        ; 2.32 V                      ; 1.04e-05 V                  ; 2.38 V             ; -0.027 V           ; 0.226 V                             ; 0.08 V                              ; 4.84e-10 s                 ; 5.18e-10 s                 ; No                        ; Yes                       ;
; out[192]    ; 2.5 V        ; 0 s                 ; 0 s                 ; 2.32 V                       ; 1.04e-05 V                   ; 2.38 V              ; -0.027 V            ; 0.226 V                              ; 0.08 V                               ; 4.84e-10 s                  ; 5.18e-10 s                  ; No                         ; Yes                        ; 2.32 V                      ; 1.04e-05 V                  ; 2.38 V             ; -0.027 V           ; 0.226 V                             ; 0.08 V                              ; 4.84e-10 s                 ; 5.18e-10 s                 ; No                        ; Yes                       ;
; out[193]    ; 2.5 V        ; 0 s                 ; 0 s                 ; 2.32 V                       ; 1.04e-05 V                   ; 2.38 V              ; -0.027 V            ; 0.226 V                              ; 0.08 V                               ; 4.84e-10 s                  ; 5.18e-10 s                  ; No                         ; Yes                        ; 2.32 V                      ; 1.04e-05 V                  ; 2.38 V             ; -0.027 V           ; 0.226 V                             ; 0.08 V                              ; 4.84e-10 s                 ; 5.18e-10 s                 ; No                        ; Yes                       ;
; out[194]    ; 2.5 V        ; 0 s                 ; 0 s                 ; 2.32 V                       ; 1.04e-05 V                   ; 2.38 V              ; -0.0273 V           ; 0.226 V                              ; 0.08 V                               ; 4.84e-10 s                  ; 5.19e-10 s                  ; No                         ; Yes                        ; 2.32 V                      ; 1.04e-05 V                  ; 2.38 V             ; -0.0273 V          ; 0.226 V                             ; 0.08 V                              ; 4.84e-10 s                 ; 5.19e-10 s                 ; No                        ; Yes                       ;
; out[195]    ; 2.5 V        ; 0 s                 ; 0 s                 ; 2.32 V                       ; 9.38e-06 V                   ; 2.34 V              ; -0.00733 V          ; 0.234 V                              ; 0.071 V                              ; 5.36e-10 s                  ; 5.75e-10 s                  ; No                         ; Yes                        ; 2.32 V                      ; 9.38e-06 V                  ; 2.34 V             ; -0.00733 V         ; 0.234 V                             ; 0.071 V                             ; 5.36e-10 s                 ; 5.75e-10 s                 ; No                        ; Yes                       ;
; out[196]    ; 2.5 V        ; 0 s                 ; 0 s                 ; 2.32 V                       ; 1.05e-05 V                   ; 2.37 V              ; -0.0225 V           ; 0.277 V                              ; 0.104 V                              ; 5.22e-10 s                  ; 6.28e-10 s                  ; No                         ; Yes                        ; 2.32 V                      ; 1.05e-05 V                  ; 2.37 V             ; -0.0225 V          ; 0.277 V                             ; 0.104 V                             ; 5.22e-10 s                 ; 6.28e-10 s                 ; No                        ; Yes                       ;
; out[197]    ; 2.5 V        ; 0 s                 ; 0 s                 ; 2.32 V                       ; 9.38e-06 V                   ; 2.34 V              ; -0.00733 V          ; 0.234 V                              ; 0.071 V                              ; 5.36e-10 s                  ; 5.75e-10 s                  ; No                         ; Yes                        ; 2.32 V                      ; 9.38e-06 V                  ; 2.34 V             ; -0.00733 V         ; 0.234 V                             ; 0.071 V                             ; 5.36e-10 s                 ; 5.75e-10 s                 ; No                        ; Yes                       ;
; out[198]    ; 2.5 V        ; 0 s                 ; 0 s                 ; 2.32 V                       ; 1.04e-05 V                   ; 2.38 V              ; -0.027 V            ; 0.226 V                              ; 0.08 V                               ; 4.84e-10 s                  ; 5.18e-10 s                  ; No                         ; Yes                        ; 2.32 V                      ; 1.04e-05 V                  ; 2.38 V             ; -0.027 V           ; 0.226 V                             ; 0.08 V                              ; 4.84e-10 s                 ; 5.18e-10 s                 ; No                        ; Yes                       ;
; out[199]    ; 2.5 V        ; 0 s                 ; 0 s                 ; 2.32 V                       ; 9.38e-06 V                   ; 2.34 V              ; -0.00733 V          ; 0.234 V                              ; 0.071 V                              ; 5.36e-10 s                  ; 5.75e-10 s                  ; No                         ; Yes                        ; 2.32 V                      ; 9.38e-06 V                  ; 2.34 V             ; -0.00733 V         ; 0.234 V                             ; 0.071 V                             ; 5.36e-10 s                 ; 5.75e-10 s                 ; No                        ; Yes                       ;
; out[200]    ; 2.5 V        ; 0 s                 ; 0 s                 ; 2.32 V                       ; 1.05e-05 V                   ; 2.37 V              ; -0.0225 V           ; 0.277 V                              ; 0.104 V                              ; 5.22e-10 s                  ; 6.28e-10 s                  ; No                         ; Yes                        ; 2.32 V                      ; 1.05e-05 V                  ; 2.37 V             ; -0.0225 V          ; 0.277 V                             ; 0.104 V                             ; 5.22e-10 s                 ; 6.28e-10 s                 ; No                        ; Yes                       ;
; out[201]    ; 2.5 V        ; 0 s                 ; 0 s                 ; 2.32 V                       ; 1.04e-05 V                   ; 2.38 V              ; -0.027 V            ; 0.226 V                              ; 0.08 V                               ; 4.84e-10 s                  ; 5.18e-10 s                  ; No                         ; Yes                        ; 2.32 V                      ; 1.04e-05 V                  ; 2.38 V             ; -0.027 V           ; 0.226 V                             ; 0.08 V                              ; 4.84e-10 s                 ; 5.18e-10 s                 ; No                        ; Yes                       ;
; out[202]    ; 2.5 V        ; 0 s                 ; 0 s                 ; 2.32 V                       ; 1.05e-05 V                   ; 2.37 V              ; -0.0225 V           ; 0.277 V                              ; 0.104 V                              ; 5.22e-10 s                  ; 6.28e-10 s                  ; No                         ; Yes                        ; 2.32 V                      ; 1.05e-05 V                  ; 2.37 V             ; -0.0225 V          ; 0.277 V                             ; 0.104 V                             ; 5.22e-10 s                 ; 6.28e-10 s                 ; No                        ; Yes                       ;
; out[203]    ; 2.5 V        ; 0 s                 ; 0 s                 ; 2.32 V                       ; 1.04e-05 V                   ; 2.38 V              ; -0.027 V            ; 0.226 V                              ; 0.08 V                               ; 4.84e-10 s                  ; 5.18e-10 s                  ; No                         ; Yes                        ; 2.32 V                      ; 1.04e-05 V                  ; 2.38 V             ; -0.027 V           ; 0.226 V                             ; 0.08 V                              ; 4.84e-10 s                 ; 5.18e-10 s                 ; No                        ; Yes                       ;
; out[204]    ; 2.5 V        ; 0 s                 ; 0 s                 ; 2.32 V                       ; 1.05e-05 V                   ; 2.37 V              ; -0.0225 V           ; 0.277 V                              ; 0.104 V                              ; 5.22e-10 s                  ; 6.28e-10 s                  ; No                         ; Yes                        ; 2.32 V                      ; 1.05e-05 V                  ; 2.37 V             ; -0.0225 V          ; 0.277 V                             ; 0.104 V                             ; 5.22e-10 s                 ; 6.28e-10 s                 ; No                        ; Yes                       ;
; out[205]    ; 2.5 V        ; 0 s                 ; 0 s                 ; 2.32 V                       ; 1.04e-05 V                   ; 2.38 V              ; -0.027 V            ; 0.226 V                              ; 0.08 V                               ; 4.84e-10 s                  ; 5.18e-10 s                  ; No                         ; Yes                        ; 2.32 V                      ; 1.04e-05 V                  ; 2.38 V             ; -0.027 V           ; 0.226 V                             ; 0.08 V                              ; 4.84e-10 s                 ; 5.18e-10 s                 ; No                        ; Yes                       ;
; out[206]    ; 2.5 V        ; 0 s                 ; 0 s                 ; 2.32 V                       ; 1.04e-05 V                   ; 2.38 V              ; -0.027 V            ; 0.226 V                              ; 0.08 V                               ; 4.84e-10 s                  ; 5.18e-10 s                  ; No                         ; Yes                        ; 2.32 V                      ; 1.04e-05 V                  ; 2.38 V             ; -0.027 V           ; 0.226 V                             ; 0.08 V                              ; 4.84e-10 s                 ; 5.18e-10 s                 ; No                        ; Yes                       ;
; out[207]    ; 2.5 V        ; 0 s                 ; 0 s                 ; 2.32 V                       ; 9.38e-06 V                   ; 2.34 V              ; -0.00733 V          ; 0.234 V                              ; 0.071 V                              ; 5.36e-10 s                  ; 5.75e-10 s                  ; No                         ; Yes                        ; 2.32 V                      ; 9.38e-06 V                  ; 2.34 V             ; -0.00733 V         ; 0.234 V                             ; 0.071 V                             ; 5.36e-10 s                 ; 5.75e-10 s                 ; No                        ; Yes                       ;
; out[208]    ; 2.5 V        ; 0 s                 ; 0 s                 ; 2.32 V                       ; 9.38e-06 V                   ; 2.34 V              ; -0.00733 V          ; 0.234 V                              ; 0.071 V                              ; 5.36e-10 s                  ; 5.75e-10 s                  ; No                         ; Yes                        ; 2.32 V                      ; 9.38e-06 V                  ; 2.34 V             ; -0.00733 V         ; 0.234 V                             ; 0.071 V                             ; 5.36e-10 s                 ; 5.75e-10 s                 ; No                        ; Yes                       ;
; out[209]    ; 2.5 V        ; 0 s                 ; 0 s                 ; 2.32 V                       ; 1.04e-05 V                   ; 2.38 V              ; -0.027 V            ; 0.226 V                              ; 0.08 V                               ; 4.84e-10 s                  ; 5.18e-10 s                  ; No                         ; Yes                        ; 2.32 V                      ; 1.04e-05 V                  ; 2.38 V             ; -0.027 V           ; 0.226 V                             ; 0.08 V                              ; 4.84e-10 s                 ; 5.18e-10 s                 ; No                        ; Yes                       ;
; out[210]    ; 2.5 V        ; 0 s                 ; 0 s                 ; 2.32 V                       ; 9.38e-06 V                   ; 2.34 V              ; -0.00733 V          ; 0.234 V                              ; 0.071 V                              ; 5.36e-10 s                  ; 5.75e-10 s                  ; No                         ; Yes                        ; 2.32 V                      ; 9.38e-06 V                  ; 2.34 V             ; -0.00733 V         ; 0.234 V                             ; 0.071 V                             ; 5.36e-10 s                 ; 5.75e-10 s                 ; No                        ; Yes                       ;
; out[211]    ; 2.5 V        ; 0 s                 ; 0 s                 ; 2.32 V                       ; 1.05e-05 V                   ; 2.37 V              ; -0.0225 V           ; 0.277 V                              ; 0.104 V                              ; 5.22e-10 s                  ; 6.28e-10 s                  ; No                         ; Yes                        ; 2.32 V                      ; 1.05e-05 V                  ; 2.37 V             ; -0.0225 V          ; 0.277 V                             ; 0.104 V                             ; 5.22e-10 s                 ; 6.28e-10 s                 ; No                        ; Yes                       ;
; out[212]    ; 2.5 V        ; 0 s                 ; 0 s                 ; 2.32 V                       ; 9.38e-06 V                   ; 2.34 V              ; -0.00733 V          ; 0.234 V                              ; 0.071 V                              ; 5.36e-10 s                  ; 5.75e-10 s                  ; No                         ; Yes                        ; 2.32 V                      ; 9.38e-06 V                  ; 2.34 V             ; -0.00733 V         ; 0.234 V                             ; 0.071 V                             ; 5.36e-10 s                 ; 5.75e-10 s                 ; No                        ; Yes                       ;
; out[213]    ; 2.5 V        ; 0 s                 ; 0 s                 ; 2.32 V                       ; 1.05e-05 V                   ; 2.37 V              ; -0.0225 V           ; 0.277 V                              ; 0.104 V                              ; 5.22e-10 s                  ; 6.28e-10 s                  ; No                         ; Yes                        ; 2.32 V                      ; 1.05e-05 V                  ; 2.37 V             ; -0.0225 V          ; 0.277 V                             ; 0.104 V                             ; 5.22e-10 s                 ; 6.28e-10 s                 ; No                        ; Yes                       ;
; out[214]    ; 2.5 V        ; 0 s                 ; 0 s                 ; 2.32 V                       ; 1.04e-05 V                   ; 2.38 V              ; -0.0273 V           ; 0.226 V                              ; 0.08 V                               ; 4.84e-10 s                  ; 5.19e-10 s                  ; No                         ; Yes                        ; 2.32 V                      ; 1.04e-05 V                  ; 2.38 V             ; -0.0273 V          ; 0.226 V                             ; 0.08 V                              ; 4.84e-10 s                 ; 5.19e-10 s                 ; No                        ; Yes                       ;
; out[215]    ; 2.5 V        ; 0 s                 ; 0 s                 ; 2.32 V                       ; 1.05e-05 V                   ; 2.37 V              ; -0.0225 V           ; 0.277 V                              ; 0.104 V                              ; 5.22e-10 s                  ; 6.28e-10 s                  ; No                         ; Yes                        ; 2.32 V                      ; 1.05e-05 V                  ; 2.37 V             ; -0.0225 V          ; 0.277 V                             ; 0.104 V                             ; 5.22e-10 s                 ; 6.28e-10 s                 ; No                        ; Yes                       ;
; out[216]    ; 2.5 V        ; 0 s                 ; 0 s                 ; 2.32 V                       ; 1.05e-05 V                   ; 2.37 V              ; -0.0225 V           ; 0.277 V                              ; 0.104 V                              ; 5.22e-10 s                  ; 6.28e-10 s                  ; No                         ; Yes                        ; 2.32 V                      ; 1.05e-05 V                  ; 2.37 V             ; -0.0225 V          ; 0.277 V                             ; 0.104 V                             ; 5.22e-10 s                 ; 6.28e-10 s                 ; No                        ; Yes                       ;
; out[217]    ; 2.5 V        ; 0 s                 ; 0 s                 ; 2.32 V                       ; 1.04e-05 V                   ; 2.38 V              ; -0.0273 V           ; 0.226 V                              ; 0.08 V                               ; 4.84e-10 s                  ; 5.19e-10 s                  ; No                         ; Yes                        ; 2.32 V                      ; 1.04e-05 V                  ; 2.38 V             ; -0.0273 V          ; 0.226 V                             ; 0.08 V                              ; 4.84e-10 s                 ; 5.19e-10 s                 ; No                        ; Yes                       ;
; out[218]    ; 2.5 V        ; 0 s                 ; 0 s                 ; 2.32 V                       ; 1.04e-05 V                   ; 2.38 V              ; -0.0273 V           ; 0.226 V                              ; 0.08 V                               ; 4.84e-10 s                  ; 5.19e-10 s                  ; No                         ; Yes                        ; 2.32 V                      ; 1.04e-05 V                  ; 2.38 V             ; -0.0273 V          ; 0.226 V                             ; 0.08 V                              ; 4.84e-10 s                 ; 5.19e-10 s                 ; No                        ; Yes                       ;
; out[219]    ; 2.5 V        ; 0 s                 ; 0 s                 ; 2.32 V                       ; 1.04e-05 V                   ; 2.38 V              ; -0.027 V            ; 0.226 V                              ; 0.08 V                               ; 4.84e-10 s                  ; 5.18e-10 s                  ; No                         ; Yes                        ; 2.32 V                      ; 1.04e-05 V                  ; 2.38 V             ; -0.027 V           ; 0.226 V                             ; 0.08 V                              ; 4.84e-10 s                 ; 5.18e-10 s                 ; No                        ; Yes                       ;
; out[220]    ; 2.5 V        ; 0 s                 ; 0 s                 ; 2.32 V                       ; 1.04e-05 V                   ; 2.38 V              ; -0.0273 V           ; 0.226 V                              ; 0.08 V                               ; 4.84e-10 s                  ; 5.19e-10 s                  ; No                         ; Yes                        ; 2.32 V                      ; 1.04e-05 V                  ; 2.38 V             ; -0.0273 V          ; 0.226 V                             ; 0.08 V                              ; 4.84e-10 s                 ; 5.19e-10 s                 ; No                        ; Yes                       ;
; out[221]    ; 2.5 V        ; 0 s                 ; 0 s                 ; 2.32 V                       ; 1.05e-05 V                   ; 2.37 V              ; -0.0225 V           ; 0.277 V                              ; 0.104 V                              ; 5.22e-10 s                  ; 6.28e-10 s                  ; No                         ; Yes                        ; 2.32 V                      ; 1.05e-05 V                  ; 2.37 V             ; -0.0225 V          ; 0.277 V                             ; 0.104 V                             ; 5.22e-10 s                 ; 6.28e-10 s                 ; No                        ; Yes                       ;
; out[222]    ; 2.5 V        ; 0 s                 ; 0 s                 ; 2.32 V                       ; 1.04e-05 V                   ; 2.38 V              ; -0.0273 V           ; 0.226 V                              ; 0.08 V                               ; 4.84e-10 s                  ; 5.19e-10 s                  ; No                         ; Yes                        ; 2.32 V                      ; 1.04e-05 V                  ; 2.38 V             ; -0.0273 V          ; 0.226 V                             ; 0.08 V                              ; 4.84e-10 s                 ; 5.19e-10 s                 ; No                        ; Yes                       ;
; out[223]    ; 2.5 V        ; 0 s                 ; 0 s                 ; 2.32 V                       ; 9.38e-06 V                   ; 2.34 V              ; -0.00733 V          ; 0.234 V                              ; 0.071 V                              ; 5.36e-10 s                  ; 5.75e-10 s                  ; No                         ; Yes                        ; 2.32 V                      ; 9.38e-06 V                  ; 2.34 V             ; -0.00733 V         ; 0.234 V                             ; 0.071 V                             ; 5.36e-10 s                 ; 5.75e-10 s                 ; No                        ; Yes                       ;
; out[224]    ; 2.5 V        ; 0 s                 ; 0 s                 ; 2.32 V                       ; 1.04e-05 V                   ; 2.38 V              ; -0.027 V            ; 0.226 V                              ; 0.08 V                               ; 4.84e-10 s                  ; 5.18e-10 s                  ; No                         ; Yes                        ; 2.32 V                      ; 1.04e-05 V                  ; 2.38 V             ; -0.027 V           ; 0.226 V                             ; 0.08 V                              ; 4.84e-10 s                 ; 5.18e-10 s                 ; No                        ; Yes                       ;
; out[225]    ; 2.5 V        ; 0 s                 ; 0 s                 ; 2.32 V                       ; 9.38e-06 V                   ; 2.34 V              ; -0.00733 V          ; 0.234 V                              ; 0.071 V                              ; 5.36e-10 s                  ; 5.75e-10 s                  ; No                         ; Yes                        ; 2.32 V                      ; 9.38e-06 V                  ; 2.34 V             ; -0.00733 V         ; 0.234 V                             ; 0.071 V                             ; 5.36e-10 s                 ; 5.75e-10 s                 ; No                        ; Yes                       ;
; out[226]    ; 2.5 V        ; 0 s                 ; 0 s                 ; 2.32 V                       ; 1.05e-05 V                   ; 2.37 V              ; -0.0225 V           ; 0.277 V                              ; 0.104 V                              ; 5.22e-10 s                  ; 6.28e-10 s                  ; No                         ; Yes                        ; 2.32 V                      ; 1.05e-05 V                  ; 2.37 V             ; -0.0225 V          ; 0.277 V                             ; 0.104 V                             ; 5.22e-10 s                 ; 6.28e-10 s                 ; No                        ; Yes                       ;
; out[227]    ; 2.5 V        ; 0 s                 ; 0 s                 ; 2.32 V                       ; 1.05e-05 V                   ; 2.37 V              ; -0.0225 V           ; 0.277 V                              ; 0.104 V                              ; 5.22e-10 s                  ; 6.28e-10 s                  ; No                         ; Yes                        ; 2.32 V                      ; 1.05e-05 V                  ; 2.37 V             ; -0.0225 V          ; 0.277 V                             ; 0.104 V                             ; 5.22e-10 s                 ; 6.28e-10 s                 ; No                        ; Yes                       ;
; out[228]    ; 2.5 V        ; 0 s                 ; 0 s                 ; 2.32 V                       ; 9.38e-06 V                   ; 2.34 V              ; -0.00733 V          ; 0.234 V                              ; 0.071 V                              ; 5.36e-10 s                  ; 5.75e-10 s                  ; No                         ; Yes                        ; 2.32 V                      ; 9.38e-06 V                  ; 2.34 V             ; -0.00733 V         ; 0.234 V                             ; 0.071 V                             ; 5.36e-10 s                 ; 5.75e-10 s                 ; No                        ; Yes                       ;
; out[229]    ; 2.5 V        ; 0 s                 ; 0 s                 ; 2.32 V                       ; 1.04e-05 V                   ; 2.38 V              ; -0.027 V            ; 0.226 V                              ; 0.08 V                               ; 4.84e-10 s                  ; 5.18e-10 s                  ; No                         ; Yes                        ; 2.32 V                      ; 1.04e-05 V                  ; 2.38 V             ; -0.027 V           ; 0.226 V                             ; 0.08 V                              ; 4.84e-10 s                 ; 5.18e-10 s                 ; No                        ; Yes                       ;
; out[230]    ; 2.5 V        ; 0 s                 ; 0 s                 ; 2.32 V                       ; 1.05e-05 V                   ; 2.37 V              ; -0.0225 V           ; 0.277 V                              ; 0.104 V                              ; 5.22e-10 s                  ; 6.28e-10 s                  ; No                         ; Yes                        ; 2.32 V                      ; 1.05e-05 V                  ; 2.37 V             ; -0.0225 V          ; 0.277 V                             ; 0.104 V                             ; 5.22e-10 s                 ; 6.28e-10 s                 ; No                        ; Yes                       ;
; out[231]    ; 2.5 V        ; 0 s                 ; 0 s                 ; 2.32 V                       ; 1.05e-05 V                   ; 2.37 V              ; -0.0225 V           ; 0.277 V                              ; 0.104 V                              ; 5.22e-10 s                  ; 6.28e-10 s                  ; No                         ; Yes                        ; 2.32 V                      ; 1.05e-05 V                  ; 2.37 V             ; -0.0225 V          ; 0.277 V                             ; 0.104 V                             ; 5.22e-10 s                 ; 6.28e-10 s                 ; No                        ; Yes                       ;
; out[232]    ; 2.5 V        ; 0 s                 ; 0 s                 ; 2.32 V                       ; 9.38e-06 V                   ; 2.34 V              ; -0.00733 V          ; 0.234 V                              ; 0.071 V                              ; 5.36e-10 s                  ; 5.75e-10 s                  ; No                         ; Yes                        ; 2.32 V                      ; 9.38e-06 V                  ; 2.34 V             ; -0.00733 V         ; 0.234 V                             ; 0.071 V                             ; 5.36e-10 s                 ; 5.75e-10 s                 ; No                        ; Yes                       ;
; out[233]    ; 2.5 V        ; 0 s                 ; 0 s                 ; 2.32 V                       ; 1.04e-05 V                   ; 2.38 V              ; -0.0273 V           ; 0.226 V                              ; 0.08 V                               ; 4.84e-10 s                  ; 5.19e-10 s                  ; No                         ; Yes                        ; 2.32 V                      ; 1.04e-05 V                  ; 2.38 V             ; -0.0273 V          ; 0.226 V                             ; 0.08 V                              ; 4.84e-10 s                 ; 5.19e-10 s                 ; No                        ; Yes                       ;
; out[234]    ; 2.5 V        ; 0 s                 ; 0 s                 ; 2.32 V                       ; 9.38e-06 V                   ; 2.34 V              ; -0.00733 V          ; 0.234 V                              ; 0.071 V                              ; 5.36e-10 s                  ; 5.75e-10 s                  ; No                         ; Yes                        ; 2.32 V                      ; 9.38e-06 V                  ; 2.34 V             ; -0.00733 V         ; 0.234 V                             ; 0.071 V                             ; 5.36e-10 s                 ; 5.75e-10 s                 ; No                        ; Yes                       ;
; out[235]    ; 2.5 V        ; 0 s                 ; 0 s                 ; 2.32 V                       ; 1.04e-05 V                   ; 2.38 V              ; -0.027 V            ; 0.226 V                              ; 0.08 V                               ; 4.84e-10 s                  ; 5.18e-10 s                  ; No                         ; Yes                        ; 2.32 V                      ; 1.04e-05 V                  ; 2.38 V             ; -0.027 V           ; 0.226 V                             ; 0.08 V                              ; 4.84e-10 s                 ; 5.18e-10 s                 ; No                        ; Yes                       ;
; out[236]    ; 2.5 V        ; 0 s                 ; 0 s                 ; 2.32 V                       ; 9.38e-06 V                   ; 2.34 V              ; -0.00733 V          ; 0.234 V                              ; 0.071 V                              ; 5.36e-10 s                  ; 5.75e-10 s                  ; No                         ; Yes                        ; 2.32 V                      ; 9.38e-06 V                  ; 2.34 V             ; -0.00733 V         ; 0.234 V                             ; 0.071 V                             ; 5.36e-10 s                 ; 5.75e-10 s                 ; No                        ; Yes                       ;
; out[237]    ; 2.5 V        ; 0 s                 ; 0 s                 ; 2.32 V                       ; 1.04e-05 V                   ; 2.38 V              ; -0.0273 V           ; 0.226 V                              ; 0.08 V                               ; 4.84e-10 s                  ; 5.19e-10 s                  ; No                         ; Yes                        ; 2.32 V                      ; 1.04e-05 V                  ; 2.38 V             ; -0.0273 V          ; 0.226 V                             ; 0.08 V                              ; 4.84e-10 s                 ; 5.19e-10 s                 ; No                        ; Yes                       ;
; out[238]    ; 2.5 V        ; 0 s                 ; 0 s                 ; 2.32 V                       ; 1.04e-05 V                   ; 2.38 V              ; -0.027 V            ; 0.226 V                              ; 0.08 V                               ; 4.84e-10 s                  ; 5.18e-10 s                  ; No                         ; Yes                        ; 2.32 V                      ; 1.04e-05 V                  ; 2.38 V             ; -0.027 V           ; 0.226 V                             ; 0.08 V                              ; 4.84e-10 s                 ; 5.18e-10 s                 ; No                        ; Yes                       ;
; out[239]    ; 2.5 V        ; 0 s                 ; 0 s                 ; 2.32 V                       ; 1.04e-05 V                   ; 2.38 V              ; -0.0273 V           ; 0.226 V                              ; 0.08 V                               ; 4.84e-10 s                  ; 5.19e-10 s                  ; No                         ; Yes                        ; 2.32 V                      ; 1.04e-05 V                  ; 2.38 V             ; -0.0273 V          ; 0.226 V                             ; 0.08 V                              ; 4.84e-10 s                 ; 5.19e-10 s                 ; No                        ; Yes                       ;
; out[240]    ; 2.5 V        ; 0 s                 ; 0 s                 ; 2.32 V                       ; 1.04e-05 V                   ; 2.38 V              ; -0.0273 V           ; 0.226 V                              ; 0.08 V                               ; 4.84e-10 s                  ; 5.19e-10 s                  ; No                         ; Yes                        ; 2.32 V                      ; 1.04e-05 V                  ; 2.38 V             ; -0.0273 V          ; 0.226 V                             ; 0.08 V                              ; 4.84e-10 s                 ; 5.19e-10 s                 ; No                        ; Yes                       ;
; out[241]    ; 2.5 V        ; 0 s                 ; 0 s                 ; 2.32 V                       ; 1.05e-05 V                   ; 2.37 V              ; -0.0225 V           ; 0.277 V                              ; 0.104 V                              ; 5.22e-10 s                  ; 6.28e-10 s                  ; No                         ; Yes                        ; 2.32 V                      ; 1.05e-05 V                  ; 2.37 V             ; -0.0225 V          ; 0.277 V                             ; 0.104 V                             ; 5.22e-10 s                 ; 6.28e-10 s                 ; No                        ; Yes                       ;
; out[242]    ; 2.5 V        ; 0 s                 ; 0 s                 ; 2.32 V                       ; 1.04e-05 V                   ; 2.38 V              ; -0.0273 V           ; 0.226 V                              ; 0.08 V                               ; 4.84e-10 s                  ; 5.19e-10 s                  ; No                         ; Yes                        ; 2.32 V                      ; 1.04e-05 V                  ; 2.38 V             ; -0.0273 V          ; 0.226 V                             ; 0.08 V                              ; 4.84e-10 s                 ; 5.19e-10 s                 ; No                        ; Yes                       ;
; out[243]    ; 2.5 V        ; 0 s                 ; 0 s                 ; 2.32 V                       ; 1.04e-05 V                   ; 2.38 V              ; -0.027 V            ; 0.226 V                              ; 0.08 V                               ; 4.84e-10 s                  ; 5.18e-10 s                  ; No                         ; Yes                        ; 2.32 V                      ; 1.04e-05 V                  ; 2.38 V             ; -0.027 V           ; 0.226 V                             ; 0.08 V                              ; 4.84e-10 s                 ; 5.18e-10 s                 ; No                        ; Yes                       ;
; out[244]    ; 2.5 V        ; 0 s                 ; 0 s                 ; 2.32 V                       ; 9.38e-06 V                   ; 2.34 V              ; -0.00733 V          ; 0.234 V                              ; 0.071 V                              ; 5.36e-10 s                  ; 5.75e-10 s                  ; No                         ; Yes                        ; 2.32 V                      ; 9.38e-06 V                  ; 2.34 V             ; -0.00733 V         ; 0.234 V                             ; 0.071 V                             ; 5.36e-10 s                 ; 5.75e-10 s                 ; No                        ; Yes                       ;
; out[245]    ; 2.5 V        ; 0 s                 ; 0 s                 ; 2.32 V                       ; 1.04e-05 V                   ; 2.38 V              ; -0.0273 V           ; 0.226 V                              ; 0.08 V                               ; 4.84e-10 s                  ; 5.19e-10 s                  ; No                         ; Yes                        ; 2.32 V                      ; 1.04e-05 V                  ; 2.38 V             ; -0.0273 V          ; 0.226 V                             ; 0.08 V                              ; 4.84e-10 s                 ; 5.19e-10 s                 ; No                        ; Yes                       ;
; out[246]    ; 2.5 V        ; 0 s                 ; 0 s                 ; 2.32 V                       ; 9.38e-06 V                   ; 2.34 V              ; -0.00733 V          ; 0.234 V                              ; 0.071 V                              ; 5.36e-10 s                  ; 5.75e-10 s                  ; No                         ; Yes                        ; 2.32 V                      ; 9.38e-06 V                  ; 2.34 V             ; -0.00733 V         ; 0.234 V                             ; 0.071 V                             ; 5.36e-10 s                 ; 5.75e-10 s                 ; No                        ; Yes                       ;
; out[247]    ; 2.5 V        ; 0 s                 ; 0 s                 ; 2.32 V                       ; 1.05e-05 V                   ; 2.37 V              ; -0.0225 V           ; 0.277 V                              ; 0.104 V                              ; 5.22e-10 s                  ; 6.28e-10 s                  ; No                         ; Yes                        ; 2.32 V                      ; 1.05e-05 V                  ; 2.37 V             ; -0.0225 V          ; 0.277 V                             ; 0.104 V                             ; 5.22e-10 s                 ; 6.28e-10 s                 ; No                        ; Yes                       ;
; out[248]    ; 2.5 V        ; 0 s                 ; 0 s                 ; 2.32 V                       ; 1.05e-05 V                   ; 2.37 V              ; -0.0225 V           ; 0.277 V                              ; 0.104 V                              ; 5.22e-10 s                  ; 6.28e-10 s                  ; No                         ; Yes                        ; 2.32 V                      ; 1.05e-05 V                  ; 2.37 V             ; -0.0225 V          ; 0.277 V                             ; 0.104 V                             ; 5.22e-10 s                 ; 6.28e-10 s                 ; No                        ; Yes                       ;
; out[249]    ; 2.5 V        ; 0 s                 ; 0 s                 ; 2.32 V                       ; 1.04e-05 V                   ; 2.38 V              ; -0.027 V            ; 0.226 V                              ; 0.08 V                               ; 4.84e-10 s                  ; 5.18e-10 s                  ; No                         ; Yes                        ; 2.32 V                      ; 1.04e-05 V                  ; 2.38 V             ; -0.027 V           ; 0.226 V                             ; 0.08 V                              ; 4.84e-10 s                 ; 5.18e-10 s                 ; No                        ; Yes                       ;
; out[250]    ; 2.5 V        ; 0 s                 ; 0 s                 ; 2.32 V                       ; 1.04e-05 V                   ; 2.38 V              ; -0.0273 V           ; 0.226 V                              ; 0.08 V                               ; 4.84e-10 s                  ; 5.19e-10 s                  ; No                         ; Yes                        ; 2.32 V                      ; 1.04e-05 V                  ; 2.38 V             ; -0.0273 V          ; 0.226 V                             ; 0.08 V                              ; 4.84e-10 s                 ; 5.19e-10 s                 ; No                        ; Yes                       ;
; out[251]    ; 2.5 V        ; 0 s                 ; 0 s                 ; 2.32 V                       ; 9.38e-06 V                   ; 2.34 V              ; -0.00733 V          ; 0.234 V                              ; 0.071 V                              ; 5.36e-10 s                  ; 5.75e-10 s                  ; No                         ; Yes                        ; 2.32 V                      ; 9.38e-06 V                  ; 2.34 V             ; -0.00733 V         ; 0.234 V                             ; 0.071 V                             ; 5.36e-10 s                 ; 5.75e-10 s                 ; No                        ; Yes                       ;
; out[252]    ; 2.5 V        ; 0 s                 ; 0 s                 ; 2.32 V                       ; 1.04e-05 V                   ; 2.38 V              ; -0.027 V            ; 0.226 V                              ; 0.08 V                               ; 4.84e-10 s                  ; 5.18e-10 s                  ; No                         ; Yes                        ; 2.32 V                      ; 1.04e-05 V                  ; 2.38 V             ; -0.027 V           ; 0.226 V                             ; 0.08 V                              ; 4.84e-10 s                 ; 5.18e-10 s                 ; No                        ; Yes                       ;
; out[253]    ; 2.5 V        ; 0 s                 ; 0 s                 ; 2.32 V                       ; 1.04e-05 V                   ; 2.38 V              ; -0.0273 V           ; 0.226 V                              ; 0.08 V                               ; 4.84e-10 s                  ; 5.19e-10 s                  ; No                         ; Yes                        ; 2.32 V                      ; 1.04e-05 V                  ; 2.38 V             ; -0.0273 V          ; 0.226 V                             ; 0.08 V                              ; 4.84e-10 s                 ; 5.19e-10 s                 ; No                        ; Yes                       ;
; out[254]    ; 2.5 V        ; 0 s                 ; 0 s                 ; 2.32 V                       ; 1.04e-05 V                   ; 2.38 V              ; -0.0273 V           ; 0.226 V                              ; 0.08 V                               ; 4.84e-10 s                  ; 5.19e-10 s                  ; No                         ; Yes                        ; 2.32 V                      ; 1.04e-05 V                  ; 2.38 V             ; -0.0273 V          ; 0.226 V                             ; 0.08 V                              ; 4.84e-10 s                 ; 5.19e-10 s                 ; No                        ; Yes                       ;
+-------------+--------------+---------------------+---------------------+------------------------------+------------------------------+---------------------+---------------------+--------------------------------------+--------------------------------------+-----------------------------+-----------------------------+----------------------------+----------------------------+-----------------------------+-----------------------------+--------------------+--------------------+-------------------------------------+-------------------------------------+----------------------------+----------------------------+---------------------------+---------------------------+


+------------------------------------------------------------------------------------------------------------------------------------------------------------------------------------------------------------------------------------------------------------------------------------------------------------------------------------------------------------------------------------------------------------------------------------------------------------------------------------------------------------------------------------------------------------------------------------------------------------------------------------------------------------------------------------------+
; Signal Integrity Metrics (Fast 1100mv 0c Model)                                                                                                                                                                                                                                                                                                                                                                                                                                                                                                                                                                                                                                          ;
+-------------+--------------+---------------------+---------------------+------------------------------+------------------------------+---------------------+---------------------+--------------------------------------+--------------------------------------+-----------------------------+-----------------------------+----------------------------+----------------------------+-----------------------------+-----------------------------+--------------------+--------------------+-------------------------------------+-------------------------------------+----------------------------+----------------------------+---------------------------+---------------------------+
; Pin         ; I/O Standard ; Board Delay on Rise ; Board Delay on Fall ; Steady State Voh at FPGA Pin ; Steady State Vol at FPGA Pin ; Voh Max at FPGA Pin ; Vol Min at FPGA Pin ; Ringback Voltage on Rise at FPGA Pin ; Ringback Voltage on Fall at FPGA Pin ; 10-90 Rise Time at FPGA Pin ; 90-10 Fall Time at FPGA Pin ; Monotonic Rise at FPGA Pin ; Monotonic Fall at FPGA Pin ; Steady State Voh at Far-end ; Steady State Vol at Far-end ; Voh Max at Far-end ; Vol Min at Far-end ; Ringback Voltage on Rise at Far-end ; Ringback Voltage on Fall at Far-end ; 10-90 Rise Time at Far-end ; 90-10 Fall Time at Far-end ; Monotonic Rise at Far-end ; Monotonic Fall at Far-end ;
+-------------+--------------+---------------------+---------------------+------------------------------+------------------------------+---------------------+---------------------+--------------------------------------+--------------------------------------+-----------------------------+-----------------------------+----------------------------+----------------------------+-----------------------------+-----------------------------+--------------------+--------------------+-------------------------------------+-------------------------------------+----------------------------+----------------------------+---------------------------+---------------------------+
; out[255]    ; 2.5 V        ; 0 s                 ; 0 s                 ; 2.75 V                       ; 4.14e-06 V                   ; 2.91 V              ; -0.121 V            ; 0.326 V                              ; 0.297 V                              ; 2.74e-10 s                  ; 2.8e-10 s                   ; No                         ; No                         ; 2.75 V                      ; 4.14e-06 V                  ; 2.91 V             ; -0.121 V           ; 0.326 V                             ; 0.297 V                             ; 2.74e-10 s                 ; 2.8e-10 s                  ; No                        ; No                        ;
; out_ready   ; 2.5 V        ; 0 s                 ; 0 s                 ; 2.75 V                       ; 4.25e-06 V                   ; 2.9 V               ; -0.107 V            ; 0.378 V                              ; 0.16 V                               ; 2.87e-10 s                  ; 4.28e-10 s                  ; No                         ; No                         ; 2.75 V                      ; 4.25e-06 V                  ; 2.9 V              ; -0.107 V           ; 0.378 V                             ; 0.16 V                              ; 2.87e-10 s                 ; 4.28e-10 s                 ; No                        ; No                        ;
; buffer_full ; 2.5 V        ; 0 s                 ; 0 s                 ; 2.75 V                       ; 3.54e-06 V                   ; 2.81 V              ; -0.0578 V           ; 0.303 V                              ; 0.28 V                               ; 2.93e-10 s                  ; 3.01e-10 s                  ; No                         ; No                         ; 2.75 V                      ; 3.54e-06 V                  ; 2.81 V             ; -0.0578 V          ; 0.303 V                             ; 0.28 V                              ; 2.93e-10 s                 ; 3.01e-10 s                 ; No                        ; No                        ;
; out[0]      ; 2.5 V        ; 0 s                 ; 0 s                 ; 2.75 V                       ; 4.14e-06 V                   ; 2.91 V              ; -0.121 V            ; 0.326 V                              ; 0.297 V                              ; 2.74e-10 s                  ; 2.8e-10 s                   ; No                         ; No                         ; 2.75 V                      ; 4.14e-06 V                  ; 2.91 V             ; -0.121 V           ; 0.326 V                             ; 0.297 V                             ; 2.74e-10 s                 ; 2.8e-10 s                  ; No                        ; No                        ;
; out[1]      ; 2.5 V        ; 0 s                 ; 0 s                 ; 2.75 V                       ; 4.14e-06 V                   ; 2.91 V              ; -0.119 V            ; 0.326 V                              ; 0.298 V                              ; 2.74e-10 s                  ; 2.8e-10 s                   ; No                         ; No                         ; 2.75 V                      ; 4.14e-06 V                  ; 2.91 V             ; -0.119 V           ; 0.326 V                             ; 0.298 V                             ; 2.74e-10 s                 ; 2.8e-10 s                  ; No                        ; No                        ;
; out[2]      ; 2.5 V        ; 0 s                 ; 0 s                 ; 2.75 V                       ; 3.54e-06 V                   ; 2.81 V              ; -0.0578 V           ; 0.303 V                              ; 0.28 V                               ; 2.93e-10 s                  ; 3.01e-10 s                  ; No                         ; No                         ; 2.75 V                      ; 3.54e-06 V                  ; 2.81 V             ; -0.0578 V          ; 0.303 V                             ; 0.28 V                              ; 2.93e-10 s                 ; 3.01e-10 s                 ; No                        ; No                        ;
; out[3]      ; 2.5 V        ; 0 s                 ; 0 s                 ; 2.75 V                       ; 3.54e-06 V                   ; 2.81 V              ; -0.0578 V           ; 0.303 V                              ; 0.28 V                               ; 2.93e-10 s                  ; 3.01e-10 s                  ; No                         ; No                         ; 2.75 V                      ; 3.54e-06 V                  ; 2.81 V             ; -0.0578 V          ; 0.303 V                             ; 0.28 V                              ; 2.93e-10 s                 ; 3.01e-10 s                 ; No                        ; No                        ;
; out[4]      ; 2.5 V        ; 0 s                 ; 0 s                 ; 2.75 V                       ; 4.25e-06 V                   ; 2.9 V               ; -0.107 V            ; 0.378 V                              ; 0.16 V                               ; 2.87e-10 s                  ; 4.28e-10 s                  ; No                         ; No                         ; 2.75 V                      ; 4.25e-06 V                  ; 2.9 V              ; -0.107 V           ; 0.378 V                             ; 0.16 V                              ; 2.87e-10 s                 ; 4.28e-10 s                 ; No                        ; No                        ;
; out[5]      ; 2.5 V        ; 0 s                 ; 0 s                 ; 2.75 V                       ; 4.25e-06 V                   ; 2.9 V               ; -0.107 V            ; 0.378 V                              ; 0.16 V                               ; 2.87e-10 s                  ; 4.28e-10 s                  ; No                         ; No                         ; 2.75 V                      ; 4.25e-06 V                  ; 2.9 V              ; -0.107 V           ; 0.378 V                             ; 0.16 V                              ; 2.87e-10 s                 ; 4.28e-10 s                 ; No                        ; No                        ;
; out[6]      ; 2.5 V        ; 0 s                 ; 0 s                 ; 2.75 V                       ; 4.25e-06 V                   ; 2.9 V               ; -0.107 V            ; 0.378 V                              ; 0.16 V                               ; 2.87e-10 s                  ; 4.28e-10 s                  ; No                         ; No                         ; 2.75 V                      ; 4.25e-06 V                  ; 2.9 V              ; -0.107 V           ; 0.378 V                             ; 0.16 V                              ; 2.87e-10 s                 ; 4.28e-10 s                 ; No                        ; No                        ;
; out[7]      ; 2.5 V        ; 0 s                 ; 0 s                 ; 2.75 V                       ; 4.14e-06 V                   ; 2.91 V              ; -0.119 V            ; 0.326 V                              ; 0.298 V                              ; 2.74e-10 s                  ; 2.8e-10 s                   ; No                         ; No                         ; 2.75 V                      ; 4.14e-06 V                  ; 2.91 V             ; -0.119 V           ; 0.326 V                             ; 0.298 V                             ; 2.74e-10 s                 ; 2.8e-10 s                  ; No                        ; No                        ;
; out[8]      ; 2.5 V        ; 0 s                 ; 0 s                 ; 2.75 V                       ; 4.14e-06 V                   ; 2.91 V              ; -0.121 V            ; 0.326 V                              ; 0.297 V                              ; 2.74e-10 s                  ; 2.8e-10 s                   ; No                         ; No                         ; 2.75 V                      ; 4.14e-06 V                  ; 2.91 V             ; -0.121 V           ; 0.326 V                             ; 0.297 V                             ; 2.74e-10 s                 ; 2.8e-10 s                  ; No                        ; No                        ;
; out[9]      ; 2.5 V        ; 0 s                 ; 0 s                 ; 2.75 V                       ; 4.25e-06 V                   ; 2.9 V               ; -0.107 V            ; 0.378 V                              ; 0.16 V                               ; 2.87e-10 s                  ; 4.28e-10 s                  ; No                         ; No                         ; 2.75 V                      ; 4.25e-06 V                  ; 2.9 V              ; -0.107 V           ; 0.378 V                             ; 0.16 V                              ; 2.87e-10 s                 ; 4.28e-10 s                 ; No                        ; No                        ;
; out[10]     ; 2.5 V        ; 0 s                 ; 0 s                 ; 2.75 V                       ; 3.54e-06 V                   ; 2.81 V              ; -0.0578 V           ; 0.303 V                              ; 0.28 V                               ; 2.93e-10 s                  ; 3.01e-10 s                  ; No                         ; No                         ; 2.75 V                      ; 3.54e-06 V                  ; 2.81 V             ; -0.0578 V          ; 0.303 V                             ; 0.28 V                              ; 2.93e-10 s                 ; 3.01e-10 s                 ; No                        ; No                        ;
; out[11]     ; 2.5 V        ; 0 s                 ; 0 s                 ; 2.75 V                       ; 4.14e-06 V                   ; 2.91 V              ; -0.121 V            ; 0.326 V                              ; 0.297 V                              ; 2.74e-10 s                  ; 2.8e-10 s                   ; No                         ; No                         ; 2.75 V                      ; 4.14e-06 V                  ; 2.91 V             ; -0.121 V           ; 0.326 V                             ; 0.297 V                             ; 2.74e-10 s                 ; 2.8e-10 s                  ; No                        ; No                        ;
; out[12]     ; 2.5 V        ; 0 s                 ; 0 s                 ; 2.75 V                       ; 4.14e-06 V                   ; 2.91 V              ; -0.119 V            ; 0.326 V                              ; 0.298 V                              ; 2.74e-10 s                  ; 2.8e-10 s                   ; No                         ; No                         ; 2.75 V                      ; 4.14e-06 V                  ; 2.91 V             ; -0.119 V           ; 0.326 V                             ; 0.298 V                             ; 2.74e-10 s                 ; 2.8e-10 s                  ; No                        ; No                        ;
; out[13]     ; 2.5 V        ; 0 s                 ; 0 s                 ; 2.75 V                       ; 4.14e-06 V                   ; 2.91 V              ; -0.119 V            ; 0.326 V                              ; 0.298 V                              ; 2.74e-10 s                  ; 2.8e-10 s                   ; No                         ; No                         ; 2.75 V                      ; 4.14e-06 V                  ; 2.91 V             ; -0.119 V           ; 0.326 V                             ; 0.298 V                             ; 2.74e-10 s                 ; 2.8e-10 s                  ; No                        ; No                        ;
; out[14]     ; 2.5 V        ; 0 s                 ; 0 s                 ; 2.75 V                       ; 3.54e-06 V                   ; 2.81 V              ; -0.0578 V           ; 0.303 V                              ; 0.28 V                               ; 2.93e-10 s                  ; 3.01e-10 s                  ; No                         ; No                         ; 2.75 V                      ; 3.54e-06 V                  ; 2.81 V             ; -0.0578 V          ; 0.303 V                             ; 0.28 V                              ; 2.93e-10 s                 ; 3.01e-10 s                 ; No                        ; No                        ;
; out[15]     ; 2.5 V        ; 0 s                 ; 0 s                 ; 2.75 V                       ; 4.14e-06 V                   ; 2.91 V              ; -0.119 V            ; 0.326 V                              ; 0.298 V                              ; 2.74e-10 s                  ; 2.8e-10 s                   ; No                         ; No                         ; 2.75 V                      ; 4.14e-06 V                  ; 2.91 V             ; -0.119 V           ; 0.326 V                             ; 0.298 V                             ; 2.74e-10 s                 ; 2.8e-10 s                  ; No                        ; No                        ;
; out[16]     ; 2.5 V        ; 0 s                 ; 0 s                 ; 2.75 V                       ; 4.14e-06 V                   ; 2.91 V              ; -0.121 V            ; 0.326 V                              ; 0.297 V                              ; 2.74e-10 s                  ; 2.8e-10 s                   ; No                         ; No                         ; 2.75 V                      ; 4.14e-06 V                  ; 2.91 V             ; -0.121 V           ; 0.326 V                             ; 0.297 V                             ; 2.74e-10 s                 ; 2.8e-10 s                  ; No                        ; No                        ;
; out[17]     ; 2.5 V        ; 0 s                 ; 0 s                 ; 2.75 V                       ; 3.54e-06 V                   ; 2.81 V              ; -0.0578 V           ; 0.303 V                              ; 0.28 V                               ; 2.93e-10 s                  ; 3.01e-10 s                  ; No                         ; No                         ; 2.75 V                      ; 3.54e-06 V                  ; 2.81 V             ; -0.0578 V          ; 0.303 V                             ; 0.28 V                              ; 2.93e-10 s                 ; 3.01e-10 s                 ; No                        ; No                        ;
; out[18]     ; 2.5 V        ; 0 s                 ; 0 s                 ; 2.75 V                       ; 4.25e-06 V                   ; 2.9 V               ; -0.107 V            ; 0.378 V                              ; 0.16 V                               ; 2.87e-10 s                  ; 4.28e-10 s                  ; No                         ; No                         ; 2.75 V                      ; 4.25e-06 V                  ; 2.9 V              ; -0.107 V           ; 0.378 V                             ; 0.16 V                              ; 2.87e-10 s                 ; 4.28e-10 s                 ; No                        ; No                        ;
; out[19]     ; 2.5 V        ; 0 s                 ; 0 s                 ; 2.75 V                       ; 4.14e-06 V                   ; 2.91 V              ; -0.121 V            ; 0.326 V                              ; 0.297 V                              ; 2.74e-10 s                  ; 2.8e-10 s                   ; No                         ; No                         ; 2.75 V                      ; 4.14e-06 V                  ; 2.91 V             ; -0.121 V           ; 0.326 V                             ; 0.297 V                             ; 2.74e-10 s                 ; 2.8e-10 s                  ; No                        ; No                        ;
; out[20]     ; 2.5 V        ; 0 s                 ; 0 s                 ; 2.75 V                       ; 4.14e-06 V                   ; 2.91 V              ; -0.119 V            ; 0.326 V                              ; 0.298 V                              ; 2.74e-10 s                  ; 2.8e-10 s                   ; No                         ; No                         ; 2.75 V                      ; 4.14e-06 V                  ; 2.91 V             ; -0.119 V           ; 0.326 V                             ; 0.298 V                             ; 2.74e-10 s                 ; 2.8e-10 s                  ; No                        ; No                        ;
; out[21]     ; 2.5 V        ; 0 s                 ; 0 s                 ; 2.75 V                       ; 4.14e-06 V                   ; 2.91 V              ; -0.121 V            ; 0.326 V                              ; 0.297 V                              ; 2.74e-10 s                  ; 2.8e-10 s                   ; No                         ; No                         ; 2.75 V                      ; 4.14e-06 V                  ; 2.91 V             ; -0.121 V           ; 0.326 V                             ; 0.297 V                             ; 2.74e-10 s                 ; 2.8e-10 s                  ; No                        ; No                        ;
; out[22]     ; 2.5 V        ; 0 s                 ; 0 s                 ; 2.75 V                       ; 4.25e-06 V                   ; 2.9 V               ; -0.107 V            ; 0.378 V                              ; 0.16 V                               ; 2.87e-10 s                  ; 4.28e-10 s                  ; No                         ; No                         ; 2.75 V                      ; 4.25e-06 V                  ; 2.9 V              ; -0.107 V           ; 0.378 V                             ; 0.16 V                              ; 2.87e-10 s                 ; 4.28e-10 s                 ; No                        ; No                        ;
; out[23]     ; 2.5 V        ; 0 s                 ; 0 s                 ; 2.75 V                       ; 4.14e-06 V                   ; 2.91 V              ; -0.121 V            ; 0.326 V                              ; 0.297 V                              ; 2.74e-10 s                  ; 2.8e-10 s                   ; No                         ; No                         ; 2.75 V                      ; 4.14e-06 V                  ; 2.91 V             ; -0.121 V           ; 0.326 V                             ; 0.297 V                             ; 2.74e-10 s                 ; 2.8e-10 s                  ; No                        ; No                        ;
; out[24]     ; 2.5 V        ; 0 s                 ; 0 s                 ; 2.75 V                       ; 4.25e-06 V                   ; 2.9 V               ; -0.107 V            ; 0.378 V                              ; 0.16 V                               ; 2.87e-10 s                  ; 4.28e-10 s                  ; No                         ; No                         ; 2.75 V                      ; 4.25e-06 V                  ; 2.9 V              ; -0.107 V           ; 0.378 V                             ; 0.16 V                              ; 2.87e-10 s                 ; 4.28e-10 s                 ; No                        ; No                        ;
; out[25]     ; 2.5 V        ; 0 s                 ; 0 s                 ; 2.75 V                       ; 4.25e-06 V                   ; 2.9 V               ; -0.107 V            ; 0.378 V                              ; 0.16 V                               ; 2.87e-10 s                  ; 4.28e-10 s                  ; No                         ; No                         ; 2.75 V                      ; 4.25e-06 V                  ; 2.9 V              ; -0.107 V           ; 0.378 V                             ; 0.16 V                              ; 2.87e-10 s                 ; 4.28e-10 s                 ; No                        ; No                        ;
; out[26]     ; 2.5 V        ; 0 s                 ; 0 s                 ; 2.75 V                       ; 4.14e-06 V                   ; 2.91 V              ; -0.119 V            ; 0.326 V                              ; 0.298 V                              ; 2.74e-10 s                  ; 2.8e-10 s                   ; No                         ; No                         ; 2.75 V                      ; 4.14e-06 V                  ; 2.91 V             ; -0.119 V           ; 0.326 V                             ; 0.298 V                             ; 2.74e-10 s                 ; 2.8e-10 s                  ; No                        ; No                        ;
; out[27]     ; 2.5 V        ; 0 s                 ; 0 s                 ; 2.75 V                       ; 4.14e-06 V                   ; 2.91 V              ; -0.119 V            ; 0.326 V                              ; 0.298 V                              ; 2.74e-10 s                  ; 2.8e-10 s                   ; No                         ; No                         ; 2.75 V                      ; 4.14e-06 V                  ; 2.91 V             ; -0.119 V           ; 0.326 V                             ; 0.298 V                             ; 2.74e-10 s                 ; 2.8e-10 s                  ; No                        ; No                        ;
; out[28]     ; 2.5 V        ; 0 s                 ; 0 s                 ; 2.75 V                       ; 4.25e-06 V                   ; 2.9 V               ; -0.107 V            ; 0.378 V                              ; 0.16 V                               ; 2.87e-10 s                  ; 4.28e-10 s                  ; No                         ; No                         ; 2.75 V                      ; 4.25e-06 V                  ; 2.9 V              ; -0.107 V           ; 0.378 V                             ; 0.16 V                              ; 2.87e-10 s                 ; 4.28e-10 s                 ; No                        ; No                        ;
; out[29]     ; 2.5 V        ; 0 s                 ; 0 s                 ; 2.75 V                       ; 4.25e-06 V                   ; 2.9 V               ; -0.107 V            ; 0.378 V                              ; 0.16 V                               ; 2.87e-10 s                  ; 4.28e-10 s                  ; No                         ; No                         ; 2.75 V                      ; 4.25e-06 V                  ; 2.9 V              ; -0.107 V           ; 0.378 V                             ; 0.16 V                              ; 2.87e-10 s                 ; 4.28e-10 s                 ; No                        ; No                        ;
; out[30]     ; 2.5 V        ; 0 s                 ; 0 s                 ; 2.75 V                       ; 3.54e-06 V                   ; 2.81 V              ; -0.0578 V           ; 0.303 V                              ; 0.28 V                               ; 2.93e-10 s                  ; 3.01e-10 s                  ; No                         ; No                         ; 2.75 V                      ; 3.54e-06 V                  ; 2.81 V             ; -0.0578 V          ; 0.303 V                             ; 0.28 V                              ; 2.93e-10 s                 ; 3.01e-10 s                 ; No                        ; No                        ;
; out[31]     ; 2.5 V        ; 0 s                 ; 0 s                 ; 2.75 V                       ; 4.14e-06 V                   ; 2.91 V              ; -0.121 V            ; 0.326 V                              ; 0.297 V                              ; 2.74e-10 s                  ; 2.8e-10 s                   ; No                         ; No                         ; 2.75 V                      ; 4.14e-06 V                  ; 2.91 V             ; -0.121 V           ; 0.326 V                             ; 0.297 V                             ; 2.74e-10 s                 ; 2.8e-10 s                  ; No                        ; No                        ;
; out[32]     ; 2.5 V        ; 0 s                 ; 0 s                 ; 2.75 V                       ; 3.54e-06 V                   ; 2.81 V              ; -0.0578 V           ; 0.303 V                              ; 0.28 V                               ; 2.93e-10 s                  ; 3.01e-10 s                  ; No                         ; No                         ; 2.75 V                      ; 3.54e-06 V                  ; 2.81 V             ; -0.0578 V          ; 0.303 V                             ; 0.28 V                              ; 2.93e-10 s                 ; 3.01e-10 s                 ; No                        ; No                        ;
; out[33]     ; 2.5 V        ; 0 s                 ; 0 s                 ; 2.75 V                       ; 4.14e-06 V                   ; 2.91 V              ; -0.121 V            ; 0.326 V                              ; 0.297 V                              ; 2.74e-10 s                  ; 2.8e-10 s                   ; No                         ; No                         ; 2.75 V                      ; 4.14e-06 V                  ; 2.91 V             ; -0.121 V           ; 0.326 V                             ; 0.297 V                             ; 2.74e-10 s                 ; 2.8e-10 s                  ; No                        ; No                        ;
; out[34]     ; 2.5 V        ; 0 s                 ; 0 s                 ; 2.75 V                       ; 3.54e-06 V                   ; 2.81 V              ; -0.0578 V           ; 0.303 V                              ; 0.28 V                               ; 2.93e-10 s                  ; 3.01e-10 s                  ; No                         ; No                         ; 2.75 V                      ; 3.54e-06 V                  ; 2.81 V             ; -0.0578 V          ; 0.303 V                             ; 0.28 V                              ; 2.93e-10 s                 ; 3.01e-10 s                 ; No                        ; No                        ;
; out[35]     ; 2.5 V        ; 0 s                 ; 0 s                 ; 2.75 V                       ; 4.25e-06 V                   ; 2.9 V               ; -0.107 V            ; 0.378 V                              ; 0.16 V                               ; 2.87e-10 s                  ; 4.28e-10 s                  ; No                         ; No                         ; 2.75 V                      ; 4.25e-06 V                  ; 2.9 V              ; -0.107 V           ; 0.378 V                             ; 0.16 V                              ; 2.87e-10 s                 ; 4.28e-10 s                 ; No                        ; No                        ;
; out[36]     ; 2.5 V        ; 0 s                 ; 0 s                 ; 2.75 V                       ; 3.54e-06 V                   ; 2.81 V              ; -0.0578 V           ; 0.303 V                              ; 0.28 V                               ; 2.93e-10 s                  ; 3.01e-10 s                  ; No                         ; No                         ; 2.75 V                      ; 3.54e-06 V                  ; 2.81 V             ; -0.0578 V          ; 0.303 V                             ; 0.28 V                              ; 2.93e-10 s                 ; 3.01e-10 s                 ; No                        ; No                        ;
; out[37]     ; 2.5 V        ; 0 s                 ; 0 s                 ; 2.75 V                       ; 4.14e-06 V                   ; 2.91 V              ; -0.121 V            ; 0.326 V                              ; 0.297 V                              ; 2.74e-10 s                  ; 2.8e-10 s                   ; No                         ; No                         ; 2.75 V                      ; 4.14e-06 V                  ; 2.91 V             ; -0.121 V           ; 0.326 V                             ; 0.297 V                             ; 2.74e-10 s                 ; 2.8e-10 s                  ; No                        ; No                        ;
; out[38]     ; 2.5 V        ; 0 s                 ; 0 s                 ; 2.75 V                       ; 4.14e-06 V                   ; 2.91 V              ; -0.121 V            ; 0.326 V                              ; 0.297 V                              ; 2.74e-10 s                  ; 2.8e-10 s                   ; No                         ; No                         ; 2.75 V                      ; 4.14e-06 V                  ; 2.91 V             ; -0.121 V           ; 0.326 V                             ; 0.297 V                             ; 2.74e-10 s                 ; 2.8e-10 s                  ; No                        ; No                        ;
; out[39]     ; 2.5 V        ; 0 s                 ; 0 s                 ; 2.75 V                       ; 4.14e-06 V                   ; 2.91 V              ; -0.121 V            ; 0.326 V                              ; 0.297 V                              ; 2.74e-10 s                  ; 2.8e-10 s                   ; No                         ; No                         ; 2.75 V                      ; 4.14e-06 V                  ; 2.91 V             ; -0.121 V           ; 0.326 V                             ; 0.297 V                             ; 2.74e-10 s                 ; 2.8e-10 s                  ; No                        ; No                        ;
; out[40]     ; 2.5 V        ; 0 s                 ; 0 s                 ; 2.75 V                       ; 4.25e-06 V                   ; 2.9 V               ; -0.107 V            ; 0.378 V                              ; 0.16 V                               ; 2.87e-10 s                  ; 4.28e-10 s                  ; No                         ; No                         ; 2.75 V                      ; 4.25e-06 V                  ; 2.9 V              ; -0.107 V           ; 0.378 V                             ; 0.16 V                              ; 2.87e-10 s                 ; 4.28e-10 s                 ; No                        ; No                        ;
; out[41]     ; 2.5 V        ; 0 s                 ; 0 s                 ; 2.75 V                       ; 4.14e-06 V                   ; 2.91 V              ; -0.119 V            ; 0.326 V                              ; 0.298 V                              ; 2.74e-10 s                  ; 2.8e-10 s                   ; No                         ; No                         ; 2.75 V                      ; 4.14e-06 V                  ; 2.91 V             ; -0.119 V           ; 0.326 V                             ; 0.298 V                             ; 2.74e-10 s                 ; 2.8e-10 s                  ; No                        ; No                        ;
; out[42]     ; 2.5 V        ; 0 s                 ; 0 s                 ; 2.75 V                       ; 3.54e-06 V                   ; 2.81 V              ; -0.0578 V           ; 0.303 V                              ; 0.28 V                               ; 2.93e-10 s                  ; 3.01e-10 s                  ; No                         ; No                         ; 2.75 V                      ; 3.54e-06 V                  ; 2.81 V             ; -0.0578 V          ; 0.303 V                             ; 0.28 V                              ; 2.93e-10 s                 ; 3.01e-10 s                 ; No                        ; No                        ;
; out[43]     ; 2.5 V        ; 0 s                 ; 0 s                 ; 2.75 V                       ; 4.14e-06 V                   ; 2.91 V              ; -0.119 V            ; 0.326 V                              ; 0.298 V                              ; 2.74e-10 s                  ; 2.8e-10 s                   ; No                         ; No                         ; 2.75 V                      ; 4.14e-06 V                  ; 2.91 V             ; -0.119 V           ; 0.326 V                             ; 0.298 V                             ; 2.74e-10 s                 ; 2.8e-10 s                  ; No                        ; No                        ;
; out[44]     ; 2.5 V        ; 0 s                 ; 0 s                 ; 2.75 V                       ; 4.14e-06 V                   ; 2.91 V              ; -0.119 V            ; 0.326 V                              ; 0.298 V                              ; 2.74e-10 s                  ; 2.8e-10 s                   ; No                         ; No                         ; 2.75 V                      ; 4.14e-06 V                  ; 2.91 V             ; -0.119 V           ; 0.326 V                             ; 0.298 V                             ; 2.74e-10 s                 ; 2.8e-10 s                  ; No                        ; No                        ;
; out[45]     ; 2.5 V        ; 0 s                 ; 0 s                 ; 2.75 V                       ; 4.25e-06 V                   ; 2.9 V               ; -0.107 V            ; 0.378 V                              ; 0.16 V                               ; 2.87e-10 s                  ; 4.28e-10 s                  ; No                         ; No                         ; 2.75 V                      ; 4.25e-06 V                  ; 2.9 V              ; -0.107 V           ; 0.378 V                             ; 0.16 V                              ; 2.87e-10 s                 ; 4.28e-10 s                 ; No                        ; No                        ;
; out[46]     ; 2.5 V        ; 0 s                 ; 0 s                 ; 2.75 V                       ; 4.25e-06 V                   ; 2.9 V               ; -0.107 V            ; 0.378 V                              ; 0.16 V                               ; 2.87e-10 s                  ; 4.28e-10 s                  ; No                         ; No                         ; 2.75 V                      ; 4.25e-06 V                  ; 2.9 V              ; -0.107 V           ; 0.378 V                             ; 0.16 V                              ; 2.87e-10 s                 ; 4.28e-10 s                 ; No                        ; No                        ;
; out[47]     ; 2.5 V        ; 0 s                 ; 0 s                 ; 2.75 V                       ; 4.14e-06 V                   ; 2.91 V              ; -0.121 V            ; 0.326 V                              ; 0.297 V                              ; 2.74e-10 s                  ; 2.8e-10 s                   ; No                         ; No                         ; 2.75 V                      ; 4.14e-06 V                  ; 2.91 V             ; -0.121 V           ; 0.326 V                             ; 0.297 V                             ; 2.74e-10 s                 ; 2.8e-10 s                  ; No                        ; No                        ;
; out[48]     ; 2.5 V        ; 0 s                 ; 0 s                 ; 2.75 V                       ; 4.14e-06 V                   ; 2.91 V              ; -0.121 V            ; 0.326 V                              ; 0.297 V                              ; 2.74e-10 s                  ; 2.8e-10 s                   ; No                         ; No                         ; 2.75 V                      ; 4.14e-06 V                  ; 2.91 V             ; -0.121 V           ; 0.326 V                             ; 0.297 V                             ; 2.74e-10 s                 ; 2.8e-10 s                  ; No                        ; No                        ;
; out[49]     ; 2.5 V        ; 0 s                 ; 0 s                 ; 2.75 V                       ; 4.14e-06 V                   ; 2.91 V              ; -0.121 V            ; 0.326 V                              ; 0.297 V                              ; 2.74e-10 s                  ; 2.8e-10 s                   ; No                         ; No                         ; 2.75 V                      ; 4.14e-06 V                  ; 2.91 V             ; -0.121 V           ; 0.326 V                             ; 0.297 V                             ; 2.74e-10 s                 ; 2.8e-10 s                  ; No                        ; No                        ;
; out[50]     ; 2.5 V        ; 0 s                 ; 0 s                 ; 2.75 V                       ; 4.14e-06 V                   ; 2.91 V              ; -0.121 V            ; 0.326 V                              ; 0.297 V                              ; 2.74e-10 s                  ; 2.8e-10 s                   ; No                         ; No                         ; 2.75 V                      ; 4.14e-06 V                  ; 2.91 V             ; -0.121 V           ; 0.326 V                             ; 0.297 V                             ; 2.74e-10 s                 ; 2.8e-10 s                  ; No                        ; No                        ;
; out[51]     ; 2.5 V        ; 0 s                 ; 0 s                 ; 2.75 V                       ; 4.14e-06 V                   ; 2.91 V              ; -0.119 V            ; 0.326 V                              ; 0.298 V                              ; 2.74e-10 s                  ; 2.8e-10 s                   ; No                         ; No                         ; 2.75 V                      ; 4.14e-06 V                  ; 2.91 V             ; -0.119 V           ; 0.326 V                             ; 0.298 V                             ; 2.74e-10 s                 ; 2.8e-10 s                  ; No                        ; No                        ;
; out[52]     ; 2.5 V        ; 0 s                 ; 0 s                 ; 2.75 V                       ; 3.54e-06 V                   ; 2.81 V              ; -0.0578 V           ; 0.303 V                              ; 0.28 V                               ; 2.93e-10 s                  ; 3.01e-10 s                  ; No                         ; No                         ; 2.75 V                      ; 3.54e-06 V                  ; 2.81 V             ; -0.0578 V          ; 0.303 V                             ; 0.28 V                              ; 2.93e-10 s                 ; 3.01e-10 s                 ; No                        ; No                        ;
; out[53]     ; 2.5 V        ; 0 s                 ; 0 s                 ; 2.75 V                       ; 3.54e-06 V                   ; 2.81 V              ; -0.0578 V           ; 0.303 V                              ; 0.28 V                               ; 2.93e-10 s                  ; 3.01e-10 s                  ; No                         ; No                         ; 2.75 V                      ; 3.54e-06 V                  ; 2.81 V             ; -0.0578 V          ; 0.303 V                             ; 0.28 V                              ; 2.93e-10 s                 ; 3.01e-10 s                 ; No                        ; No                        ;
; out[54]     ; 2.5 V        ; 0 s                 ; 0 s                 ; 2.75 V                       ; 4.25e-06 V                   ; 2.9 V               ; -0.107 V            ; 0.378 V                              ; 0.16 V                               ; 2.87e-10 s                  ; 4.28e-10 s                  ; No                         ; No                         ; 2.75 V                      ; 4.25e-06 V                  ; 2.9 V              ; -0.107 V           ; 0.378 V                             ; 0.16 V                              ; 2.87e-10 s                 ; 4.28e-10 s                 ; No                        ; No                        ;
; out[55]     ; 2.5 V        ; 0 s                 ; 0 s                 ; 2.75 V                       ; 4.25e-06 V                   ; 2.9 V               ; -0.107 V            ; 0.378 V                              ; 0.16 V                               ; 2.87e-10 s                  ; 4.28e-10 s                  ; No                         ; No                         ; 2.75 V                      ; 4.25e-06 V                  ; 2.9 V              ; -0.107 V           ; 0.378 V                             ; 0.16 V                              ; 2.87e-10 s                 ; 4.28e-10 s                 ; No                        ; No                        ;
; out[56]     ; 2.5 V        ; 0 s                 ; 0 s                 ; 2.75 V                       ; 3.54e-06 V                   ; 2.81 V              ; -0.0578 V           ; 0.303 V                              ; 0.28 V                               ; 2.93e-10 s                  ; 3.01e-10 s                  ; No                         ; No                         ; 2.75 V                      ; 3.54e-06 V                  ; 2.81 V             ; -0.0578 V          ; 0.303 V                             ; 0.28 V                              ; 2.93e-10 s                 ; 3.01e-10 s                 ; No                        ; No                        ;
; out[57]     ; 2.5 V        ; 0 s                 ; 0 s                 ; 2.75 V                       ; 4.14e-06 V                   ; 2.91 V              ; -0.121 V            ; 0.326 V                              ; 0.297 V                              ; 2.74e-10 s                  ; 2.8e-10 s                   ; No                         ; No                         ; 2.75 V                      ; 4.14e-06 V                  ; 2.91 V             ; -0.121 V           ; 0.326 V                             ; 0.297 V                             ; 2.74e-10 s                 ; 2.8e-10 s                  ; No                        ; No                        ;
; out[58]     ; 2.5 V        ; 0 s                 ; 0 s                 ; 2.75 V                       ; 4.14e-06 V                   ; 2.91 V              ; -0.121 V            ; 0.326 V                              ; 0.297 V                              ; 2.74e-10 s                  ; 2.8e-10 s                   ; No                         ; No                         ; 2.75 V                      ; 4.14e-06 V                  ; 2.91 V             ; -0.121 V           ; 0.326 V                             ; 0.297 V                             ; 2.74e-10 s                 ; 2.8e-10 s                  ; No                        ; No                        ;
; out[59]     ; 2.5 V        ; 0 s                 ; 0 s                 ; 2.75 V                       ; 3.54e-06 V                   ; 2.81 V              ; -0.0578 V           ; 0.303 V                              ; 0.28 V                               ; 2.93e-10 s                  ; 3.01e-10 s                  ; No                         ; No                         ; 2.75 V                      ; 3.54e-06 V                  ; 2.81 V             ; -0.0578 V          ; 0.303 V                             ; 0.28 V                              ; 2.93e-10 s                 ; 3.01e-10 s                 ; No                        ; No                        ;
; out[60]     ; 2.5 V        ; 0 s                 ; 0 s                 ; 2.75 V                       ; 4.14e-06 V                   ; 2.91 V              ; -0.119 V            ; 0.326 V                              ; 0.298 V                              ; 2.74e-10 s                  ; 2.8e-10 s                   ; No                         ; No                         ; 2.75 V                      ; 4.14e-06 V                  ; 2.91 V             ; -0.119 V           ; 0.326 V                             ; 0.298 V                             ; 2.74e-10 s                 ; 2.8e-10 s                  ; No                        ; No                        ;
; out[61]     ; 2.5 V        ; 0 s                 ; 0 s                 ; 2.75 V                       ; 4.25e-06 V                   ; 2.9 V               ; -0.107 V            ; 0.378 V                              ; 0.16 V                               ; 2.87e-10 s                  ; 4.28e-10 s                  ; No                         ; No                         ; 2.75 V                      ; 4.25e-06 V                  ; 2.9 V              ; -0.107 V           ; 0.378 V                             ; 0.16 V                              ; 2.87e-10 s                 ; 4.28e-10 s                 ; No                        ; No                        ;
; out[62]     ; 2.5 V        ; 0 s                 ; 0 s                 ; 2.75 V                       ; 3.54e-06 V                   ; 2.81 V              ; -0.0578 V           ; 0.303 V                              ; 0.28 V                               ; 2.93e-10 s                  ; 3.01e-10 s                  ; No                         ; No                         ; 2.75 V                      ; 3.54e-06 V                  ; 2.81 V             ; -0.0578 V          ; 0.303 V                             ; 0.28 V                              ; 2.93e-10 s                 ; 3.01e-10 s                 ; No                        ; No                        ;
; out[63]     ; 2.5 V        ; 0 s                 ; 0 s                 ; 2.75 V                       ; 4.14e-06 V                   ; 2.91 V              ; -0.121 V            ; 0.326 V                              ; 0.297 V                              ; 2.74e-10 s                  ; 2.8e-10 s                   ; No                         ; No                         ; 2.75 V                      ; 4.14e-06 V                  ; 2.91 V             ; -0.121 V           ; 0.326 V                             ; 0.297 V                             ; 2.74e-10 s                 ; 2.8e-10 s                  ; No                        ; No                        ;
; out[64]     ; 2.5 V        ; 0 s                 ; 0 s                 ; 2.75 V                       ; 4.14e-06 V                   ; 2.91 V              ; -0.121 V            ; 0.326 V                              ; 0.297 V                              ; 2.74e-10 s                  ; 2.8e-10 s                   ; No                         ; No                         ; 2.75 V                      ; 4.14e-06 V                  ; 2.91 V             ; -0.121 V           ; 0.326 V                             ; 0.297 V                             ; 2.74e-10 s                 ; 2.8e-10 s                  ; No                        ; No                        ;
; out[65]     ; 2.5 V        ; 0 s                 ; 0 s                 ; 2.75 V                       ; 4.25e-06 V                   ; 2.9 V               ; -0.107 V            ; 0.378 V                              ; 0.16 V                               ; 2.87e-10 s                  ; 4.28e-10 s                  ; No                         ; No                         ; 2.75 V                      ; 4.25e-06 V                  ; 2.9 V              ; -0.107 V           ; 0.378 V                             ; 0.16 V                              ; 2.87e-10 s                 ; 4.28e-10 s                 ; No                        ; No                        ;
; out[66]     ; 2.5 V        ; 0 s                 ; 0 s                 ; 2.75 V                       ; 3.54e-06 V                   ; 2.81 V              ; -0.0578 V           ; 0.303 V                              ; 0.28 V                               ; 2.93e-10 s                  ; 3.01e-10 s                  ; No                         ; No                         ; 2.75 V                      ; 3.54e-06 V                  ; 2.81 V             ; -0.0578 V          ; 0.303 V                             ; 0.28 V                              ; 2.93e-10 s                 ; 3.01e-10 s                 ; No                        ; No                        ;
; out[67]     ; 2.5 V        ; 0 s                 ; 0 s                 ; 2.75 V                       ; 4.14e-06 V                   ; 2.91 V              ; -0.121 V            ; 0.326 V                              ; 0.297 V                              ; 2.74e-10 s                  ; 2.8e-10 s                   ; No                         ; No                         ; 2.75 V                      ; 4.14e-06 V                  ; 2.91 V             ; -0.121 V           ; 0.326 V                             ; 0.297 V                             ; 2.74e-10 s                 ; 2.8e-10 s                  ; No                        ; No                        ;
; out[68]     ; 2.5 V        ; 0 s                 ; 0 s                 ; 2.75 V                       ; 4.25e-06 V                   ; 2.9 V               ; -0.107 V            ; 0.378 V                              ; 0.16 V                               ; 2.87e-10 s                  ; 4.28e-10 s                  ; No                         ; No                         ; 2.75 V                      ; 4.25e-06 V                  ; 2.9 V              ; -0.107 V           ; 0.378 V                             ; 0.16 V                              ; 2.87e-10 s                 ; 4.28e-10 s                 ; No                        ; No                        ;
; out[69]     ; 2.5 V        ; 0 s                 ; 0 s                 ; 2.75 V                       ; 4.25e-06 V                   ; 2.9 V               ; -0.107 V            ; 0.378 V                              ; 0.16 V                               ; 2.87e-10 s                  ; 4.28e-10 s                  ; No                         ; No                         ; 2.75 V                      ; 4.25e-06 V                  ; 2.9 V              ; -0.107 V           ; 0.378 V                             ; 0.16 V                              ; 2.87e-10 s                 ; 4.28e-10 s                 ; No                        ; No                        ;
; out[70]     ; 2.5 V        ; 0 s                 ; 0 s                 ; 2.75 V                       ; 3.54e-06 V                   ; 2.81 V              ; -0.0578 V           ; 0.303 V                              ; 0.28 V                               ; 2.93e-10 s                  ; 3.01e-10 s                  ; No                         ; No                         ; 2.75 V                      ; 3.54e-06 V                  ; 2.81 V             ; -0.0578 V          ; 0.303 V                             ; 0.28 V                              ; 2.93e-10 s                 ; 3.01e-10 s                 ; No                        ; No                        ;
; out[71]     ; 2.5 V        ; 0 s                 ; 0 s                 ; 2.75 V                       ; 4.14e-06 V                   ; 2.91 V              ; -0.121 V            ; 0.326 V                              ; 0.297 V                              ; 2.74e-10 s                  ; 2.8e-10 s                   ; No                         ; No                         ; 2.75 V                      ; 4.14e-06 V                  ; 2.91 V             ; -0.121 V           ; 0.326 V                             ; 0.297 V                             ; 2.74e-10 s                 ; 2.8e-10 s                  ; No                        ; No                        ;
; out[72]     ; 2.5 V        ; 0 s                 ; 0 s                 ; 2.75 V                       ; 4.14e-06 V                   ; 2.91 V              ; -0.119 V            ; 0.326 V                              ; 0.298 V                              ; 2.74e-10 s                  ; 2.8e-10 s                   ; No                         ; No                         ; 2.75 V                      ; 4.14e-06 V                  ; 2.91 V             ; -0.119 V           ; 0.326 V                             ; 0.298 V                             ; 2.74e-10 s                 ; 2.8e-10 s                  ; No                        ; No                        ;
; out[73]     ; 2.5 V        ; 0 s                 ; 0 s                 ; 2.75 V                       ; 4.14e-06 V                   ; 2.91 V              ; -0.121 V            ; 0.326 V                              ; 0.297 V                              ; 2.74e-10 s                  ; 2.8e-10 s                   ; No                         ; No                         ; 2.75 V                      ; 4.14e-06 V                  ; 2.91 V             ; -0.121 V           ; 0.326 V                             ; 0.297 V                             ; 2.74e-10 s                 ; 2.8e-10 s                  ; No                        ; No                        ;
; out[74]     ; 2.5 V        ; 0 s                 ; 0 s                 ; 2.75 V                       ; 4.14e-06 V                   ; 2.91 V              ; -0.121 V            ; 0.326 V                              ; 0.297 V                              ; 2.74e-10 s                  ; 2.8e-10 s                   ; No                         ; No                         ; 2.75 V                      ; 4.14e-06 V                  ; 2.91 V             ; -0.121 V           ; 0.326 V                             ; 0.297 V                             ; 2.74e-10 s                 ; 2.8e-10 s                  ; No                        ; No                        ;
; out[75]     ; 2.5 V        ; 0 s                 ; 0 s                 ; 2.75 V                       ; 4.25e-06 V                   ; 2.9 V               ; -0.107 V            ; 0.378 V                              ; 0.16 V                               ; 2.87e-10 s                  ; 4.28e-10 s                  ; No                         ; No                         ; 2.75 V                      ; 4.25e-06 V                  ; 2.9 V              ; -0.107 V           ; 0.378 V                             ; 0.16 V                              ; 2.87e-10 s                 ; 4.28e-10 s                 ; No                        ; No                        ;
; out[76]     ; 2.5 V        ; 0 s                 ; 0 s                 ; 2.75 V                       ; 4.14e-06 V                   ; 2.91 V              ; -0.119 V            ; 0.326 V                              ; 0.298 V                              ; 2.74e-10 s                  ; 2.8e-10 s                   ; No                         ; No                         ; 2.75 V                      ; 4.14e-06 V                  ; 2.91 V             ; -0.119 V           ; 0.326 V                             ; 0.298 V                             ; 2.74e-10 s                 ; 2.8e-10 s                  ; No                        ; No                        ;
; out[77]     ; 2.5 V        ; 0 s                 ; 0 s                 ; 2.75 V                       ; 4.14e-06 V                   ; 2.91 V              ; -0.119 V            ; 0.326 V                              ; 0.298 V                              ; 2.74e-10 s                  ; 2.8e-10 s                   ; No                         ; No                         ; 2.75 V                      ; 4.14e-06 V                  ; 2.91 V             ; -0.119 V           ; 0.326 V                             ; 0.298 V                             ; 2.74e-10 s                 ; 2.8e-10 s                  ; No                        ; No                        ;
; out[78]     ; 2.5 V        ; 0 s                 ; 0 s                 ; 2.75 V                       ; 4.14e-06 V                   ; 2.91 V              ; -0.121 V            ; 0.326 V                              ; 0.297 V                              ; 2.74e-10 s                  ; 2.8e-10 s                   ; No                         ; No                         ; 2.75 V                      ; 4.14e-06 V                  ; 2.91 V             ; -0.121 V           ; 0.326 V                             ; 0.297 V                             ; 2.74e-10 s                 ; 2.8e-10 s                  ; No                        ; No                        ;
; out[79]     ; 2.5 V        ; 0 s                 ; 0 s                 ; 2.75 V                       ; 4.25e-06 V                   ; 2.9 V               ; -0.107 V            ; 0.378 V                              ; 0.16 V                               ; 2.87e-10 s                  ; 4.28e-10 s                  ; No                         ; No                         ; 2.75 V                      ; 4.25e-06 V                  ; 2.9 V              ; -0.107 V           ; 0.378 V                             ; 0.16 V                              ; 2.87e-10 s                 ; 4.28e-10 s                 ; No                        ; No                        ;
; out[80]     ; 2.5 V        ; 0 s                 ; 0 s                 ; 2.75 V                       ; 3.54e-06 V                   ; 2.81 V              ; -0.0578 V           ; 0.303 V                              ; 0.28 V                               ; 2.93e-10 s                  ; 3.01e-10 s                  ; No                         ; No                         ; 2.75 V                      ; 3.54e-06 V                  ; 2.81 V             ; -0.0578 V          ; 0.303 V                             ; 0.28 V                              ; 2.93e-10 s                 ; 3.01e-10 s                 ; No                        ; No                        ;
; out[81]     ; 2.5 V        ; 0 s                 ; 0 s                 ; 2.75 V                       ; 3.54e-06 V                   ; 2.81 V              ; -0.0578 V           ; 0.303 V                              ; 0.28 V                               ; 2.93e-10 s                  ; 3.01e-10 s                  ; No                         ; No                         ; 2.75 V                      ; 3.54e-06 V                  ; 2.81 V             ; -0.0578 V          ; 0.303 V                             ; 0.28 V                              ; 2.93e-10 s                 ; 3.01e-10 s                 ; No                        ; No                        ;
; out[82]     ; 2.5 V        ; 0 s                 ; 0 s                 ; 2.75 V                       ; 4.25e-06 V                   ; 2.9 V               ; -0.107 V            ; 0.378 V                              ; 0.16 V                               ; 2.87e-10 s                  ; 4.28e-10 s                  ; No                         ; No                         ; 2.75 V                      ; 4.25e-06 V                  ; 2.9 V              ; -0.107 V           ; 0.378 V                             ; 0.16 V                              ; 2.87e-10 s                 ; 4.28e-10 s                 ; No                        ; No                        ;
; out[83]     ; 2.5 V        ; 0 s                 ; 0 s                 ; 2.75 V                       ; 3.54e-06 V                   ; 2.81 V              ; -0.0578 V           ; 0.303 V                              ; 0.28 V                               ; 2.93e-10 s                  ; 3.01e-10 s                  ; No                         ; No                         ; 2.75 V                      ; 3.54e-06 V                  ; 2.81 V             ; -0.0578 V          ; 0.303 V                             ; 0.28 V                              ; 2.93e-10 s                 ; 3.01e-10 s                 ; No                        ; No                        ;
; out[84]     ; 2.5 V        ; 0 s                 ; 0 s                 ; 2.75 V                       ; 3.54e-06 V                   ; 2.81 V              ; -0.0578 V           ; 0.303 V                              ; 0.28 V                               ; 2.93e-10 s                  ; 3.01e-10 s                  ; No                         ; No                         ; 2.75 V                      ; 3.54e-06 V                  ; 2.81 V             ; -0.0578 V          ; 0.303 V                             ; 0.28 V                              ; 2.93e-10 s                 ; 3.01e-10 s                 ; No                        ; No                        ;
; out[85]     ; 2.5 V        ; 0 s                 ; 0 s                 ; 2.75 V                       ; 4.14e-06 V                   ; 2.91 V              ; -0.121 V            ; 0.326 V                              ; 0.297 V                              ; 2.74e-10 s                  ; 2.8e-10 s                   ; No                         ; No                         ; 2.75 V                      ; 4.14e-06 V                  ; 2.91 V             ; -0.121 V           ; 0.326 V                             ; 0.297 V                             ; 2.74e-10 s                 ; 2.8e-10 s                  ; No                        ; No                        ;
; out[86]     ; 2.5 V        ; 0 s                 ; 0 s                 ; 2.75 V                       ; 3.54e-06 V                   ; 2.81 V              ; -0.0578 V           ; 0.303 V                              ; 0.28 V                               ; 2.93e-10 s                  ; 3.01e-10 s                  ; No                         ; No                         ; 2.75 V                      ; 3.54e-06 V                  ; 2.81 V             ; -0.0578 V          ; 0.303 V                             ; 0.28 V                              ; 2.93e-10 s                 ; 3.01e-10 s                 ; No                        ; No                        ;
; out[87]     ; 2.5 V        ; 0 s                 ; 0 s                 ; 2.75 V                       ; 4.14e-06 V                   ; 2.91 V              ; -0.121 V            ; 0.326 V                              ; 0.297 V                              ; 2.74e-10 s                  ; 2.8e-10 s                   ; No                         ; No                         ; 2.75 V                      ; 4.14e-06 V                  ; 2.91 V             ; -0.121 V           ; 0.326 V                             ; 0.297 V                             ; 2.74e-10 s                 ; 2.8e-10 s                  ; No                        ; No                        ;
; out[88]     ; 2.5 V        ; 0 s                 ; 0 s                 ; 2.75 V                       ; 4.14e-06 V                   ; 2.91 V              ; -0.121 V            ; 0.326 V                              ; 0.297 V                              ; 2.74e-10 s                  ; 2.8e-10 s                   ; No                         ; No                         ; 2.75 V                      ; 4.14e-06 V                  ; 2.91 V             ; -0.121 V           ; 0.326 V                             ; 0.297 V                             ; 2.74e-10 s                 ; 2.8e-10 s                  ; No                        ; No                        ;
; out[89]     ; 2.5 V        ; 0 s                 ; 0 s                 ; 2.75 V                       ; 4.14e-06 V                   ; 2.91 V              ; -0.121 V            ; 0.326 V                              ; 0.297 V                              ; 2.74e-10 s                  ; 2.8e-10 s                   ; No                         ; No                         ; 2.75 V                      ; 4.14e-06 V                  ; 2.91 V             ; -0.121 V           ; 0.326 V                             ; 0.297 V                             ; 2.74e-10 s                 ; 2.8e-10 s                  ; No                        ; No                        ;
; out[90]     ; 2.5 V        ; 0 s                 ; 0 s                 ; 2.75 V                       ; 4.25e-06 V                   ; 2.9 V               ; -0.107 V            ; 0.378 V                              ; 0.16 V                               ; 2.87e-10 s                  ; 4.28e-10 s                  ; No                         ; No                         ; 2.75 V                      ; 4.25e-06 V                  ; 2.9 V              ; -0.107 V           ; 0.378 V                             ; 0.16 V                              ; 2.87e-10 s                 ; 4.28e-10 s                 ; No                        ; No                        ;
; out[91]     ; 2.5 V        ; 0 s                 ; 0 s                 ; 2.75 V                       ; 4.14e-06 V                   ; 2.91 V              ; -0.121 V            ; 0.326 V                              ; 0.297 V                              ; 2.74e-10 s                  ; 2.8e-10 s                   ; No                         ; No                         ; 2.75 V                      ; 4.14e-06 V                  ; 2.91 V             ; -0.121 V           ; 0.326 V                             ; 0.297 V                             ; 2.74e-10 s                 ; 2.8e-10 s                  ; No                        ; No                        ;
; out[92]     ; 2.5 V        ; 0 s                 ; 0 s                 ; 2.75 V                       ; 4.25e-06 V                   ; 2.9 V               ; -0.107 V            ; 0.378 V                              ; 0.16 V                               ; 2.87e-10 s                  ; 4.28e-10 s                  ; No                         ; No                         ; 2.75 V                      ; 4.25e-06 V                  ; 2.9 V              ; -0.107 V           ; 0.378 V                             ; 0.16 V                              ; 2.87e-10 s                 ; 4.28e-10 s                 ; No                        ; No                        ;
; out[93]     ; 2.5 V        ; 0 s                 ; 0 s                 ; 2.75 V                       ; 4.25e-06 V                   ; 2.9 V               ; -0.107 V            ; 0.378 V                              ; 0.16 V                               ; 2.87e-10 s                  ; 4.28e-10 s                  ; No                         ; No                         ; 2.75 V                      ; 4.25e-06 V                  ; 2.9 V              ; -0.107 V           ; 0.378 V                             ; 0.16 V                              ; 2.87e-10 s                 ; 4.28e-10 s                 ; No                        ; No                        ;
; out[94]     ; 2.5 V        ; 0 s                 ; 0 s                 ; 2.75 V                       ; 4.14e-06 V                   ; 2.91 V              ; -0.119 V            ; 0.326 V                              ; 0.298 V                              ; 2.74e-10 s                  ; 2.8e-10 s                   ; No                         ; No                         ; 2.75 V                      ; 4.14e-06 V                  ; 2.91 V             ; -0.119 V           ; 0.326 V                             ; 0.298 V                             ; 2.74e-10 s                 ; 2.8e-10 s                  ; No                        ; No                        ;
; out[95]     ; 2.5 V        ; 0 s                 ; 0 s                 ; 2.75 V                       ; 3.54e-06 V                   ; 2.81 V              ; -0.0578 V           ; 0.303 V                              ; 0.28 V                               ; 2.93e-10 s                  ; 3.01e-10 s                  ; No                         ; No                         ; 2.75 V                      ; 3.54e-06 V                  ; 2.81 V             ; -0.0578 V          ; 0.303 V                             ; 0.28 V                              ; 2.93e-10 s                 ; 3.01e-10 s                 ; No                        ; No                        ;
; out[96]     ; 2.5 V        ; 0 s                 ; 0 s                 ; 2.75 V                       ; 4.14e-06 V                   ; 2.91 V              ; -0.119 V            ; 0.326 V                              ; 0.298 V                              ; 2.74e-10 s                  ; 2.8e-10 s                   ; No                         ; No                         ; 2.75 V                      ; 4.14e-06 V                  ; 2.91 V             ; -0.119 V           ; 0.326 V                             ; 0.298 V                             ; 2.74e-10 s                 ; 2.8e-10 s                  ; No                        ; No                        ;
; out[97]     ; 2.5 V        ; 0 s                 ; 0 s                 ; 2.75 V                       ; 4.14e-06 V                   ; 2.91 V              ; -0.119 V            ; 0.326 V                              ; 0.298 V                              ; 2.74e-10 s                  ; 2.8e-10 s                   ; No                         ; No                         ; 2.75 V                      ; 4.14e-06 V                  ; 2.91 V             ; -0.119 V           ; 0.326 V                             ; 0.298 V                             ; 2.74e-10 s                 ; 2.8e-10 s                  ; No                        ; No                        ;
; out[98]     ; 2.5 V        ; 0 s                 ; 0 s                 ; 2.75 V                       ; 4.25e-06 V                   ; 2.9 V               ; -0.107 V            ; 0.378 V                              ; 0.16 V                               ; 2.87e-10 s                  ; 4.28e-10 s                  ; No                         ; No                         ; 2.75 V                      ; 4.25e-06 V                  ; 2.9 V              ; -0.107 V           ; 0.378 V                             ; 0.16 V                              ; 2.87e-10 s                 ; 4.28e-10 s                 ; No                        ; No                        ;
; out[99]     ; 2.5 V        ; 0 s                 ; 0 s                 ; 2.75 V                       ; 4.25e-06 V                   ; 2.9 V               ; -0.107 V            ; 0.378 V                              ; 0.16 V                               ; 2.87e-10 s                  ; 4.28e-10 s                  ; No                         ; No                         ; 2.75 V                      ; 4.25e-06 V                  ; 2.9 V              ; -0.107 V           ; 0.378 V                             ; 0.16 V                              ; 2.87e-10 s                 ; 4.28e-10 s                 ; No                        ; No                        ;
; out[100]    ; 2.5 V        ; 0 s                 ; 0 s                 ; 2.75 V                       ; 4.25e-06 V                   ; 2.9 V               ; -0.107 V            ; 0.378 V                              ; 0.16 V                               ; 2.87e-10 s                  ; 4.28e-10 s                  ; No                         ; No                         ; 2.75 V                      ; 4.25e-06 V                  ; 2.9 V              ; -0.107 V           ; 0.378 V                             ; 0.16 V                              ; 2.87e-10 s                 ; 4.28e-10 s                 ; No                        ; No                        ;
; out[101]    ; 2.5 V        ; 0 s                 ; 0 s                 ; 2.75 V                       ; 4.25e-06 V                   ; 2.9 V               ; -0.107 V            ; 0.378 V                              ; 0.16 V                               ; 2.87e-10 s                  ; 4.28e-10 s                  ; No                         ; No                         ; 2.75 V                      ; 4.25e-06 V                  ; 2.9 V              ; -0.107 V           ; 0.378 V                             ; 0.16 V                              ; 2.87e-10 s                 ; 4.28e-10 s                 ; No                        ; No                        ;
; out[102]    ; 2.5 V        ; 0 s                 ; 0 s                 ; 2.75 V                       ; 4.14e-06 V                   ; 2.91 V              ; -0.119 V            ; 0.326 V                              ; 0.298 V                              ; 2.74e-10 s                  ; 2.8e-10 s                   ; No                         ; No                         ; 2.75 V                      ; 4.14e-06 V                  ; 2.91 V             ; -0.119 V           ; 0.326 V                             ; 0.298 V                             ; 2.74e-10 s                 ; 2.8e-10 s                  ; No                        ; No                        ;
; out[103]    ; 2.5 V        ; 0 s                 ; 0 s                 ; 2.75 V                       ; 4.14e-06 V                   ; 2.91 V              ; -0.119 V            ; 0.326 V                              ; 0.298 V                              ; 2.74e-10 s                  ; 2.8e-10 s                   ; No                         ; No                         ; 2.75 V                      ; 4.14e-06 V                  ; 2.91 V             ; -0.119 V           ; 0.326 V                             ; 0.298 V                             ; 2.74e-10 s                 ; 2.8e-10 s                  ; No                        ; No                        ;
; out[104]    ; 2.5 V        ; 0 s                 ; 0 s                 ; 2.75 V                       ; 4.14e-06 V                   ; 2.91 V              ; -0.119 V            ; 0.326 V                              ; 0.298 V                              ; 2.74e-10 s                  ; 2.8e-10 s                   ; No                         ; No                         ; 2.75 V                      ; 4.14e-06 V                  ; 2.91 V             ; -0.119 V           ; 0.326 V                             ; 0.298 V                             ; 2.74e-10 s                 ; 2.8e-10 s                  ; No                        ; No                        ;
; out[105]    ; 2.5 V        ; 0 s                 ; 0 s                 ; 2.75 V                       ; 4.25e-06 V                   ; 2.9 V               ; -0.107 V            ; 0.378 V                              ; 0.16 V                               ; 2.87e-10 s                  ; 4.28e-10 s                  ; No                         ; No                         ; 2.75 V                      ; 4.25e-06 V                  ; 2.9 V              ; -0.107 V           ; 0.378 V                             ; 0.16 V                              ; 2.87e-10 s                 ; 4.28e-10 s                 ; No                        ; No                        ;
; out[106]    ; 2.5 V        ; 0 s                 ; 0 s                 ; 2.75 V                       ; 3.54e-06 V                   ; 2.81 V              ; -0.0578 V           ; 0.303 V                              ; 0.28 V                               ; 2.93e-10 s                  ; 3.01e-10 s                  ; No                         ; No                         ; 2.75 V                      ; 3.54e-06 V                  ; 2.81 V             ; -0.0578 V          ; 0.303 V                             ; 0.28 V                              ; 2.93e-10 s                 ; 3.01e-10 s                 ; No                        ; No                        ;
; out[107]    ; 2.5 V        ; 0 s                 ; 0 s                 ; 2.75 V                       ; 4.14e-06 V                   ; 2.91 V              ; -0.119 V            ; 0.326 V                              ; 0.298 V                              ; 2.74e-10 s                  ; 2.8e-10 s                   ; No                         ; No                         ; 2.75 V                      ; 4.14e-06 V                  ; 2.91 V             ; -0.119 V           ; 0.326 V                             ; 0.298 V                             ; 2.74e-10 s                 ; 2.8e-10 s                  ; No                        ; No                        ;
; out[108]    ; 2.5 V        ; 0 s                 ; 0 s                 ; 2.75 V                       ; 4.14e-06 V                   ; 2.91 V              ; -0.121 V            ; 0.326 V                              ; 0.297 V                              ; 2.74e-10 s                  ; 2.8e-10 s                   ; No                         ; No                         ; 2.75 V                      ; 4.14e-06 V                  ; 2.91 V             ; -0.121 V           ; 0.326 V                             ; 0.297 V                             ; 2.74e-10 s                 ; 2.8e-10 s                  ; No                        ; No                        ;
; out[109]    ; 2.5 V        ; 0 s                 ; 0 s                 ; 2.75 V                       ; 4.14e-06 V                   ; 2.91 V              ; -0.121 V            ; 0.326 V                              ; 0.297 V                              ; 2.74e-10 s                  ; 2.8e-10 s                   ; No                         ; No                         ; 2.75 V                      ; 4.14e-06 V                  ; 2.91 V             ; -0.121 V           ; 0.326 V                             ; 0.297 V                             ; 2.74e-10 s                 ; 2.8e-10 s                  ; No                        ; No                        ;
; out[110]    ; 2.5 V        ; 0 s                 ; 0 s                 ; 2.75 V                       ; 4.25e-06 V                   ; 2.9 V               ; -0.107 V            ; 0.378 V                              ; 0.16 V                               ; 2.87e-10 s                  ; 4.28e-10 s                  ; No                         ; No                         ; 2.75 V                      ; 4.25e-06 V                  ; 2.9 V              ; -0.107 V           ; 0.378 V                             ; 0.16 V                              ; 2.87e-10 s                 ; 4.28e-10 s                 ; No                        ; No                        ;
; out[111]    ; 2.5 V        ; 0 s                 ; 0 s                 ; 2.75 V                       ; 4.14e-06 V                   ; 2.91 V              ; -0.119 V            ; 0.326 V                              ; 0.298 V                              ; 2.74e-10 s                  ; 2.8e-10 s                   ; No                         ; No                         ; 2.75 V                      ; 4.14e-06 V                  ; 2.91 V             ; -0.119 V           ; 0.326 V                             ; 0.298 V                             ; 2.74e-10 s                 ; 2.8e-10 s                  ; No                        ; No                        ;
; out[112]    ; 2.5 V        ; 0 s                 ; 0 s                 ; 2.75 V                       ; 4.14e-06 V                   ; 2.91 V              ; -0.121 V            ; 0.326 V                              ; 0.297 V                              ; 2.74e-10 s                  ; 2.8e-10 s                   ; No                         ; No                         ; 2.75 V                      ; 4.14e-06 V                  ; 2.91 V             ; -0.121 V           ; 0.326 V                             ; 0.297 V                             ; 2.74e-10 s                 ; 2.8e-10 s                  ; No                        ; No                        ;
; out[113]    ; 2.5 V        ; 0 s                 ; 0 s                 ; 2.75 V                       ; 4.25e-06 V                   ; 2.9 V               ; -0.107 V            ; 0.378 V                              ; 0.16 V                               ; 2.87e-10 s                  ; 4.28e-10 s                  ; No                         ; No                         ; 2.75 V                      ; 4.25e-06 V                  ; 2.9 V              ; -0.107 V           ; 0.378 V                             ; 0.16 V                              ; 2.87e-10 s                 ; 4.28e-10 s                 ; No                        ; No                        ;
; out[114]    ; 2.5 V        ; 0 s                 ; 0 s                 ; 2.75 V                       ; 3.54e-06 V                   ; 2.81 V              ; -0.0578 V           ; 0.303 V                              ; 0.28 V                               ; 2.93e-10 s                  ; 3.01e-10 s                  ; No                         ; No                         ; 2.75 V                      ; 3.54e-06 V                  ; 2.81 V             ; -0.0578 V          ; 0.303 V                             ; 0.28 V                              ; 2.93e-10 s                 ; 3.01e-10 s                 ; No                        ; No                        ;
; out[115]    ; 2.5 V        ; 0 s                 ; 0 s                 ; 2.75 V                       ; 4.14e-06 V                   ; 2.91 V              ; -0.119 V            ; 0.326 V                              ; 0.298 V                              ; 2.74e-10 s                  ; 2.8e-10 s                   ; No                         ; No                         ; 2.75 V                      ; 4.14e-06 V                  ; 2.91 V             ; -0.119 V           ; 0.326 V                             ; 0.298 V                             ; 2.74e-10 s                 ; 2.8e-10 s                  ; No                        ; No                        ;
; out[116]    ; 2.5 V        ; 0 s                 ; 0 s                 ; 2.75 V                       ; 4.14e-06 V                   ; 2.91 V              ; -0.119 V            ; 0.326 V                              ; 0.298 V                              ; 2.74e-10 s                  ; 2.8e-10 s                   ; No                         ; No                         ; 2.75 V                      ; 4.14e-06 V                  ; 2.91 V             ; -0.119 V           ; 0.326 V                             ; 0.298 V                             ; 2.74e-10 s                 ; 2.8e-10 s                  ; No                        ; No                        ;
; out[117]    ; 2.5 V        ; 0 s                 ; 0 s                 ; 2.75 V                       ; 3.54e-06 V                   ; 2.81 V              ; -0.0578 V           ; 0.303 V                              ; 0.28 V                               ; 2.93e-10 s                  ; 3.01e-10 s                  ; No                         ; No                         ; 2.75 V                      ; 3.54e-06 V                  ; 2.81 V             ; -0.0578 V          ; 0.303 V                             ; 0.28 V                              ; 2.93e-10 s                 ; 3.01e-10 s                 ; No                        ; No                        ;
; out[118]    ; 2.5 V        ; 0 s                 ; 0 s                 ; 2.75 V                       ; 3.54e-06 V                   ; 2.81 V              ; -0.0578 V           ; 0.303 V                              ; 0.28 V                               ; 2.93e-10 s                  ; 3.01e-10 s                  ; No                         ; No                         ; 2.75 V                      ; 3.54e-06 V                  ; 2.81 V             ; -0.0578 V          ; 0.303 V                             ; 0.28 V                              ; 2.93e-10 s                 ; 3.01e-10 s                 ; No                        ; No                        ;
; out[119]    ; 2.5 V        ; 0 s                 ; 0 s                 ; 2.75 V                       ; 3.54e-06 V                   ; 2.81 V              ; -0.0578 V           ; 0.303 V                              ; 0.28 V                               ; 2.93e-10 s                  ; 3.01e-10 s                  ; No                         ; No                         ; 2.75 V                      ; 3.54e-06 V                  ; 2.81 V             ; -0.0578 V          ; 0.303 V                             ; 0.28 V                              ; 2.93e-10 s                 ; 3.01e-10 s                 ; No                        ; No                        ;
; out[120]    ; 2.5 V        ; 0 s                 ; 0 s                 ; 2.75 V                       ; 4.14e-06 V                   ; 2.91 V              ; -0.119 V            ; 0.326 V                              ; 0.298 V                              ; 2.74e-10 s                  ; 2.8e-10 s                   ; No                         ; No                         ; 2.75 V                      ; 4.14e-06 V                  ; 2.91 V             ; -0.119 V           ; 0.326 V                             ; 0.298 V                             ; 2.74e-10 s                 ; 2.8e-10 s                  ; No                        ; No                        ;
; out[121]    ; 2.5 V        ; 0 s                 ; 0 s                 ; 2.75 V                       ; 4.14e-06 V                   ; 2.91 V              ; -0.119 V            ; 0.326 V                              ; 0.298 V                              ; 2.74e-10 s                  ; 2.8e-10 s                   ; No                         ; No                         ; 2.75 V                      ; 4.14e-06 V                  ; 2.91 V             ; -0.119 V           ; 0.326 V                             ; 0.298 V                             ; 2.74e-10 s                 ; 2.8e-10 s                  ; No                        ; No                        ;
; out[122]    ; 2.5 V        ; 0 s                 ; 0 s                 ; 2.75 V                       ; 4.25e-06 V                   ; 2.9 V               ; -0.107 V            ; 0.378 V                              ; 0.16 V                               ; 2.87e-10 s                  ; 4.28e-10 s                  ; No                         ; No                         ; 2.75 V                      ; 4.25e-06 V                  ; 2.9 V              ; -0.107 V           ; 0.378 V                             ; 0.16 V                              ; 2.87e-10 s                 ; 4.28e-10 s                 ; No                        ; No                        ;
; out[123]    ; 2.5 V        ; 0 s                 ; 0 s                 ; 2.75 V                       ; 3.54e-06 V                   ; 2.81 V              ; -0.0578 V           ; 0.303 V                              ; 0.28 V                               ; 2.93e-10 s                  ; 3.01e-10 s                  ; No                         ; No                         ; 2.75 V                      ; 3.54e-06 V                  ; 2.81 V             ; -0.0578 V          ; 0.303 V                             ; 0.28 V                              ; 2.93e-10 s                 ; 3.01e-10 s                 ; No                        ; No                        ;
; out[124]    ; 2.5 V        ; 0 s                 ; 0 s                 ; 2.75 V                       ; 4.14e-06 V                   ; 2.91 V              ; -0.121 V            ; 0.326 V                              ; 0.297 V                              ; 2.74e-10 s                  ; 2.8e-10 s                   ; No                         ; No                         ; 2.75 V                      ; 4.14e-06 V                  ; 2.91 V             ; -0.121 V           ; 0.326 V                             ; 0.297 V                             ; 2.74e-10 s                 ; 2.8e-10 s                  ; No                        ; No                        ;
; out[125]    ; 2.5 V        ; 0 s                 ; 0 s                 ; 2.75 V                       ; 4.14e-06 V                   ; 2.91 V              ; -0.119 V            ; 0.326 V                              ; 0.298 V                              ; 2.74e-10 s                  ; 2.8e-10 s                   ; No                         ; No                         ; 2.75 V                      ; 4.14e-06 V                  ; 2.91 V             ; -0.119 V           ; 0.326 V                             ; 0.298 V                             ; 2.74e-10 s                 ; 2.8e-10 s                  ; No                        ; No                        ;
; out[126]    ; 2.5 V        ; 0 s                 ; 0 s                 ; 2.75 V                       ; 4.25e-06 V                   ; 2.9 V               ; -0.107 V            ; 0.378 V                              ; 0.16 V                               ; 2.87e-10 s                  ; 4.28e-10 s                  ; No                         ; No                         ; 2.75 V                      ; 4.25e-06 V                  ; 2.9 V              ; -0.107 V           ; 0.378 V                             ; 0.16 V                              ; 2.87e-10 s                 ; 4.28e-10 s                 ; No                        ; No                        ;
; out[127]    ; 2.5 V        ; 0 s                 ; 0 s                 ; 2.75 V                       ; 4.14e-06 V                   ; 2.91 V              ; -0.119 V            ; 0.326 V                              ; 0.298 V                              ; 2.74e-10 s                  ; 2.8e-10 s                   ; No                         ; No                         ; 2.75 V                      ; 4.14e-06 V                  ; 2.91 V             ; -0.119 V           ; 0.326 V                             ; 0.298 V                             ; 2.74e-10 s                 ; 2.8e-10 s                  ; No                        ; No                        ;
; out[128]    ; 2.5 V        ; 0 s                 ; 0 s                 ; 2.75 V                       ; 4.25e-06 V                   ; 2.9 V               ; -0.107 V            ; 0.378 V                              ; 0.16 V                               ; 2.87e-10 s                  ; 4.28e-10 s                  ; No                         ; No                         ; 2.75 V                      ; 4.25e-06 V                  ; 2.9 V              ; -0.107 V           ; 0.378 V                             ; 0.16 V                              ; 2.87e-10 s                 ; 4.28e-10 s                 ; No                        ; No                        ;
; out[129]    ; 2.5 V        ; 0 s                 ; 0 s                 ; 2.75 V                       ; 3.54e-06 V                   ; 2.81 V              ; -0.0578 V           ; 0.303 V                              ; 0.28 V                               ; 2.93e-10 s                  ; 3.01e-10 s                  ; No                         ; No                         ; 2.75 V                      ; 3.54e-06 V                  ; 2.81 V             ; -0.0578 V          ; 0.303 V                             ; 0.28 V                              ; 2.93e-10 s                 ; 3.01e-10 s                 ; No                        ; No                        ;
; out[130]    ; 2.5 V        ; 0 s                 ; 0 s                 ; 2.75 V                       ; 4.14e-06 V                   ; 2.91 V              ; -0.119 V            ; 0.326 V                              ; 0.298 V                              ; 2.74e-10 s                  ; 2.8e-10 s                   ; No                         ; No                         ; 2.75 V                      ; 4.14e-06 V                  ; 2.91 V             ; -0.119 V           ; 0.326 V                             ; 0.298 V                             ; 2.74e-10 s                 ; 2.8e-10 s                  ; No                        ; No                        ;
; out[131]    ; 2.5 V        ; 0 s                 ; 0 s                 ; 2.75 V                       ; 4.14e-06 V                   ; 2.91 V              ; -0.121 V            ; 0.326 V                              ; 0.297 V                              ; 2.74e-10 s                  ; 2.8e-10 s                   ; No                         ; No                         ; 2.75 V                      ; 4.14e-06 V                  ; 2.91 V             ; -0.121 V           ; 0.326 V                             ; 0.297 V                             ; 2.74e-10 s                 ; 2.8e-10 s                  ; No                        ; No                        ;
; out[132]    ; 2.5 V        ; 0 s                 ; 0 s                 ; 2.75 V                       ; 3.54e-06 V                   ; 2.81 V              ; -0.0578 V           ; 0.303 V                              ; 0.28 V                               ; 2.93e-10 s                  ; 3.01e-10 s                  ; No                         ; No                         ; 2.75 V                      ; 3.54e-06 V                  ; 2.81 V             ; -0.0578 V          ; 0.303 V                             ; 0.28 V                              ; 2.93e-10 s                 ; 3.01e-10 s                 ; No                        ; No                        ;
; out[133]    ; 2.5 V        ; 0 s                 ; 0 s                 ; 2.75 V                       ; 3.54e-06 V                   ; 2.81 V              ; -0.0578 V           ; 0.303 V                              ; 0.28 V                               ; 2.93e-10 s                  ; 3.01e-10 s                  ; No                         ; No                         ; 2.75 V                      ; 3.54e-06 V                  ; 2.81 V             ; -0.0578 V          ; 0.303 V                             ; 0.28 V                              ; 2.93e-10 s                 ; 3.01e-10 s                 ; No                        ; No                        ;
; out[134]    ; 2.5 V        ; 0 s                 ; 0 s                 ; 2.75 V                       ; 4.14e-06 V                   ; 2.91 V              ; -0.121 V            ; 0.326 V                              ; 0.297 V                              ; 2.74e-10 s                  ; 2.8e-10 s                   ; No                         ; No                         ; 2.75 V                      ; 4.14e-06 V                  ; 2.91 V             ; -0.121 V           ; 0.326 V                             ; 0.297 V                             ; 2.74e-10 s                 ; 2.8e-10 s                  ; No                        ; No                        ;
; out[135]    ; 2.5 V        ; 0 s                 ; 0 s                 ; 2.75 V                       ; 4.25e-06 V                   ; 2.9 V               ; -0.107 V            ; 0.378 V                              ; 0.16 V                               ; 2.87e-10 s                  ; 4.28e-10 s                  ; No                         ; No                         ; 2.75 V                      ; 4.25e-06 V                  ; 2.9 V              ; -0.107 V           ; 0.378 V                             ; 0.16 V                              ; 2.87e-10 s                 ; 4.28e-10 s                 ; No                        ; No                        ;
; out[136]    ; 2.5 V        ; 0 s                 ; 0 s                 ; 2.75 V                       ; 4.25e-06 V                   ; 2.9 V               ; -0.107 V            ; 0.378 V                              ; 0.16 V                               ; 2.87e-10 s                  ; 4.28e-10 s                  ; No                         ; No                         ; 2.75 V                      ; 4.25e-06 V                  ; 2.9 V              ; -0.107 V           ; 0.378 V                             ; 0.16 V                              ; 2.87e-10 s                 ; 4.28e-10 s                 ; No                        ; No                        ;
; out[137]    ; 2.5 V        ; 0 s                 ; 0 s                 ; 2.75 V                       ; 3.54e-06 V                   ; 2.81 V              ; -0.0578 V           ; 0.303 V                              ; 0.28 V                               ; 2.93e-10 s                  ; 3.01e-10 s                  ; No                         ; No                         ; 2.75 V                      ; 3.54e-06 V                  ; 2.81 V             ; -0.0578 V          ; 0.303 V                             ; 0.28 V                              ; 2.93e-10 s                 ; 3.01e-10 s                 ; No                        ; No                        ;
; out[138]    ; 2.5 V        ; 0 s                 ; 0 s                 ; 2.75 V                       ; 3.54e-06 V                   ; 2.81 V              ; -0.0578 V           ; 0.303 V                              ; 0.28 V                               ; 2.93e-10 s                  ; 3.01e-10 s                  ; No                         ; No                         ; 2.75 V                      ; 3.54e-06 V                  ; 2.81 V             ; -0.0578 V          ; 0.303 V                             ; 0.28 V                              ; 2.93e-10 s                 ; 3.01e-10 s                 ; No                        ; No                        ;
; out[139]    ; 2.5 V        ; 0 s                 ; 0 s                 ; 2.75 V                       ; 4.25e-06 V                   ; 2.9 V               ; -0.107 V            ; 0.378 V                              ; 0.16 V                               ; 2.87e-10 s                  ; 4.28e-10 s                  ; No                         ; No                         ; 2.75 V                      ; 4.25e-06 V                  ; 2.9 V              ; -0.107 V           ; 0.378 V                             ; 0.16 V                              ; 2.87e-10 s                 ; 4.28e-10 s                 ; No                        ; No                        ;
; out[140]    ; 2.5 V        ; 0 s                 ; 0 s                 ; 2.75 V                       ; 3.54e-06 V                   ; 2.81 V              ; -0.0578 V           ; 0.303 V                              ; 0.28 V                               ; 2.93e-10 s                  ; 3.01e-10 s                  ; No                         ; No                         ; 2.75 V                      ; 3.54e-06 V                  ; 2.81 V             ; -0.0578 V          ; 0.303 V                             ; 0.28 V                              ; 2.93e-10 s                 ; 3.01e-10 s                 ; No                        ; No                        ;
; out[141]    ; 2.5 V        ; 0 s                 ; 0 s                 ; 2.75 V                       ; 4.14e-06 V                   ; 2.91 V              ; -0.121 V            ; 0.326 V                              ; 0.297 V                              ; 2.74e-10 s                  ; 2.8e-10 s                   ; No                         ; No                         ; 2.75 V                      ; 4.14e-06 V                  ; 2.91 V             ; -0.121 V           ; 0.326 V                             ; 0.297 V                             ; 2.74e-10 s                 ; 2.8e-10 s                  ; No                        ; No                        ;
; out[142]    ; 2.5 V        ; 0 s                 ; 0 s                 ; 2.75 V                       ; 4.14e-06 V                   ; 2.91 V              ; -0.119 V            ; 0.326 V                              ; 0.298 V                              ; 2.74e-10 s                  ; 2.8e-10 s                   ; No                         ; No                         ; 2.75 V                      ; 4.14e-06 V                  ; 2.91 V             ; -0.119 V           ; 0.326 V                             ; 0.298 V                             ; 2.74e-10 s                 ; 2.8e-10 s                  ; No                        ; No                        ;
; out[143]    ; 2.5 V        ; 0 s                 ; 0 s                 ; 2.75 V                       ; 3.54e-06 V                   ; 2.81 V              ; -0.0578 V           ; 0.303 V                              ; 0.28 V                               ; 2.93e-10 s                  ; 3.01e-10 s                  ; No                         ; No                         ; 2.75 V                      ; 3.54e-06 V                  ; 2.81 V             ; -0.0578 V          ; 0.303 V                             ; 0.28 V                              ; 2.93e-10 s                 ; 3.01e-10 s                 ; No                        ; No                        ;
; out[144]    ; 2.5 V        ; 0 s                 ; 0 s                 ; 2.75 V                       ; 4.25e-06 V                   ; 2.9 V               ; -0.107 V            ; 0.378 V                              ; 0.16 V                               ; 2.87e-10 s                  ; 4.28e-10 s                  ; No                         ; No                         ; 2.75 V                      ; 4.25e-06 V                  ; 2.9 V              ; -0.107 V           ; 0.378 V                             ; 0.16 V                              ; 2.87e-10 s                 ; 4.28e-10 s                 ; No                        ; No                        ;
; out[145]    ; 2.5 V        ; 0 s                 ; 0 s                 ; 2.75 V                       ; 4.14e-06 V                   ; 2.91 V              ; -0.119 V            ; 0.326 V                              ; 0.298 V                              ; 2.74e-10 s                  ; 2.8e-10 s                   ; No                         ; No                         ; 2.75 V                      ; 4.14e-06 V                  ; 2.91 V             ; -0.119 V           ; 0.326 V                             ; 0.298 V                             ; 2.74e-10 s                 ; 2.8e-10 s                  ; No                        ; No                        ;
; out[146]    ; 2.5 V        ; 0 s                 ; 0 s                 ; 2.75 V                       ; 4.14e-06 V                   ; 2.91 V              ; -0.119 V            ; 0.326 V                              ; 0.298 V                              ; 2.74e-10 s                  ; 2.8e-10 s                   ; No                         ; No                         ; 2.75 V                      ; 4.14e-06 V                  ; 2.91 V             ; -0.119 V           ; 0.326 V                             ; 0.298 V                             ; 2.74e-10 s                 ; 2.8e-10 s                  ; No                        ; No                        ;
; out[147]    ; 2.5 V        ; 0 s                 ; 0 s                 ; 2.75 V                       ; 3.54e-06 V                   ; 2.81 V              ; -0.0578 V           ; 0.303 V                              ; 0.28 V                               ; 2.93e-10 s                  ; 3.01e-10 s                  ; No                         ; No                         ; 2.75 V                      ; 3.54e-06 V                  ; 2.81 V             ; -0.0578 V          ; 0.303 V                             ; 0.28 V                              ; 2.93e-10 s                 ; 3.01e-10 s                 ; No                        ; No                        ;
; out[148]    ; 2.5 V        ; 0 s                 ; 0 s                 ; 2.75 V                       ; 4.25e-06 V                   ; 2.9 V               ; -0.107 V            ; 0.378 V                              ; 0.16 V                               ; 2.87e-10 s                  ; 4.28e-10 s                  ; No                         ; No                         ; 2.75 V                      ; 4.25e-06 V                  ; 2.9 V              ; -0.107 V           ; 0.378 V                             ; 0.16 V                              ; 2.87e-10 s                 ; 4.28e-10 s                 ; No                        ; No                        ;
; out[149]    ; 2.5 V        ; 0 s                 ; 0 s                 ; 2.75 V                       ; 4.25e-06 V                   ; 2.9 V               ; -0.107 V            ; 0.378 V                              ; 0.16 V                               ; 2.87e-10 s                  ; 4.28e-10 s                  ; No                         ; No                         ; 2.75 V                      ; 4.25e-06 V                  ; 2.9 V              ; -0.107 V           ; 0.378 V                             ; 0.16 V                              ; 2.87e-10 s                 ; 4.28e-10 s                 ; No                        ; No                        ;
; out[150]    ; 2.5 V        ; 0 s                 ; 0 s                 ; 2.75 V                       ; 4.14e-06 V                   ; 2.91 V              ; -0.119 V            ; 0.326 V                              ; 0.298 V                              ; 2.74e-10 s                  ; 2.8e-10 s                   ; No                         ; No                         ; 2.75 V                      ; 4.14e-06 V                  ; 2.91 V             ; -0.119 V           ; 0.326 V                             ; 0.298 V                             ; 2.74e-10 s                 ; 2.8e-10 s                  ; No                        ; No                        ;
; out[151]    ; 2.5 V        ; 0 s                 ; 0 s                 ; 2.75 V                       ; 4.14e-06 V                   ; 2.91 V              ; -0.121 V            ; 0.326 V                              ; 0.297 V                              ; 2.74e-10 s                  ; 2.8e-10 s                   ; No                         ; No                         ; 2.75 V                      ; 4.14e-06 V                  ; 2.91 V             ; -0.121 V           ; 0.326 V                             ; 0.297 V                             ; 2.74e-10 s                 ; 2.8e-10 s                  ; No                        ; No                        ;
; out[152]    ; 2.5 V        ; 0 s                 ; 0 s                 ; 2.75 V                       ; 3.54e-06 V                   ; 2.81 V              ; -0.0578 V           ; 0.303 V                              ; 0.28 V                               ; 2.93e-10 s                  ; 3.01e-10 s                  ; No                         ; No                         ; 2.75 V                      ; 3.54e-06 V                  ; 2.81 V             ; -0.0578 V          ; 0.303 V                             ; 0.28 V                              ; 2.93e-10 s                 ; 3.01e-10 s                 ; No                        ; No                        ;
; out[153]    ; 2.5 V        ; 0 s                 ; 0 s                 ; 2.75 V                       ; 4.14e-06 V                   ; 2.91 V              ; -0.119 V            ; 0.326 V                              ; 0.298 V                              ; 2.74e-10 s                  ; 2.8e-10 s                   ; No                         ; No                         ; 2.75 V                      ; 4.14e-06 V                  ; 2.91 V             ; -0.119 V           ; 0.326 V                             ; 0.298 V                             ; 2.74e-10 s                 ; 2.8e-10 s                  ; No                        ; No                        ;
; out[154]    ; 2.5 V        ; 0 s                 ; 0 s                 ; 2.75 V                       ; 4.14e-06 V                   ; 2.91 V              ; -0.121 V            ; 0.326 V                              ; 0.297 V                              ; 2.74e-10 s                  ; 2.8e-10 s                   ; No                         ; No                         ; 2.75 V                      ; 4.14e-06 V                  ; 2.91 V             ; -0.121 V           ; 0.326 V                             ; 0.297 V                             ; 2.74e-10 s                 ; 2.8e-10 s                  ; No                        ; No                        ;
; out[155]    ; 2.5 V        ; 0 s                 ; 0 s                 ; 2.75 V                       ; 4.25e-06 V                   ; 2.9 V               ; -0.107 V            ; 0.378 V                              ; 0.16 V                               ; 2.87e-10 s                  ; 4.28e-10 s                  ; No                         ; No                         ; 2.75 V                      ; 4.25e-06 V                  ; 2.9 V              ; -0.107 V           ; 0.378 V                             ; 0.16 V                              ; 2.87e-10 s                 ; 4.28e-10 s                 ; No                        ; No                        ;
; out[156]    ; 2.5 V        ; 0 s                 ; 0 s                 ; 2.75 V                       ; 4.14e-06 V                   ; 2.91 V              ; -0.119 V            ; 0.326 V                              ; 0.298 V                              ; 2.74e-10 s                  ; 2.8e-10 s                   ; No                         ; No                         ; 2.75 V                      ; 4.14e-06 V                  ; 2.91 V             ; -0.119 V           ; 0.326 V                             ; 0.298 V                             ; 2.74e-10 s                 ; 2.8e-10 s                  ; No                        ; No                        ;
; out[157]    ; 2.5 V        ; 0 s                 ; 0 s                 ; 2.75 V                       ; 4.25e-06 V                   ; 2.9 V               ; -0.107 V            ; 0.378 V                              ; 0.16 V                               ; 2.87e-10 s                  ; 4.28e-10 s                  ; No                         ; No                         ; 2.75 V                      ; 4.25e-06 V                  ; 2.9 V              ; -0.107 V           ; 0.378 V                             ; 0.16 V                              ; 2.87e-10 s                 ; 4.28e-10 s                 ; No                        ; No                        ;
; out[158]    ; 2.5 V        ; 0 s                 ; 0 s                 ; 2.75 V                       ; 4.14e-06 V                   ; 2.91 V              ; -0.119 V            ; 0.326 V                              ; 0.298 V                              ; 2.74e-10 s                  ; 2.8e-10 s                   ; No                         ; No                         ; 2.75 V                      ; 4.14e-06 V                  ; 2.91 V             ; -0.119 V           ; 0.326 V                             ; 0.298 V                             ; 2.74e-10 s                 ; 2.8e-10 s                  ; No                        ; No                        ;
; out[159]    ; 2.5 V        ; 0 s                 ; 0 s                 ; 2.75 V                       ; 4.14e-06 V                   ; 2.91 V              ; -0.119 V            ; 0.326 V                              ; 0.298 V                              ; 2.74e-10 s                  ; 2.8e-10 s                   ; No                         ; No                         ; 2.75 V                      ; 4.14e-06 V                  ; 2.91 V             ; -0.119 V           ; 0.326 V                             ; 0.298 V                             ; 2.74e-10 s                 ; 2.8e-10 s                  ; No                        ; No                        ;
; out[160]    ; 2.5 V        ; 0 s                 ; 0 s                 ; 2.75 V                       ; 4.14e-06 V                   ; 2.91 V              ; -0.121 V            ; 0.326 V                              ; 0.297 V                              ; 2.74e-10 s                  ; 2.8e-10 s                   ; No                         ; No                         ; 2.75 V                      ; 4.14e-06 V                  ; 2.91 V             ; -0.121 V           ; 0.326 V                             ; 0.297 V                             ; 2.74e-10 s                 ; 2.8e-10 s                  ; No                        ; No                        ;
; out[161]    ; 2.5 V        ; 0 s                 ; 0 s                 ; 2.75 V                       ; 4.14e-06 V                   ; 2.91 V              ; -0.121 V            ; 0.326 V                              ; 0.297 V                              ; 2.74e-10 s                  ; 2.8e-10 s                   ; No                         ; No                         ; 2.75 V                      ; 4.14e-06 V                  ; 2.91 V             ; -0.121 V           ; 0.326 V                             ; 0.297 V                             ; 2.74e-10 s                 ; 2.8e-10 s                  ; No                        ; No                        ;
; out[162]    ; 2.5 V        ; 0 s                 ; 0 s                 ; 2.75 V                       ; 3.54e-06 V                   ; 2.81 V              ; -0.0578 V           ; 0.303 V                              ; 0.28 V                               ; 2.93e-10 s                  ; 3.01e-10 s                  ; No                         ; No                         ; 2.75 V                      ; 3.54e-06 V                  ; 2.81 V             ; -0.0578 V          ; 0.303 V                             ; 0.28 V                              ; 2.93e-10 s                 ; 3.01e-10 s                 ; No                        ; No                        ;
; out[163]    ; 2.5 V        ; 0 s                 ; 0 s                 ; 2.75 V                       ; 4.14e-06 V                   ; 2.91 V              ; -0.121 V            ; 0.326 V                              ; 0.297 V                              ; 2.74e-10 s                  ; 2.8e-10 s                   ; No                         ; No                         ; 2.75 V                      ; 4.14e-06 V                  ; 2.91 V             ; -0.121 V           ; 0.326 V                             ; 0.297 V                             ; 2.74e-10 s                 ; 2.8e-10 s                  ; No                        ; No                        ;
; out[164]    ; 2.5 V        ; 0 s                 ; 0 s                 ; 2.75 V                       ; 4.14e-06 V                   ; 2.91 V              ; -0.119 V            ; 0.326 V                              ; 0.298 V                              ; 2.74e-10 s                  ; 2.8e-10 s                   ; No                         ; No                         ; 2.75 V                      ; 4.14e-06 V                  ; 2.91 V             ; -0.119 V           ; 0.326 V                             ; 0.298 V                             ; 2.74e-10 s                 ; 2.8e-10 s                  ; No                        ; No                        ;
; out[165]    ; 2.5 V        ; 0 s                 ; 0 s                 ; 2.75 V                       ; 3.54e-06 V                   ; 2.81 V              ; -0.0578 V           ; 0.303 V                              ; 0.28 V                               ; 2.93e-10 s                  ; 3.01e-10 s                  ; No                         ; No                         ; 2.75 V                      ; 3.54e-06 V                  ; 2.81 V             ; -0.0578 V          ; 0.303 V                             ; 0.28 V                              ; 2.93e-10 s                 ; 3.01e-10 s                 ; No                        ; No                        ;
; out[166]    ; 2.5 V        ; 0 s                 ; 0 s                 ; 2.75 V                       ; 4.14e-06 V                   ; 2.91 V              ; -0.121 V            ; 0.326 V                              ; 0.297 V                              ; 2.74e-10 s                  ; 2.8e-10 s                   ; No                         ; No                         ; 2.75 V                      ; 4.14e-06 V                  ; 2.91 V             ; -0.121 V           ; 0.326 V                             ; 0.297 V                             ; 2.74e-10 s                 ; 2.8e-10 s                  ; No                        ; No                        ;
; out[167]    ; 2.5 V        ; 0 s                 ; 0 s                 ; 2.75 V                       ; 4.25e-06 V                   ; 2.9 V               ; -0.107 V            ; 0.378 V                              ; 0.16 V                               ; 2.87e-10 s                  ; 4.28e-10 s                  ; No                         ; No                         ; 2.75 V                      ; 4.25e-06 V                  ; 2.9 V              ; -0.107 V           ; 0.378 V                             ; 0.16 V                              ; 2.87e-10 s                 ; 4.28e-10 s                 ; No                        ; No                        ;
; out[168]    ; 2.5 V        ; 0 s                 ; 0 s                 ; 2.75 V                       ; 4.25e-06 V                   ; 2.9 V               ; -0.107 V            ; 0.378 V                              ; 0.16 V                               ; 2.87e-10 s                  ; 4.28e-10 s                  ; No                         ; No                         ; 2.75 V                      ; 4.25e-06 V                  ; 2.9 V              ; -0.107 V           ; 0.378 V                             ; 0.16 V                              ; 2.87e-10 s                 ; 4.28e-10 s                 ; No                        ; No                        ;
; out[169]    ; 2.5 V        ; 0 s                 ; 0 s                 ; 2.75 V                       ; 4.25e-06 V                   ; 2.9 V               ; -0.107 V            ; 0.378 V                              ; 0.16 V                               ; 2.87e-10 s                  ; 4.28e-10 s                  ; No                         ; No                         ; 2.75 V                      ; 4.25e-06 V                  ; 2.9 V              ; -0.107 V           ; 0.378 V                             ; 0.16 V                              ; 2.87e-10 s                 ; 4.28e-10 s                 ; No                        ; No                        ;
; out[170]    ; 2.5 V        ; 0 s                 ; 0 s                 ; 2.75 V                       ; 3.54e-06 V                   ; 2.81 V              ; -0.0578 V           ; 0.303 V                              ; 0.28 V                               ; 2.93e-10 s                  ; 3.01e-10 s                  ; No                         ; No                         ; 2.75 V                      ; 3.54e-06 V                  ; 2.81 V             ; -0.0578 V          ; 0.303 V                             ; 0.28 V                              ; 2.93e-10 s                 ; 3.01e-10 s                 ; No                        ; No                        ;
; out[171]    ; 2.5 V        ; 0 s                 ; 0 s                 ; 2.75 V                       ; 4.14e-06 V                   ; 2.91 V              ; -0.119 V            ; 0.326 V                              ; 0.298 V                              ; 2.74e-10 s                  ; 2.8e-10 s                   ; No                         ; No                         ; 2.75 V                      ; 4.14e-06 V                  ; 2.91 V             ; -0.119 V           ; 0.326 V                             ; 0.298 V                             ; 2.74e-10 s                 ; 2.8e-10 s                  ; No                        ; No                        ;
; out[172]    ; 2.5 V        ; 0 s                 ; 0 s                 ; 2.75 V                       ; 3.54e-06 V                   ; 2.81 V              ; -0.0578 V           ; 0.303 V                              ; 0.28 V                               ; 2.93e-10 s                  ; 3.01e-10 s                  ; No                         ; No                         ; 2.75 V                      ; 3.54e-06 V                  ; 2.81 V             ; -0.0578 V          ; 0.303 V                             ; 0.28 V                              ; 2.93e-10 s                 ; 3.01e-10 s                 ; No                        ; No                        ;
; out[173]    ; 2.5 V        ; 0 s                 ; 0 s                 ; 2.75 V                       ; 4.14e-06 V                   ; 2.91 V              ; -0.119 V            ; 0.326 V                              ; 0.298 V                              ; 2.74e-10 s                  ; 2.8e-10 s                   ; No                         ; No                         ; 2.75 V                      ; 4.14e-06 V                  ; 2.91 V             ; -0.119 V           ; 0.326 V                             ; 0.298 V                             ; 2.74e-10 s                 ; 2.8e-10 s                  ; No                        ; No                        ;
; out[174]    ; 2.5 V        ; 0 s                 ; 0 s                 ; 2.75 V                       ; 3.54e-06 V                   ; 2.81 V              ; -0.0578 V           ; 0.303 V                              ; 0.28 V                               ; 2.93e-10 s                  ; 3.01e-10 s                  ; No                         ; No                         ; 2.75 V                      ; 3.54e-06 V                  ; 2.81 V             ; -0.0578 V          ; 0.303 V                             ; 0.28 V                              ; 2.93e-10 s                 ; 3.01e-10 s                 ; No                        ; No                        ;
; out[175]    ; 2.5 V        ; 0 s                 ; 0 s                 ; 2.75 V                       ; 4.14e-06 V                   ; 2.91 V              ; -0.119 V            ; 0.326 V                              ; 0.298 V                              ; 2.74e-10 s                  ; 2.8e-10 s                   ; No                         ; No                         ; 2.75 V                      ; 4.14e-06 V                  ; 2.91 V             ; -0.119 V           ; 0.326 V                             ; 0.298 V                             ; 2.74e-10 s                 ; 2.8e-10 s                  ; No                        ; No                        ;
; out[176]    ; 2.5 V        ; 0 s                 ; 0 s                 ; 2.75 V                       ; 4.14e-06 V                   ; 2.91 V              ; -0.119 V            ; 0.326 V                              ; 0.298 V                              ; 2.74e-10 s                  ; 2.8e-10 s                   ; No                         ; No                         ; 2.75 V                      ; 4.14e-06 V                  ; 2.91 V             ; -0.119 V           ; 0.326 V                             ; 0.298 V                             ; 2.74e-10 s                 ; 2.8e-10 s                  ; No                        ; No                        ;
; out[177]    ; 2.5 V        ; 0 s                 ; 0 s                 ; 2.75 V                       ; 4.14e-06 V                   ; 2.91 V              ; -0.121 V            ; 0.326 V                              ; 0.297 V                              ; 2.74e-10 s                  ; 2.8e-10 s                   ; No                         ; No                         ; 2.75 V                      ; 4.14e-06 V                  ; 2.91 V             ; -0.121 V           ; 0.326 V                             ; 0.297 V                             ; 2.74e-10 s                 ; 2.8e-10 s                  ; No                        ; No                        ;
; out[178]    ; 2.5 V        ; 0 s                 ; 0 s                 ; 2.75 V                       ; 4.14e-06 V                   ; 2.91 V              ; -0.121 V            ; 0.326 V                              ; 0.297 V                              ; 2.74e-10 s                  ; 2.8e-10 s                   ; No                         ; No                         ; 2.75 V                      ; 4.14e-06 V                  ; 2.91 V             ; -0.121 V           ; 0.326 V                             ; 0.297 V                             ; 2.74e-10 s                 ; 2.8e-10 s                  ; No                        ; No                        ;
; out[179]    ; 2.5 V        ; 0 s                 ; 0 s                 ; 2.75 V                       ; 4.14e-06 V                   ; 2.91 V              ; -0.119 V            ; 0.326 V                              ; 0.298 V                              ; 2.74e-10 s                  ; 2.8e-10 s                   ; No                         ; No                         ; 2.75 V                      ; 4.14e-06 V                  ; 2.91 V             ; -0.119 V           ; 0.326 V                             ; 0.298 V                             ; 2.74e-10 s                 ; 2.8e-10 s                  ; No                        ; No                        ;
; out[180]    ; 2.5 V        ; 0 s                 ; 0 s                 ; 2.75 V                       ; 3.54e-06 V                   ; 2.81 V              ; -0.0578 V           ; 0.303 V                              ; 0.28 V                               ; 2.93e-10 s                  ; 3.01e-10 s                  ; No                         ; No                         ; 2.75 V                      ; 3.54e-06 V                  ; 2.81 V             ; -0.0578 V          ; 0.303 V                             ; 0.28 V                              ; 2.93e-10 s                 ; 3.01e-10 s                 ; No                        ; No                        ;
; out[181]    ; 2.5 V        ; 0 s                 ; 0 s                 ; 2.75 V                       ; 3.54e-06 V                   ; 2.81 V              ; -0.0578 V           ; 0.303 V                              ; 0.28 V                               ; 2.93e-10 s                  ; 3.01e-10 s                  ; No                         ; No                         ; 2.75 V                      ; 3.54e-06 V                  ; 2.81 V             ; -0.0578 V          ; 0.303 V                             ; 0.28 V                              ; 2.93e-10 s                 ; 3.01e-10 s                 ; No                        ; No                        ;
; out[182]    ; 2.5 V        ; 0 s                 ; 0 s                 ; 2.75 V                       ; 4.14e-06 V                   ; 2.91 V              ; -0.119 V            ; 0.326 V                              ; 0.298 V                              ; 2.74e-10 s                  ; 2.8e-10 s                   ; No                         ; No                         ; 2.75 V                      ; 4.14e-06 V                  ; 2.91 V             ; -0.119 V           ; 0.326 V                             ; 0.298 V                             ; 2.74e-10 s                 ; 2.8e-10 s                  ; No                        ; No                        ;
; out[183]    ; 2.5 V        ; 0 s                 ; 0 s                 ; 2.75 V                       ; 4.14e-06 V                   ; 2.91 V              ; -0.121 V            ; 0.326 V                              ; 0.297 V                              ; 2.74e-10 s                  ; 2.8e-10 s                   ; No                         ; No                         ; 2.75 V                      ; 4.14e-06 V                  ; 2.91 V             ; -0.121 V           ; 0.326 V                             ; 0.297 V                             ; 2.74e-10 s                 ; 2.8e-10 s                  ; No                        ; No                        ;
; out[184]    ; 2.5 V        ; 0 s                 ; 0 s                 ; 2.75 V                       ; 4.25e-06 V                   ; 2.9 V               ; -0.107 V            ; 0.378 V                              ; 0.16 V                               ; 2.87e-10 s                  ; 4.28e-10 s                  ; No                         ; No                         ; 2.75 V                      ; 4.25e-06 V                  ; 2.9 V              ; -0.107 V           ; 0.378 V                             ; 0.16 V                              ; 2.87e-10 s                 ; 4.28e-10 s                 ; No                        ; No                        ;
; out[185]    ; 2.5 V        ; 0 s                 ; 0 s                 ; 2.75 V                       ; 4.25e-06 V                   ; 2.9 V               ; -0.107 V            ; 0.378 V                              ; 0.16 V                               ; 2.87e-10 s                  ; 4.28e-10 s                  ; No                         ; No                         ; 2.75 V                      ; 4.25e-06 V                  ; 2.9 V              ; -0.107 V           ; 0.378 V                             ; 0.16 V                              ; 2.87e-10 s                 ; 4.28e-10 s                 ; No                        ; No                        ;
; out[186]    ; 2.5 V        ; 0 s                 ; 0 s                 ; 2.75 V                       ; 4.25e-06 V                   ; 2.9 V               ; -0.107 V            ; 0.378 V                              ; 0.16 V                               ; 2.87e-10 s                  ; 4.28e-10 s                  ; No                         ; No                         ; 2.75 V                      ; 4.25e-06 V                  ; 2.9 V              ; -0.107 V           ; 0.378 V                             ; 0.16 V                              ; 2.87e-10 s                 ; 4.28e-10 s                 ; No                        ; No                        ;
; out[187]    ; 2.5 V        ; 0 s                 ; 0 s                 ; 2.75 V                       ; 4.14e-06 V                   ; 2.91 V              ; -0.119 V            ; 0.326 V                              ; 0.298 V                              ; 2.74e-10 s                  ; 2.8e-10 s                   ; No                         ; No                         ; 2.75 V                      ; 4.14e-06 V                  ; 2.91 V             ; -0.119 V           ; 0.326 V                             ; 0.298 V                             ; 2.74e-10 s                 ; 2.8e-10 s                  ; No                        ; No                        ;
; out[188]    ; 2.5 V        ; 0 s                 ; 0 s                 ; 2.75 V                       ; 4.14e-06 V                   ; 2.91 V              ; -0.119 V            ; 0.326 V                              ; 0.298 V                              ; 2.74e-10 s                  ; 2.8e-10 s                   ; No                         ; No                         ; 2.75 V                      ; 4.14e-06 V                  ; 2.91 V             ; -0.119 V           ; 0.326 V                             ; 0.298 V                             ; 2.74e-10 s                 ; 2.8e-10 s                  ; No                        ; No                        ;
; out[189]    ; 2.5 V        ; 0 s                 ; 0 s                 ; 2.75 V                       ; 4.25e-06 V                   ; 2.9 V               ; -0.107 V            ; 0.378 V                              ; 0.16 V                               ; 2.87e-10 s                  ; 4.28e-10 s                  ; No                         ; No                         ; 2.75 V                      ; 4.25e-06 V                  ; 2.9 V              ; -0.107 V           ; 0.378 V                             ; 0.16 V                              ; 2.87e-10 s                 ; 4.28e-10 s                 ; No                        ; No                        ;
; out[190]    ; 2.5 V        ; 0 s                 ; 0 s                 ; 2.75 V                       ; 3.54e-06 V                   ; 2.81 V              ; -0.0578 V           ; 0.303 V                              ; 0.28 V                               ; 2.93e-10 s                  ; 3.01e-10 s                  ; No                         ; No                         ; 2.75 V                      ; 3.54e-06 V                  ; 2.81 V             ; -0.0578 V          ; 0.303 V                             ; 0.28 V                              ; 2.93e-10 s                 ; 3.01e-10 s                 ; No                        ; No                        ;
; out[191]    ; 2.5 V        ; 0 s                 ; 0 s                 ; 2.75 V                       ; 4.14e-06 V                   ; 2.91 V              ; -0.121 V            ; 0.326 V                              ; 0.297 V                              ; 2.74e-10 s                  ; 2.8e-10 s                   ; No                         ; No                         ; 2.75 V                      ; 4.14e-06 V                  ; 2.91 V             ; -0.121 V           ; 0.326 V                             ; 0.297 V                             ; 2.74e-10 s                 ; 2.8e-10 s                  ; No                        ; No                        ;
; out[192]    ; 2.5 V        ; 0 s                 ; 0 s                 ; 2.75 V                       ; 4.14e-06 V                   ; 2.91 V              ; -0.121 V            ; 0.326 V                              ; 0.297 V                              ; 2.74e-10 s                  ; 2.8e-10 s                   ; No                         ; No                         ; 2.75 V                      ; 4.14e-06 V                  ; 2.91 V             ; -0.121 V           ; 0.326 V                             ; 0.297 V                             ; 2.74e-10 s                 ; 2.8e-10 s                  ; No                        ; No                        ;
; out[193]    ; 2.5 V        ; 0 s                 ; 0 s                 ; 2.75 V                       ; 4.14e-06 V                   ; 2.91 V              ; -0.121 V            ; 0.326 V                              ; 0.297 V                              ; 2.74e-10 s                  ; 2.8e-10 s                   ; No                         ; No                         ; 2.75 V                      ; 4.14e-06 V                  ; 2.91 V             ; -0.121 V           ; 0.326 V                             ; 0.297 V                             ; 2.74e-10 s                 ; 2.8e-10 s                  ; No                        ; No                        ;
; out[194]    ; 2.5 V        ; 0 s                 ; 0 s                 ; 2.75 V                       ; 4.14e-06 V                   ; 2.91 V              ; -0.119 V            ; 0.326 V                              ; 0.298 V                              ; 2.74e-10 s                  ; 2.8e-10 s                   ; No                         ; No                         ; 2.75 V                      ; 4.14e-06 V                  ; 2.91 V             ; -0.119 V           ; 0.326 V                             ; 0.298 V                             ; 2.74e-10 s                 ; 2.8e-10 s                  ; No                        ; No                        ;
; out[195]    ; 2.5 V        ; 0 s                 ; 0 s                 ; 2.75 V                       ; 3.54e-06 V                   ; 2.81 V              ; -0.0578 V           ; 0.303 V                              ; 0.28 V                               ; 2.93e-10 s                  ; 3.01e-10 s                  ; No                         ; No                         ; 2.75 V                      ; 3.54e-06 V                  ; 2.81 V             ; -0.0578 V          ; 0.303 V                             ; 0.28 V                              ; 2.93e-10 s                 ; 3.01e-10 s                 ; No                        ; No                        ;
; out[196]    ; 2.5 V        ; 0 s                 ; 0 s                 ; 2.75 V                       ; 4.25e-06 V                   ; 2.9 V               ; -0.107 V            ; 0.378 V                              ; 0.16 V                               ; 2.87e-10 s                  ; 4.28e-10 s                  ; No                         ; No                         ; 2.75 V                      ; 4.25e-06 V                  ; 2.9 V              ; -0.107 V           ; 0.378 V                             ; 0.16 V                              ; 2.87e-10 s                 ; 4.28e-10 s                 ; No                        ; No                        ;
; out[197]    ; 2.5 V        ; 0 s                 ; 0 s                 ; 2.75 V                       ; 3.54e-06 V                   ; 2.81 V              ; -0.0578 V           ; 0.303 V                              ; 0.28 V                               ; 2.93e-10 s                  ; 3.01e-10 s                  ; No                         ; No                         ; 2.75 V                      ; 3.54e-06 V                  ; 2.81 V             ; -0.0578 V          ; 0.303 V                             ; 0.28 V                              ; 2.93e-10 s                 ; 3.01e-10 s                 ; No                        ; No                        ;
; out[198]    ; 2.5 V        ; 0 s                 ; 0 s                 ; 2.75 V                       ; 4.14e-06 V                   ; 2.91 V              ; -0.121 V            ; 0.326 V                              ; 0.297 V                              ; 2.74e-10 s                  ; 2.8e-10 s                   ; No                         ; No                         ; 2.75 V                      ; 4.14e-06 V                  ; 2.91 V             ; -0.121 V           ; 0.326 V                             ; 0.297 V                             ; 2.74e-10 s                 ; 2.8e-10 s                  ; No                        ; No                        ;
; out[199]    ; 2.5 V        ; 0 s                 ; 0 s                 ; 2.75 V                       ; 3.54e-06 V                   ; 2.81 V              ; -0.0578 V           ; 0.303 V                              ; 0.28 V                               ; 2.93e-10 s                  ; 3.01e-10 s                  ; No                         ; No                         ; 2.75 V                      ; 3.54e-06 V                  ; 2.81 V             ; -0.0578 V          ; 0.303 V                             ; 0.28 V                              ; 2.93e-10 s                 ; 3.01e-10 s                 ; No                        ; No                        ;
; out[200]    ; 2.5 V        ; 0 s                 ; 0 s                 ; 2.75 V                       ; 4.25e-06 V                   ; 2.9 V               ; -0.107 V            ; 0.378 V                              ; 0.16 V                               ; 2.87e-10 s                  ; 4.28e-10 s                  ; No                         ; No                         ; 2.75 V                      ; 4.25e-06 V                  ; 2.9 V              ; -0.107 V           ; 0.378 V                             ; 0.16 V                              ; 2.87e-10 s                 ; 4.28e-10 s                 ; No                        ; No                        ;
; out[201]    ; 2.5 V        ; 0 s                 ; 0 s                 ; 2.75 V                       ; 4.14e-06 V                   ; 2.91 V              ; -0.121 V            ; 0.326 V                              ; 0.297 V                              ; 2.74e-10 s                  ; 2.8e-10 s                   ; No                         ; No                         ; 2.75 V                      ; 4.14e-06 V                  ; 2.91 V             ; -0.121 V           ; 0.326 V                             ; 0.297 V                             ; 2.74e-10 s                 ; 2.8e-10 s                  ; No                        ; No                        ;
; out[202]    ; 2.5 V        ; 0 s                 ; 0 s                 ; 2.75 V                       ; 4.25e-06 V                   ; 2.9 V               ; -0.107 V            ; 0.378 V                              ; 0.16 V                               ; 2.87e-10 s                  ; 4.28e-10 s                  ; No                         ; No                         ; 2.75 V                      ; 4.25e-06 V                  ; 2.9 V              ; -0.107 V           ; 0.378 V                             ; 0.16 V                              ; 2.87e-10 s                 ; 4.28e-10 s                 ; No                        ; No                        ;
; out[203]    ; 2.5 V        ; 0 s                 ; 0 s                 ; 2.75 V                       ; 4.14e-06 V                   ; 2.91 V              ; -0.121 V            ; 0.326 V                              ; 0.297 V                              ; 2.74e-10 s                  ; 2.8e-10 s                   ; No                         ; No                         ; 2.75 V                      ; 4.14e-06 V                  ; 2.91 V             ; -0.121 V           ; 0.326 V                             ; 0.297 V                             ; 2.74e-10 s                 ; 2.8e-10 s                  ; No                        ; No                        ;
; out[204]    ; 2.5 V        ; 0 s                 ; 0 s                 ; 2.75 V                       ; 4.25e-06 V                   ; 2.9 V               ; -0.107 V            ; 0.378 V                              ; 0.16 V                               ; 2.87e-10 s                  ; 4.28e-10 s                  ; No                         ; No                         ; 2.75 V                      ; 4.25e-06 V                  ; 2.9 V              ; -0.107 V           ; 0.378 V                             ; 0.16 V                              ; 2.87e-10 s                 ; 4.28e-10 s                 ; No                        ; No                        ;
; out[205]    ; 2.5 V        ; 0 s                 ; 0 s                 ; 2.75 V                       ; 4.14e-06 V                   ; 2.91 V              ; -0.121 V            ; 0.326 V                              ; 0.297 V                              ; 2.74e-10 s                  ; 2.8e-10 s                   ; No                         ; No                         ; 2.75 V                      ; 4.14e-06 V                  ; 2.91 V             ; -0.121 V           ; 0.326 V                             ; 0.297 V                             ; 2.74e-10 s                 ; 2.8e-10 s                  ; No                        ; No                        ;
; out[206]    ; 2.5 V        ; 0 s                 ; 0 s                 ; 2.75 V                       ; 4.14e-06 V                   ; 2.91 V              ; -0.121 V            ; 0.326 V                              ; 0.297 V                              ; 2.74e-10 s                  ; 2.8e-10 s                   ; No                         ; No                         ; 2.75 V                      ; 4.14e-06 V                  ; 2.91 V             ; -0.121 V           ; 0.326 V                             ; 0.297 V                             ; 2.74e-10 s                 ; 2.8e-10 s                  ; No                        ; No                        ;
; out[207]    ; 2.5 V        ; 0 s                 ; 0 s                 ; 2.75 V                       ; 3.54e-06 V                   ; 2.81 V              ; -0.0578 V           ; 0.303 V                              ; 0.28 V                               ; 2.93e-10 s                  ; 3.01e-10 s                  ; No                         ; No                         ; 2.75 V                      ; 3.54e-06 V                  ; 2.81 V             ; -0.0578 V          ; 0.303 V                             ; 0.28 V                              ; 2.93e-10 s                 ; 3.01e-10 s                 ; No                        ; No                        ;
; out[208]    ; 2.5 V        ; 0 s                 ; 0 s                 ; 2.75 V                       ; 3.54e-06 V                   ; 2.81 V              ; -0.0578 V           ; 0.303 V                              ; 0.28 V                               ; 2.93e-10 s                  ; 3.01e-10 s                  ; No                         ; No                         ; 2.75 V                      ; 3.54e-06 V                  ; 2.81 V             ; -0.0578 V          ; 0.303 V                             ; 0.28 V                              ; 2.93e-10 s                 ; 3.01e-10 s                 ; No                        ; No                        ;
; out[209]    ; 2.5 V        ; 0 s                 ; 0 s                 ; 2.75 V                       ; 4.14e-06 V                   ; 2.91 V              ; -0.121 V            ; 0.326 V                              ; 0.297 V                              ; 2.74e-10 s                  ; 2.8e-10 s                   ; No                         ; No                         ; 2.75 V                      ; 4.14e-06 V                  ; 2.91 V             ; -0.121 V           ; 0.326 V                             ; 0.297 V                             ; 2.74e-10 s                 ; 2.8e-10 s                  ; No                        ; No                        ;
; out[210]    ; 2.5 V        ; 0 s                 ; 0 s                 ; 2.75 V                       ; 3.54e-06 V                   ; 2.81 V              ; -0.0578 V           ; 0.303 V                              ; 0.28 V                               ; 2.93e-10 s                  ; 3.01e-10 s                  ; No                         ; No                         ; 2.75 V                      ; 3.54e-06 V                  ; 2.81 V             ; -0.0578 V          ; 0.303 V                             ; 0.28 V                              ; 2.93e-10 s                 ; 3.01e-10 s                 ; No                        ; No                        ;
; out[211]    ; 2.5 V        ; 0 s                 ; 0 s                 ; 2.75 V                       ; 4.25e-06 V                   ; 2.9 V               ; -0.107 V            ; 0.378 V                              ; 0.16 V                               ; 2.87e-10 s                  ; 4.28e-10 s                  ; No                         ; No                         ; 2.75 V                      ; 4.25e-06 V                  ; 2.9 V              ; -0.107 V           ; 0.378 V                             ; 0.16 V                              ; 2.87e-10 s                 ; 4.28e-10 s                 ; No                        ; No                        ;
; out[212]    ; 2.5 V        ; 0 s                 ; 0 s                 ; 2.75 V                       ; 3.54e-06 V                   ; 2.81 V              ; -0.0578 V           ; 0.303 V                              ; 0.28 V                               ; 2.93e-10 s                  ; 3.01e-10 s                  ; No                         ; No                         ; 2.75 V                      ; 3.54e-06 V                  ; 2.81 V             ; -0.0578 V          ; 0.303 V                             ; 0.28 V                              ; 2.93e-10 s                 ; 3.01e-10 s                 ; No                        ; No                        ;
; out[213]    ; 2.5 V        ; 0 s                 ; 0 s                 ; 2.75 V                       ; 4.25e-06 V                   ; 2.9 V               ; -0.107 V            ; 0.378 V                              ; 0.16 V                               ; 2.87e-10 s                  ; 4.28e-10 s                  ; No                         ; No                         ; 2.75 V                      ; 4.25e-06 V                  ; 2.9 V              ; -0.107 V           ; 0.378 V                             ; 0.16 V                              ; 2.87e-10 s                 ; 4.28e-10 s                 ; No                        ; No                        ;
; out[214]    ; 2.5 V        ; 0 s                 ; 0 s                 ; 2.75 V                       ; 4.14e-06 V                   ; 2.91 V              ; -0.119 V            ; 0.326 V                              ; 0.298 V                              ; 2.74e-10 s                  ; 2.8e-10 s                   ; No                         ; No                         ; 2.75 V                      ; 4.14e-06 V                  ; 2.91 V             ; -0.119 V           ; 0.326 V                             ; 0.298 V                             ; 2.74e-10 s                 ; 2.8e-10 s                  ; No                        ; No                        ;
; out[215]    ; 2.5 V        ; 0 s                 ; 0 s                 ; 2.75 V                       ; 4.25e-06 V                   ; 2.9 V               ; -0.107 V            ; 0.378 V                              ; 0.16 V                               ; 2.87e-10 s                  ; 4.28e-10 s                  ; No                         ; No                         ; 2.75 V                      ; 4.25e-06 V                  ; 2.9 V              ; -0.107 V           ; 0.378 V                             ; 0.16 V                              ; 2.87e-10 s                 ; 4.28e-10 s                 ; No                        ; No                        ;
; out[216]    ; 2.5 V        ; 0 s                 ; 0 s                 ; 2.75 V                       ; 4.25e-06 V                   ; 2.9 V               ; -0.107 V            ; 0.378 V                              ; 0.16 V                               ; 2.87e-10 s                  ; 4.28e-10 s                  ; No                         ; No                         ; 2.75 V                      ; 4.25e-06 V                  ; 2.9 V              ; -0.107 V           ; 0.378 V                             ; 0.16 V                              ; 2.87e-10 s                 ; 4.28e-10 s                 ; No                        ; No                        ;
; out[217]    ; 2.5 V        ; 0 s                 ; 0 s                 ; 2.75 V                       ; 4.14e-06 V                   ; 2.91 V              ; -0.119 V            ; 0.326 V                              ; 0.298 V                              ; 2.74e-10 s                  ; 2.8e-10 s                   ; No                         ; No                         ; 2.75 V                      ; 4.14e-06 V                  ; 2.91 V             ; -0.119 V           ; 0.326 V                             ; 0.298 V                             ; 2.74e-10 s                 ; 2.8e-10 s                  ; No                        ; No                        ;
; out[218]    ; 2.5 V        ; 0 s                 ; 0 s                 ; 2.75 V                       ; 4.14e-06 V                   ; 2.91 V              ; -0.119 V            ; 0.326 V                              ; 0.298 V                              ; 2.74e-10 s                  ; 2.8e-10 s                   ; No                         ; No                         ; 2.75 V                      ; 4.14e-06 V                  ; 2.91 V             ; -0.119 V           ; 0.326 V                             ; 0.298 V                             ; 2.74e-10 s                 ; 2.8e-10 s                  ; No                        ; No                        ;
; out[219]    ; 2.5 V        ; 0 s                 ; 0 s                 ; 2.75 V                       ; 4.14e-06 V                   ; 2.91 V              ; -0.121 V            ; 0.326 V                              ; 0.297 V                              ; 2.74e-10 s                  ; 2.8e-10 s                   ; No                         ; No                         ; 2.75 V                      ; 4.14e-06 V                  ; 2.91 V             ; -0.121 V           ; 0.326 V                             ; 0.297 V                             ; 2.74e-10 s                 ; 2.8e-10 s                  ; No                        ; No                        ;
; out[220]    ; 2.5 V        ; 0 s                 ; 0 s                 ; 2.75 V                       ; 4.14e-06 V                   ; 2.91 V              ; -0.119 V            ; 0.326 V                              ; 0.298 V                              ; 2.74e-10 s                  ; 2.8e-10 s                   ; No                         ; No                         ; 2.75 V                      ; 4.14e-06 V                  ; 2.91 V             ; -0.119 V           ; 0.326 V                             ; 0.298 V                             ; 2.74e-10 s                 ; 2.8e-10 s                  ; No                        ; No                        ;
; out[221]    ; 2.5 V        ; 0 s                 ; 0 s                 ; 2.75 V                       ; 4.25e-06 V                   ; 2.9 V               ; -0.107 V            ; 0.378 V                              ; 0.16 V                               ; 2.87e-10 s                  ; 4.28e-10 s                  ; No                         ; No                         ; 2.75 V                      ; 4.25e-06 V                  ; 2.9 V              ; -0.107 V           ; 0.378 V                             ; 0.16 V                              ; 2.87e-10 s                 ; 4.28e-10 s                 ; No                        ; No                        ;
; out[222]    ; 2.5 V        ; 0 s                 ; 0 s                 ; 2.75 V                       ; 4.14e-06 V                   ; 2.91 V              ; -0.119 V            ; 0.326 V                              ; 0.298 V                              ; 2.74e-10 s                  ; 2.8e-10 s                   ; No                         ; No                         ; 2.75 V                      ; 4.14e-06 V                  ; 2.91 V             ; -0.119 V           ; 0.326 V                             ; 0.298 V                             ; 2.74e-10 s                 ; 2.8e-10 s                  ; No                        ; No                        ;
; out[223]    ; 2.5 V        ; 0 s                 ; 0 s                 ; 2.75 V                       ; 3.54e-06 V                   ; 2.81 V              ; -0.0578 V           ; 0.303 V                              ; 0.28 V                               ; 2.93e-10 s                  ; 3.01e-10 s                  ; No                         ; No                         ; 2.75 V                      ; 3.54e-06 V                  ; 2.81 V             ; -0.0578 V          ; 0.303 V                             ; 0.28 V                              ; 2.93e-10 s                 ; 3.01e-10 s                 ; No                        ; No                        ;
; out[224]    ; 2.5 V        ; 0 s                 ; 0 s                 ; 2.75 V                       ; 4.14e-06 V                   ; 2.91 V              ; -0.121 V            ; 0.326 V                              ; 0.297 V                              ; 2.74e-10 s                  ; 2.8e-10 s                   ; No                         ; No                         ; 2.75 V                      ; 4.14e-06 V                  ; 2.91 V             ; -0.121 V           ; 0.326 V                             ; 0.297 V                             ; 2.74e-10 s                 ; 2.8e-10 s                  ; No                        ; No                        ;
; out[225]    ; 2.5 V        ; 0 s                 ; 0 s                 ; 2.75 V                       ; 3.54e-06 V                   ; 2.81 V              ; -0.0578 V           ; 0.303 V                              ; 0.28 V                               ; 2.93e-10 s                  ; 3.01e-10 s                  ; No                         ; No                         ; 2.75 V                      ; 3.54e-06 V                  ; 2.81 V             ; -0.0578 V          ; 0.303 V                             ; 0.28 V                              ; 2.93e-10 s                 ; 3.01e-10 s                 ; No                        ; No                        ;
; out[226]    ; 2.5 V        ; 0 s                 ; 0 s                 ; 2.75 V                       ; 4.25e-06 V                   ; 2.9 V               ; -0.107 V            ; 0.378 V                              ; 0.16 V                               ; 2.87e-10 s                  ; 4.28e-10 s                  ; No                         ; No                         ; 2.75 V                      ; 4.25e-06 V                  ; 2.9 V              ; -0.107 V           ; 0.378 V                             ; 0.16 V                              ; 2.87e-10 s                 ; 4.28e-10 s                 ; No                        ; No                        ;
; out[227]    ; 2.5 V        ; 0 s                 ; 0 s                 ; 2.75 V                       ; 4.25e-06 V                   ; 2.9 V               ; -0.107 V            ; 0.378 V                              ; 0.16 V                               ; 2.87e-10 s                  ; 4.28e-10 s                  ; No                         ; No                         ; 2.75 V                      ; 4.25e-06 V                  ; 2.9 V              ; -0.107 V           ; 0.378 V                             ; 0.16 V                              ; 2.87e-10 s                 ; 4.28e-10 s                 ; No                        ; No                        ;
; out[228]    ; 2.5 V        ; 0 s                 ; 0 s                 ; 2.75 V                       ; 3.54e-06 V                   ; 2.81 V              ; -0.0578 V           ; 0.303 V                              ; 0.28 V                               ; 2.93e-10 s                  ; 3.01e-10 s                  ; No                         ; No                         ; 2.75 V                      ; 3.54e-06 V                  ; 2.81 V             ; -0.0578 V          ; 0.303 V                             ; 0.28 V                              ; 2.93e-10 s                 ; 3.01e-10 s                 ; No                        ; No                        ;
; out[229]    ; 2.5 V        ; 0 s                 ; 0 s                 ; 2.75 V                       ; 4.14e-06 V                   ; 2.91 V              ; -0.121 V            ; 0.326 V                              ; 0.297 V                              ; 2.74e-10 s                  ; 2.8e-10 s                   ; No                         ; No                         ; 2.75 V                      ; 4.14e-06 V                  ; 2.91 V             ; -0.121 V           ; 0.326 V                             ; 0.297 V                             ; 2.74e-10 s                 ; 2.8e-10 s                  ; No                        ; No                        ;
; out[230]    ; 2.5 V        ; 0 s                 ; 0 s                 ; 2.75 V                       ; 4.25e-06 V                   ; 2.9 V               ; -0.107 V            ; 0.378 V                              ; 0.16 V                               ; 2.87e-10 s                  ; 4.28e-10 s                  ; No                         ; No                         ; 2.75 V                      ; 4.25e-06 V                  ; 2.9 V              ; -0.107 V           ; 0.378 V                             ; 0.16 V                              ; 2.87e-10 s                 ; 4.28e-10 s                 ; No                        ; No                        ;
; out[231]    ; 2.5 V        ; 0 s                 ; 0 s                 ; 2.75 V                       ; 4.25e-06 V                   ; 2.9 V               ; -0.107 V            ; 0.378 V                              ; 0.16 V                               ; 2.87e-10 s                  ; 4.28e-10 s                  ; No                         ; No                         ; 2.75 V                      ; 4.25e-06 V                  ; 2.9 V              ; -0.107 V           ; 0.378 V                             ; 0.16 V                              ; 2.87e-10 s                 ; 4.28e-10 s                 ; No                        ; No                        ;
; out[232]    ; 2.5 V        ; 0 s                 ; 0 s                 ; 2.75 V                       ; 3.54e-06 V                   ; 2.81 V              ; -0.0578 V           ; 0.303 V                              ; 0.28 V                               ; 2.93e-10 s                  ; 3.01e-10 s                  ; No                         ; No                         ; 2.75 V                      ; 3.54e-06 V                  ; 2.81 V             ; -0.0578 V          ; 0.303 V                             ; 0.28 V                              ; 2.93e-10 s                 ; 3.01e-10 s                 ; No                        ; No                        ;
; out[233]    ; 2.5 V        ; 0 s                 ; 0 s                 ; 2.75 V                       ; 4.14e-06 V                   ; 2.91 V              ; -0.119 V            ; 0.326 V                              ; 0.298 V                              ; 2.74e-10 s                  ; 2.8e-10 s                   ; No                         ; No                         ; 2.75 V                      ; 4.14e-06 V                  ; 2.91 V             ; -0.119 V           ; 0.326 V                             ; 0.298 V                             ; 2.74e-10 s                 ; 2.8e-10 s                  ; No                        ; No                        ;
; out[234]    ; 2.5 V        ; 0 s                 ; 0 s                 ; 2.75 V                       ; 3.54e-06 V                   ; 2.81 V              ; -0.0578 V           ; 0.303 V                              ; 0.28 V                               ; 2.93e-10 s                  ; 3.01e-10 s                  ; No                         ; No                         ; 2.75 V                      ; 3.54e-06 V                  ; 2.81 V             ; -0.0578 V          ; 0.303 V                             ; 0.28 V                              ; 2.93e-10 s                 ; 3.01e-10 s                 ; No                        ; No                        ;
; out[235]    ; 2.5 V        ; 0 s                 ; 0 s                 ; 2.75 V                       ; 4.14e-06 V                   ; 2.91 V              ; -0.121 V            ; 0.326 V                              ; 0.297 V                              ; 2.74e-10 s                  ; 2.8e-10 s                   ; No                         ; No                         ; 2.75 V                      ; 4.14e-06 V                  ; 2.91 V             ; -0.121 V           ; 0.326 V                             ; 0.297 V                             ; 2.74e-10 s                 ; 2.8e-10 s                  ; No                        ; No                        ;
; out[236]    ; 2.5 V        ; 0 s                 ; 0 s                 ; 2.75 V                       ; 3.54e-06 V                   ; 2.81 V              ; -0.0578 V           ; 0.303 V                              ; 0.28 V                               ; 2.93e-10 s                  ; 3.01e-10 s                  ; No                         ; No                         ; 2.75 V                      ; 3.54e-06 V                  ; 2.81 V             ; -0.0578 V          ; 0.303 V                             ; 0.28 V                              ; 2.93e-10 s                 ; 3.01e-10 s                 ; No                        ; No                        ;
; out[237]    ; 2.5 V        ; 0 s                 ; 0 s                 ; 2.75 V                       ; 4.14e-06 V                   ; 2.91 V              ; -0.119 V            ; 0.326 V                              ; 0.298 V                              ; 2.74e-10 s                  ; 2.8e-10 s                   ; No                         ; No                         ; 2.75 V                      ; 4.14e-06 V                  ; 2.91 V             ; -0.119 V           ; 0.326 V                             ; 0.298 V                             ; 2.74e-10 s                 ; 2.8e-10 s                  ; No                        ; No                        ;
; out[238]    ; 2.5 V        ; 0 s                 ; 0 s                 ; 2.75 V                       ; 4.14e-06 V                   ; 2.91 V              ; -0.121 V            ; 0.326 V                              ; 0.297 V                              ; 2.74e-10 s                  ; 2.8e-10 s                   ; No                         ; No                         ; 2.75 V                      ; 4.14e-06 V                  ; 2.91 V             ; -0.121 V           ; 0.326 V                             ; 0.297 V                             ; 2.74e-10 s                 ; 2.8e-10 s                  ; No                        ; No                        ;
; out[239]    ; 2.5 V        ; 0 s                 ; 0 s                 ; 2.75 V                       ; 4.14e-06 V                   ; 2.91 V              ; -0.119 V            ; 0.326 V                              ; 0.298 V                              ; 2.74e-10 s                  ; 2.8e-10 s                   ; No                         ; No                         ; 2.75 V                      ; 4.14e-06 V                  ; 2.91 V             ; -0.119 V           ; 0.326 V                             ; 0.298 V                             ; 2.74e-10 s                 ; 2.8e-10 s                  ; No                        ; No                        ;
; out[240]    ; 2.5 V        ; 0 s                 ; 0 s                 ; 2.75 V                       ; 4.14e-06 V                   ; 2.91 V              ; -0.119 V            ; 0.326 V                              ; 0.298 V                              ; 2.74e-10 s                  ; 2.8e-10 s                   ; No                         ; No                         ; 2.75 V                      ; 4.14e-06 V                  ; 2.91 V             ; -0.119 V           ; 0.326 V                             ; 0.298 V                             ; 2.74e-10 s                 ; 2.8e-10 s                  ; No                        ; No                        ;
; out[241]    ; 2.5 V        ; 0 s                 ; 0 s                 ; 2.75 V                       ; 4.25e-06 V                   ; 2.9 V               ; -0.107 V            ; 0.378 V                              ; 0.16 V                               ; 2.87e-10 s                  ; 4.28e-10 s                  ; No                         ; No                         ; 2.75 V                      ; 4.25e-06 V                  ; 2.9 V              ; -0.107 V           ; 0.378 V                             ; 0.16 V                              ; 2.87e-10 s                 ; 4.28e-10 s                 ; No                        ; No                        ;
; out[242]    ; 2.5 V        ; 0 s                 ; 0 s                 ; 2.75 V                       ; 4.14e-06 V                   ; 2.91 V              ; -0.119 V            ; 0.326 V                              ; 0.298 V                              ; 2.74e-10 s                  ; 2.8e-10 s                   ; No                         ; No                         ; 2.75 V                      ; 4.14e-06 V                  ; 2.91 V             ; -0.119 V           ; 0.326 V                             ; 0.298 V                             ; 2.74e-10 s                 ; 2.8e-10 s                  ; No                        ; No                        ;
; out[243]    ; 2.5 V        ; 0 s                 ; 0 s                 ; 2.75 V                       ; 4.14e-06 V                   ; 2.91 V              ; -0.121 V            ; 0.326 V                              ; 0.297 V                              ; 2.74e-10 s                  ; 2.8e-10 s                   ; No                         ; No                         ; 2.75 V                      ; 4.14e-06 V                  ; 2.91 V             ; -0.121 V           ; 0.326 V                             ; 0.297 V                             ; 2.74e-10 s                 ; 2.8e-10 s                  ; No                        ; No                        ;
; out[244]    ; 2.5 V        ; 0 s                 ; 0 s                 ; 2.75 V                       ; 3.54e-06 V                   ; 2.81 V              ; -0.0578 V           ; 0.303 V                              ; 0.28 V                               ; 2.93e-10 s                  ; 3.01e-10 s                  ; No                         ; No                         ; 2.75 V                      ; 3.54e-06 V                  ; 2.81 V             ; -0.0578 V          ; 0.303 V                             ; 0.28 V                              ; 2.93e-10 s                 ; 3.01e-10 s                 ; No                        ; No                        ;
; out[245]    ; 2.5 V        ; 0 s                 ; 0 s                 ; 2.75 V                       ; 4.14e-06 V                   ; 2.91 V              ; -0.119 V            ; 0.326 V                              ; 0.298 V                              ; 2.74e-10 s                  ; 2.8e-10 s                   ; No                         ; No                         ; 2.75 V                      ; 4.14e-06 V                  ; 2.91 V             ; -0.119 V           ; 0.326 V                             ; 0.298 V                             ; 2.74e-10 s                 ; 2.8e-10 s                  ; No                        ; No                        ;
; out[246]    ; 2.5 V        ; 0 s                 ; 0 s                 ; 2.75 V                       ; 3.54e-06 V                   ; 2.81 V              ; -0.0578 V           ; 0.303 V                              ; 0.28 V                               ; 2.93e-10 s                  ; 3.01e-10 s                  ; No                         ; No                         ; 2.75 V                      ; 3.54e-06 V                  ; 2.81 V             ; -0.0578 V          ; 0.303 V                             ; 0.28 V                              ; 2.93e-10 s                 ; 3.01e-10 s                 ; No                        ; No                        ;
; out[247]    ; 2.5 V        ; 0 s                 ; 0 s                 ; 2.75 V                       ; 4.25e-06 V                   ; 2.9 V               ; -0.107 V            ; 0.378 V                              ; 0.16 V                               ; 2.87e-10 s                  ; 4.28e-10 s                  ; No                         ; No                         ; 2.75 V                      ; 4.25e-06 V                  ; 2.9 V              ; -0.107 V           ; 0.378 V                             ; 0.16 V                              ; 2.87e-10 s                 ; 4.28e-10 s                 ; No                        ; No                        ;
; out[248]    ; 2.5 V        ; 0 s                 ; 0 s                 ; 2.75 V                       ; 4.25e-06 V                   ; 2.9 V               ; -0.107 V            ; 0.378 V                              ; 0.16 V                               ; 2.87e-10 s                  ; 4.28e-10 s                  ; No                         ; No                         ; 2.75 V                      ; 4.25e-06 V                  ; 2.9 V              ; -0.107 V           ; 0.378 V                             ; 0.16 V                              ; 2.87e-10 s                 ; 4.28e-10 s                 ; No                        ; No                        ;
; out[249]    ; 2.5 V        ; 0 s                 ; 0 s                 ; 2.75 V                       ; 4.14e-06 V                   ; 2.91 V              ; -0.121 V            ; 0.326 V                              ; 0.297 V                              ; 2.74e-10 s                  ; 2.8e-10 s                   ; No                         ; No                         ; 2.75 V                      ; 4.14e-06 V                  ; 2.91 V             ; -0.121 V           ; 0.326 V                             ; 0.297 V                             ; 2.74e-10 s                 ; 2.8e-10 s                  ; No                        ; No                        ;
; out[250]    ; 2.5 V        ; 0 s                 ; 0 s                 ; 2.75 V                       ; 4.14e-06 V                   ; 2.91 V              ; -0.119 V            ; 0.326 V                              ; 0.298 V                              ; 2.74e-10 s                  ; 2.8e-10 s                   ; No                         ; No                         ; 2.75 V                      ; 4.14e-06 V                  ; 2.91 V             ; -0.119 V           ; 0.326 V                             ; 0.298 V                             ; 2.74e-10 s                 ; 2.8e-10 s                  ; No                        ; No                        ;
; out[251]    ; 2.5 V        ; 0 s                 ; 0 s                 ; 2.75 V                       ; 3.54e-06 V                   ; 2.81 V              ; -0.0578 V           ; 0.303 V                              ; 0.28 V                               ; 2.93e-10 s                  ; 3.01e-10 s                  ; No                         ; No                         ; 2.75 V                      ; 3.54e-06 V                  ; 2.81 V             ; -0.0578 V          ; 0.303 V                             ; 0.28 V                              ; 2.93e-10 s                 ; 3.01e-10 s                 ; No                        ; No                        ;
; out[252]    ; 2.5 V        ; 0 s                 ; 0 s                 ; 2.75 V                       ; 4.14e-06 V                   ; 2.91 V              ; -0.121 V            ; 0.326 V                              ; 0.297 V                              ; 2.74e-10 s                  ; 2.8e-10 s                   ; No                         ; No                         ; 2.75 V                      ; 4.14e-06 V                  ; 2.91 V             ; -0.121 V           ; 0.326 V                             ; 0.297 V                             ; 2.74e-10 s                 ; 2.8e-10 s                  ; No                        ; No                        ;
; out[253]    ; 2.5 V        ; 0 s                 ; 0 s                 ; 2.75 V                       ; 4.14e-06 V                   ; 2.91 V              ; -0.119 V            ; 0.326 V                              ; 0.298 V                              ; 2.74e-10 s                  ; 2.8e-10 s                   ; No                         ; No                         ; 2.75 V                      ; 4.14e-06 V                  ; 2.91 V             ; -0.119 V           ; 0.326 V                             ; 0.298 V                             ; 2.74e-10 s                 ; 2.8e-10 s                  ; No                        ; No                        ;
; out[254]    ; 2.5 V        ; 0 s                 ; 0 s                 ; 2.75 V                       ; 4.14e-06 V                   ; 2.91 V              ; -0.119 V            ; 0.326 V                              ; 0.298 V                              ; 2.74e-10 s                  ; 2.8e-10 s                   ; No                         ; No                         ; 2.75 V                      ; 4.14e-06 V                  ; 2.91 V             ; -0.119 V           ; 0.326 V                             ; 0.298 V                             ; 2.74e-10 s                 ; 2.8e-10 s                  ; No                        ; No                        ;
+-------------+--------------+---------------------+---------------------+------------------------------+------------------------------+---------------------+---------------------+--------------------------------------+--------------------------------------+-----------------------------+-----------------------------+----------------------------+----------------------------+-----------------------------+-----------------------------+--------------------+--------------------+-------------------------------------+-------------------------------------+----------------------------+----------------------------+---------------------------+---------------------------+


+------------------------------------------------------------------------------------------------------------------------------------------------------------------------------------------------------------------------------------------------------------------------------------------------------------------------------------------------------------------------------------------------------------------------------------------------------------------------------------------------------------------------------------------------------------------------------------------------------------------------------------------------------------------------------------------+
; Signal Integrity Metrics (Fast 1100mv 85c Model)                                                                                                                                                                                                                                                                                                                                                                                                                                                                                                                                                                                                                                         ;
+-------------+--------------+---------------------+---------------------+------------------------------+------------------------------+---------------------+---------------------+--------------------------------------+--------------------------------------+-----------------------------+-----------------------------+----------------------------+----------------------------+-----------------------------+-----------------------------+--------------------+--------------------+-------------------------------------+-------------------------------------+----------------------------+----------------------------+---------------------------+---------------------------+
; Pin         ; I/O Standard ; Board Delay on Rise ; Board Delay on Fall ; Steady State Voh at FPGA Pin ; Steady State Vol at FPGA Pin ; Voh Max at FPGA Pin ; Vol Min at FPGA Pin ; Ringback Voltage on Rise at FPGA Pin ; Ringback Voltage on Fall at FPGA Pin ; 10-90 Rise Time at FPGA Pin ; 90-10 Fall Time at FPGA Pin ; Monotonic Rise at FPGA Pin ; Monotonic Fall at FPGA Pin ; Steady State Voh at Far-end ; Steady State Vol at Far-end ; Voh Max at Far-end ; Vol Min at Far-end ; Ringback Voltage on Rise at Far-end ; Ringback Voltage on Fall at Far-end ; 10-90 Rise Time at Far-end ; 90-10 Fall Time at Far-end ; Monotonic Rise at Far-end ; Monotonic Fall at Far-end ;
+-------------+--------------+---------------------+---------------------+------------------------------+------------------------------+---------------------+---------------------+--------------------------------------+--------------------------------------+-----------------------------+-----------------------------+----------------------------+----------------------------+-----------------------------+-----------------------------+--------------------+--------------------+-------------------------------------+-------------------------------------+----------------------------+----------------------------+---------------------------+---------------------------+
; out[255]    ; 2.5 V        ; 0 s                 ; 0 s                 ; 2.75 V                       ; 0.000242 V                   ; 2.86 V              ; -0.0814 V           ; 0.36 V                               ; 0.156 V                              ; 3e-10 s                     ; 4.34e-10 s                  ; No                         ; No                         ; 2.75 V                      ; 0.000242 V                  ; 2.86 V             ; -0.0814 V          ; 0.36 V                              ; 0.156 V                             ; 3e-10 s                    ; 4.34e-10 s                 ; No                        ; No                        ;
; out_ready   ; 2.5 V        ; 0 s                 ; 0 s                 ; 2.75 V                       ; 0.000247 V                   ; 2.85 V              ; -0.0711 V           ; 0.204 V                              ; 0.181 V                              ; 4.55e-10 s                  ; 4.49e-10 s                  ; No                         ; No                         ; 2.75 V                      ; 0.000247 V                  ; 2.85 V             ; -0.0711 V          ; 0.204 V                             ; 0.181 V                             ; 4.55e-10 s                 ; 4.49e-10 s                 ; No                        ; No                        ;
; buffer_full ; 2.5 V        ; 0 s                 ; 0 s                 ; 2.75 V                       ; 0.000213 V                   ; 2.79 V              ; -0.0324 V           ; 0.139 V                              ; 0.119 V                              ; 4.42e-10 s                  ; 4.33e-10 s                  ; No                         ; Yes                        ; 2.75 V                      ; 0.000213 V                  ; 2.79 V             ; -0.0324 V          ; 0.139 V                             ; 0.119 V                             ; 4.42e-10 s                 ; 4.33e-10 s                 ; No                        ; Yes                       ;
; out[0]      ; 2.5 V        ; 0 s                 ; 0 s                 ; 2.75 V                       ; 0.000242 V                   ; 2.86 V              ; -0.0814 V           ; 0.36 V                               ; 0.156 V                              ; 3e-10 s                     ; 4.34e-10 s                  ; No                         ; No                         ; 2.75 V                      ; 0.000242 V                  ; 2.86 V             ; -0.0814 V          ; 0.36 V                              ; 0.156 V                             ; 3e-10 s                    ; 4.34e-10 s                 ; No                        ; No                        ;
; out[1]      ; 2.5 V        ; 0 s                 ; 0 s                 ; 2.75 V                       ; 0.000242 V                   ; 2.86 V              ; -0.0805 V           ; 0.358 V                              ; 0.156 V                              ; 3.01e-10 s                  ; 4.34e-10 s                  ; No                         ; No                         ; 2.75 V                      ; 0.000242 V                  ; 2.86 V             ; -0.0805 V          ; 0.358 V                             ; 0.156 V                             ; 3.01e-10 s                 ; 4.34e-10 s                 ; No                        ; No                        ;
; out[2]      ; 2.5 V        ; 0 s                 ; 0 s                 ; 2.75 V                       ; 0.000213 V                   ; 2.79 V              ; -0.0324 V           ; 0.139 V                              ; 0.119 V                              ; 4.42e-10 s                  ; 4.33e-10 s                  ; No                         ; Yes                        ; 2.75 V                      ; 0.000213 V                  ; 2.79 V             ; -0.0324 V          ; 0.139 V                             ; 0.119 V                             ; 4.42e-10 s                 ; 4.33e-10 s                 ; No                        ; Yes                       ;
; out[3]      ; 2.5 V        ; 0 s                 ; 0 s                 ; 2.75 V                       ; 0.000213 V                   ; 2.79 V              ; -0.0324 V           ; 0.139 V                              ; 0.119 V                              ; 4.42e-10 s                  ; 4.33e-10 s                  ; No                         ; Yes                        ; 2.75 V                      ; 0.000213 V                  ; 2.79 V             ; -0.0324 V          ; 0.139 V                             ; 0.119 V                             ; 4.42e-10 s                 ; 4.33e-10 s                 ; No                        ; Yes                       ;
; out[4]      ; 2.5 V        ; 0 s                 ; 0 s                 ; 2.75 V                       ; 0.000247 V                   ; 2.85 V              ; -0.0711 V           ; 0.204 V                              ; 0.181 V                              ; 4.55e-10 s                  ; 4.49e-10 s                  ; No                         ; No                         ; 2.75 V                      ; 0.000247 V                  ; 2.85 V             ; -0.0711 V          ; 0.204 V                             ; 0.181 V                             ; 4.55e-10 s                 ; 4.49e-10 s                 ; No                        ; No                        ;
; out[5]      ; 2.5 V        ; 0 s                 ; 0 s                 ; 2.75 V                       ; 0.000247 V                   ; 2.85 V              ; -0.0711 V           ; 0.204 V                              ; 0.181 V                              ; 4.55e-10 s                  ; 4.49e-10 s                  ; No                         ; No                         ; 2.75 V                      ; 0.000247 V                  ; 2.85 V             ; -0.0711 V          ; 0.204 V                             ; 0.181 V                             ; 4.55e-10 s                 ; 4.49e-10 s                 ; No                        ; No                        ;
; out[6]      ; 2.5 V        ; 0 s                 ; 0 s                 ; 2.75 V                       ; 0.000247 V                   ; 2.85 V              ; -0.0711 V           ; 0.204 V                              ; 0.181 V                              ; 4.55e-10 s                  ; 4.49e-10 s                  ; No                         ; No                         ; 2.75 V                      ; 0.000247 V                  ; 2.85 V             ; -0.0711 V          ; 0.204 V                             ; 0.181 V                             ; 4.55e-10 s                 ; 4.49e-10 s                 ; No                        ; No                        ;
; out[7]      ; 2.5 V        ; 0 s                 ; 0 s                 ; 2.75 V                       ; 0.000242 V                   ; 2.86 V              ; -0.0805 V           ; 0.358 V                              ; 0.156 V                              ; 3.01e-10 s                  ; 4.34e-10 s                  ; No                         ; No                         ; 2.75 V                      ; 0.000242 V                  ; 2.86 V             ; -0.0805 V          ; 0.358 V                             ; 0.156 V                             ; 3.01e-10 s                 ; 4.34e-10 s                 ; No                        ; No                        ;
; out[8]      ; 2.5 V        ; 0 s                 ; 0 s                 ; 2.75 V                       ; 0.000242 V                   ; 2.86 V              ; -0.0814 V           ; 0.36 V                               ; 0.156 V                              ; 3e-10 s                     ; 4.34e-10 s                  ; No                         ; No                         ; 2.75 V                      ; 0.000242 V                  ; 2.86 V             ; -0.0814 V          ; 0.36 V                              ; 0.156 V                             ; 3e-10 s                    ; 4.34e-10 s                 ; No                        ; No                        ;
; out[9]      ; 2.5 V        ; 0 s                 ; 0 s                 ; 2.75 V                       ; 0.000247 V                   ; 2.85 V              ; -0.0711 V           ; 0.204 V                              ; 0.181 V                              ; 4.55e-10 s                  ; 4.49e-10 s                  ; No                         ; No                         ; 2.75 V                      ; 0.000247 V                  ; 2.85 V             ; -0.0711 V          ; 0.204 V                             ; 0.181 V                             ; 4.55e-10 s                 ; 4.49e-10 s                 ; No                        ; No                        ;
; out[10]     ; 2.5 V        ; 0 s                 ; 0 s                 ; 2.75 V                       ; 0.000213 V                   ; 2.79 V              ; -0.0324 V           ; 0.139 V                              ; 0.119 V                              ; 4.42e-10 s                  ; 4.33e-10 s                  ; No                         ; Yes                        ; 2.75 V                      ; 0.000213 V                  ; 2.79 V             ; -0.0324 V          ; 0.139 V                             ; 0.119 V                             ; 4.42e-10 s                 ; 4.33e-10 s                 ; No                        ; Yes                       ;
; out[11]     ; 2.5 V        ; 0 s                 ; 0 s                 ; 2.75 V                       ; 0.000242 V                   ; 2.86 V              ; -0.0814 V           ; 0.36 V                               ; 0.156 V                              ; 3e-10 s                     ; 4.34e-10 s                  ; No                         ; No                         ; 2.75 V                      ; 0.000242 V                  ; 2.86 V             ; -0.0814 V          ; 0.36 V                              ; 0.156 V                             ; 3e-10 s                    ; 4.34e-10 s                 ; No                        ; No                        ;
; out[12]     ; 2.5 V        ; 0 s                 ; 0 s                 ; 2.75 V                       ; 0.000242 V                   ; 2.86 V              ; -0.0805 V           ; 0.358 V                              ; 0.156 V                              ; 3.01e-10 s                  ; 4.34e-10 s                  ; No                         ; No                         ; 2.75 V                      ; 0.000242 V                  ; 2.86 V             ; -0.0805 V          ; 0.358 V                             ; 0.156 V                             ; 3.01e-10 s                 ; 4.34e-10 s                 ; No                        ; No                        ;
; out[13]     ; 2.5 V        ; 0 s                 ; 0 s                 ; 2.75 V                       ; 0.000242 V                   ; 2.86 V              ; -0.0805 V           ; 0.358 V                              ; 0.156 V                              ; 3.01e-10 s                  ; 4.34e-10 s                  ; No                         ; No                         ; 2.75 V                      ; 0.000242 V                  ; 2.86 V             ; -0.0805 V          ; 0.358 V                             ; 0.156 V                             ; 3.01e-10 s                 ; 4.34e-10 s                 ; No                        ; No                        ;
; out[14]     ; 2.5 V        ; 0 s                 ; 0 s                 ; 2.75 V                       ; 0.000213 V                   ; 2.79 V              ; -0.0324 V           ; 0.139 V                              ; 0.119 V                              ; 4.42e-10 s                  ; 4.33e-10 s                  ; No                         ; Yes                        ; 2.75 V                      ; 0.000213 V                  ; 2.79 V             ; -0.0324 V          ; 0.139 V                             ; 0.119 V                             ; 4.42e-10 s                 ; 4.33e-10 s                 ; No                        ; Yes                       ;
; out[15]     ; 2.5 V        ; 0 s                 ; 0 s                 ; 2.75 V                       ; 0.000242 V                   ; 2.86 V              ; -0.0805 V           ; 0.358 V                              ; 0.156 V                              ; 3.01e-10 s                  ; 4.34e-10 s                  ; No                         ; No                         ; 2.75 V                      ; 0.000242 V                  ; 2.86 V             ; -0.0805 V          ; 0.358 V                             ; 0.156 V                             ; 3.01e-10 s                 ; 4.34e-10 s                 ; No                        ; No                        ;
; out[16]     ; 2.5 V        ; 0 s                 ; 0 s                 ; 2.75 V                       ; 0.000242 V                   ; 2.86 V              ; -0.0814 V           ; 0.36 V                               ; 0.156 V                              ; 3e-10 s                     ; 4.34e-10 s                  ; No                         ; No                         ; 2.75 V                      ; 0.000242 V                  ; 2.86 V             ; -0.0814 V          ; 0.36 V                              ; 0.156 V                             ; 3e-10 s                    ; 4.34e-10 s                 ; No                        ; No                        ;
; out[17]     ; 2.5 V        ; 0 s                 ; 0 s                 ; 2.75 V                       ; 0.000213 V                   ; 2.79 V              ; -0.0324 V           ; 0.139 V                              ; 0.119 V                              ; 4.42e-10 s                  ; 4.33e-10 s                  ; No                         ; Yes                        ; 2.75 V                      ; 0.000213 V                  ; 2.79 V             ; -0.0324 V          ; 0.139 V                             ; 0.119 V                             ; 4.42e-10 s                 ; 4.33e-10 s                 ; No                        ; Yes                       ;
; out[18]     ; 2.5 V        ; 0 s                 ; 0 s                 ; 2.75 V                       ; 0.000247 V                   ; 2.85 V              ; -0.0711 V           ; 0.204 V                              ; 0.181 V                              ; 4.55e-10 s                  ; 4.49e-10 s                  ; No                         ; No                         ; 2.75 V                      ; 0.000247 V                  ; 2.85 V             ; -0.0711 V          ; 0.204 V                             ; 0.181 V                             ; 4.55e-10 s                 ; 4.49e-10 s                 ; No                        ; No                        ;
; out[19]     ; 2.5 V        ; 0 s                 ; 0 s                 ; 2.75 V                       ; 0.000242 V                   ; 2.86 V              ; -0.0814 V           ; 0.36 V                               ; 0.156 V                              ; 3e-10 s                     ; 4.34e-10 s                  ; No                         ; No                         ; 2.75 V                      ; 0.000242 V                  ; 2.86 V             ; -0.0814 V          ; 0.36 V                              ; 0.156 V                             ; 3e-10 s                    ; 4.34e-10 s                 ; No                        ; No                        ;
; out[20]     ; 2.5 V        ; 0 s                 ; 0 s                 ; 2.75 V                       ; 0.000242 V                   ; 2.86 V              ; -0.0805 V           ; 0.358 V                              ; 0.156 V                              ; 3.01e-10 s                  ; 4.34e-10 s                  ; No                         ; No                         ; 2.75 V                      ; 0.000242 V                  ; 2.86 V             ; -0.0805 V          ; 0.358 V                             ; 0.156 V                             ; 3.01e-10 s                 ; 4.34e-10 s                 ; No                        ; No                        ;
; out[21]     ; 2.5 V        ; 0 s                 ; 0 s                 ; 2.75 V                       ; 0.000242 V                   ; 2.86 V              ; -0.0814 V           ; 0.36 V                               ; 0.156 V                              ; 3e-10 s                     ; 4.34e-10 s                  ; No                         ; No                         ; 2.75 V                      ; 0.000242 V                  ; 2.86 V             ; -0.0814 V          ; 0.36 V                              ; 0.156 V                             ; 3e-10 s                    ; 4.34e-10 s                 ; No                        ; No                        ;
; out[22]     ; 2.5 V        ; 0 s                 ; 0 s                 ; 2.75 V                       ; 0.000247 V                   ; 2.85 V              ; -0.0711 V           ; 0.204 V                              ; 0.181 V                              ; 4.55e-10 s                  ; 4.49e-10 s                  ; No                         ; No                         ; 2.75 V                      ; 0.000247 V                  ; 2.85 V             ; -0.0711 V          ; 0.204 V                             ; 0.181 V                             ; 4.55e-10 s                 ; 4.49e-10 s                 ; No                        ; No                        ;
; out[23]     ; 2.5 V        ; 0 s                 ; 0 s                 ; 2.75 V                       ; 0.000242 V                   ; 2.86 V              ; -0.0814 V           ; 0.36 V                               ; 0.156 V                              ; 3e-10 s                     ; 4.34e-10 s                  ; No                         ; No                         ; 2.75 V                      ; 0.000242 V                  ; 2.86 V             ; -0.0814 V          ; 0.36 V                              ; 0.156 V                             ; 3e-10 s                    ; 4.34e-10 s                 ; No                        ; No                        ;
; out[24]     ; 2.5 V        ; 0 s                 ; 0 s                 ; 2.75 V                       ; 0.000247 V                   ; 2.85 V              ; -0.0711 V           ; 0.204 V                              ; 0.181 V                              ; 4.55e-10 s                  ; 4.49e-10 s                  ; No                         ; No                         ; 2.75 V                      ; 0.000247 V                  ; 2.85 V             ; -0.0711 V          ; 0.204 V                             ; 0.181 V                             ; 4.55e-10 s                 ; 4.49e-10 s                 ; No                        ; No                        ;
; out[25]     ; 2.5 V        ; 0 s                 ; 0 s                 ; 2.75 V                       ; 0.000247 V                   ; 2.85 V              ; -0.0711 V           ; 0.204 V                              ; 0.181 V                              ; 4.55e-10 s                  ; 4.49e-10 s                  ; No                         ; No                         ; 2.75 V                      ; 0.000247 V                  ; 2.85 V             ; -0.0711 V          ; 0.204 V                             ; 0.181 V                             ; 4.55e-10 s                 ; 4.49e-10 s                 ; No                        ; No                        ;
; out[26]     ; 2.5 V        ; 0 s                 ; 0 s                 ; 2.75 V                       ; 0.000242 V                   ; 2.86 V              ; -0.0805 V           ; 0.358 V                              ; 0.156 V                              ; 3.01e-10 s                  ; 4.34e-10 s                  ; No                         ; No                         ; 2.75 V                      ; 0.000242 V                  ; 2.86 V             ; -0.0805 V          ; 0.358 V                             ; 0.156 V                             ; 3.01e-10 s                 ; 4.34e-10 s                 ; No                        ; No                        ;
; out[27]     ; 2.5 V        ; 0 s                 ; 0 s                 ; 2.75 V                       ; 0.000242 V                   ; 2.86 V              ; -0.0805 V           ; 0.358 V                              ; 0.156 V                              ; 3.01e-10 s                  ; 4.34e-10 s                  ; No                         ; No                         ; 2.75 V                      ; 0.000242 V                  ; 2.86 V             ; -0.0805 V          ; 0.358 V                             ; 0.156 V                             ; 3.01e-10 s                 ; 4.34e-10 s                 ; No                        ; No                        ;
; out[28]     ; 2.5 V        ; 0 s                 ; 0 s                 ; 2.75 V                       ; 0.000247 V                   ; 2.85 V              ; -0.0711 V           ; 0.204 V                              ; 0.181 V                              ; 4.55e-10 s                  ; 4.49e-10 s                  ; No                         ; No                         ; 2.75 V                      ; 0.000247 V                  ; 2.85 V             ; -0.0711 V          ; 0.204 V                             ; 0.181 V                             ; 4.55e-10 s                 ; 4.49e-10 s                 ; No                        ; No                        ;
; out[29]     ; 2.5 V        ; 0 s                 ; 0 s                 ; 2.75 V                       ; 0.000247 V                   ; 2.85 V              ; -0.0711 V           ; 0.204 V                              ; 0.181 V                              ; 4.55e-10 s                  ; 4.49e-10 s                  ; No                         ; No                         ; 2.75 V                      ; 0.000247 V                  ; 2.85 V             ; -0.0711 V          ; 0.204 V                             ; 0.181 V                             ; 4.55e-10 s                 ; 4.49e-10 s                 ; No                        ; No                        ;
; out[30]     ; 2.5 V        ; 0 s                 ; 0 s                 ; 2.75 V                       ; 0.000213 V                   ; 2.79 V              ; -0.0324 V           ; 0.139 V                              ; 0.119 V                              ; 4.42e-10 s                  ; 4.33e-10 s                  ; No                         ; Yes                        ; 2.75 V                      ; 0.000213 V                  ; 2.79 V             ; -0.0324 V          ; 0.139 V                             ; 0.119 V                             ; 4.42e-10 s                 ; 4.33e-10 s                 ; No                        ; Yes                       ;
; out[31]     ; 2.5 V        ; 0 s                 ; 0 s                 ; 2.75 V                       ; 0.000242 V                   ; 2.86 V              ; -0.0814 V           ; 0.36 V                               ; 0.156 V                              ; 3e-10 s                     ; 4.34e-10 s                  ; No                         ; No                         ; 2.75 V                      ; 0.000242 V                  ; 2.86 V             ; -0.0814 V          ; 0.36 V                              ; 0.156 V                             ; 3e-10 s                    ; 4.34e-10 s                 ; No                        ; No                        ;
; out[32]     ; 2.5 V        ; 0 s                 ; 0 s                 ; 2.75 V                       ; 0.000213 V                   ; 2.79 V              ; -0.0324 V           ; 0.139 V                              ; 0.119 V                              ; 4.42e-10 s                  ; 4.33e-10 s                  ; No                         ; Yes                        ; 2.75 V                      ; 0.000213 V                  ; 2.79 V             ; -0.0324 V          ; 0.139 V                             ; 0.119 V                             ; 4.42e-10 s                 ; 4.33e-10 s                 ; No                        ; Yes                       ;
; out[33]     ; 2.5 V        ; 0 s                 ; 0 s                 ; 2.75 V                       ; 0.000242 V                   ; 2.86 V              ; -0.0814 V           ; 0.36 V                               ; 0.156 V                              ; 3e-10 s                     ; 4.34e-10 s                  ; No                         ; No                         ; 2.75 V                      ; 0.000242 V                  ; 2.86 V             ; -0.0814 V          ; 0.36 V                              ; 0.156 V                             ; 3e-10 s                    ; 4.34e-10 s                 ; No                        ; No                        ;
; out[34]     ; 2.5 V        ; 0 s                 ; 0 s                 ; 2.75 V                       ; 0.000213 V                   ; 2.79 V              ; -0.0324 V           ; 0.139 V                              ; 0.119 V                              ; 4.42e-10 s                  ; 4.33e-10 s                  ; No                         ; Yes                        ; 2.75 V                      ; 0.000213 V                  ; 2.79 V             ; -0.0324 V          ; 0.139 V                             ; 0.119 V                             ; 4.42e-10 s                 ; 4.33e-10 s                 ; No                        ; Yes                       ;
; out[35]     ; 2.5 V        ; 0 s                 ; 0 s                 ; 2.75 V                       ; 0.000247 V                   ; 2.85 V              ; -0.0711 V           ; 0.204 V                              ; 0.181 V                              ; 4.55e-10 s                  ; 4.49e-10 s                  ; No                         ; No                         ; 2.75 V                      ; 0.000247 V                  ; 2.85 V             ; -0.0711 V          ; 0.204 V                             ; 0.181 V                             ; 4.55e-10 s                 ; 4.49e-10 s                 ; No                        ; No                        ;
; out[36]     ; 2.5 V        ; 0 s                 ; 0 s                 ; 2.75 V                       ; 0.000213 V                   ; 2.79 V              ; -0.0324 V           ; 0.139 V                              ; 0.119 V                              ; 4.42e-10 s                  ; 4.33e-10 s                  ; No                         ; Yes                        ; 2.75 V                      ; 0.000213 V                  ; 2.79 V             ; -0.0324 V          ; 0.139 V                             ; 0.119 V                             ; 4.42e-10 s                 ; 4.33e-10 s                 ; No                        ; Yes                       ;
; out[37]     ; 2.5 V        ; 0 s                 ; 0 s                 ; 2.75 V                       ; 0.000242 V                   ; 2.86 V              ; -0.0814 V           ; 0.36 V                               ; 0.156 V                              ; 3e-10 s                     ; 4.34e-10 s                  ; No                         ; No                         ; 2.75 V                      ; 0.000242 V                  ; 2.86 V             ; -0.0814 V          ; 0.36 V                              ; 0.156 V                             ; 3e-10 s                    ; 4.34e-10 s                 ; No                        ; No                        ;
; out[38]     ; 2.5 V        ; 0 s                 ; 0 s                 ; 2.75 V                       ; 0.000242 V                   ; 2.86 V              ; -0.0814 V           ; 0.36 V                               ; 0.156 V                              ; 3e-10 s                     ; 4.34e-10 s                  ; No                         ; No                         ; 2.75 V                      ; 0.000242 V                  ; 2.86 V             ; -0.0814 V          ; 0.36 V                              ; 0.156 V                             ; 3e-10 s                    ; 4.34e-10 s                 ; No                        ; No                        ;
; out[39]     ; 2.5 V        ; 0 s                 ; 0 s                 ; 2.75 V                       ; 0.000242 V                   ; 2.86 V              ; -0.0814 V           ; 0.36 V                               ; 0.156 V                              ; 3e-10 s                     ; 4.34e-10 s                  ; No                         ; No                         ; 2.75 V                      ; 0.000242 V                  ; 2.86 V             ; -0.0814 V          ; 0.36 V                              ; 0.156 V                             ; 3e-10 s                    ; 4.34e-10 s                 ; No                        ; No                        ;
; out[40]     ; 2.5 V        ; 0 s                 ; 0 s                 ; 2.75 V                       ; 0.000247 V                   ; 2.85 V              ; -0.0711 V           ; 0.204 V                              ; 0.181 V                              ; 4.55e-10 s                  ; 4.49e-10 s                  ; No                         ; No                         ; 2.75 V                      ; 0.000247 V                  ; 2.85 V             ; -0.0711 V          ; 0.204 V                             ; 0.181 V                             ; 4.55e-10 s                 ; 4.49e-10 s                 ; No                        ; No                        ;
; out[41]     ; 2.5 V        ; 0 s                 ; 0 s                 ; 2.75 V                       ; 0.000242 V                   ; 2.86 V              ; -0.0805 V           ; 0.358 V                              ; 0.156 V                              ; 3.01e-10 s                  ; 4.34e-10 s                  ; No                         ; No                         ; 2.75 V                      ; 0.000242 V                  ; 2.86 V             ; -0.0805 V          ; 0.358 V                             ; 0.156 V                             ; 3.01e-10 s                 ; 4.34e-10 s                 ; No                        ; No                        ;
; out[42]     ; 2.5 V        ; 0 s                 ; 0 s                 ; 2.75 V                       ; 0.000213 V                   ; 2.79 V              ; -0.0324 V           ; 0.139 V                              ; 0.119 V                              ; 4.42e-10 s                  ; 4.33e-10 s                  ; No                         ; Yes                        ; 2.75 V                      ; 0.000213 V                  ; 2.79 V             ; -0.0324 V          ; 0.139 V                             ; 0.119 V                             ; 4.42e-10 s                 ; 4.33e-10 s                 ; No                        ; Yes                       ;
; out[43]     ; 2.5 V        ; 0 s                 ; 0 s                 ; 2.75 V                       ; 0.000242 V                   ; 2.86 V              ; -0.0805 V           ; 0.358 V                              ; 0.156 V                              ; 3.01e-10 s                  ; 4.34e-10 s                  ; No                         ; No                         ; 2.75 V                      ; 0.000242 V                  ; 2.86 V             ; -0.0805 V          ; 0.358 V                             ; 0.156 V                             ; 3.01e-10 s                 ; 4.34e-10 s                 ; No                        ; No                        ;
; out[44]     ; 2.5 V        ; 0 s                 ; 0 s                 ; 2.75 V                       ; 0.000242 V                   ; 2.86 V              ; -0.0805 V           ; 0.358 V                              ; 0.156 V                              ; 3.01e-10 s                  ; 4.34e-10 s                  ; No                         ; No                         ; 2.75 V                      ; 0.000242 V                  ; 2.86 V             ; -0.0805 V          ; 0.358 V                             ; 0.156 V                             ; 3.01e-10 s                 ; 4.34e-10 s                 ; No                        ; No                        ;
; out[45]     ; 2.5 V        ; 0 s                 ; 0 s                 ; 2.75 V                       ; 0.000247 V                   ; 2.85 V              ; -0.0711 V           ; 0.204 V                              ; 0.181 V                              ; 4.55e-10 s                  ; 4.49e-10 s                  ; No                         ; No                         ; 2.75 V                      ; 0.000247 V                  ; 2.85 V             ; -0.0711 V          ; 0.204 V                             ; 0.181 V                             ; 4.55e-10 s                 ; 4.49e-10 s                 ; No                        ; No                        ;
; out[46]     ; 2.5 V        ; 0 s                 ; 0 s                 ; 2.75 V                       ; 0.000247 V                   ; 2.85 V              ; -0.0711 V           ; 0.204 V                              ; 0.181 V                              ; 4.55e-10 s                  ; 4.49e-10 s                  ; No                         ; No                         ; 2.75 V                      ; 0.000247 V                  ; 2.85 V             ; -0.0711 V          ; 0.204 V                             ; 0.181 V                             ; 4.55e-10 s                 ; 4.49e-10 s                 ; No                        ; No                        ;
; out[47]     ; 2.5 V        ; 0 s                 ; 0 s                 ; 2.75 V                       ; 0.000242 V                   ; 2.86 V              ; -0.0814 V           ; 0.36 V                               ; 0.156 V                              ; 3e-10 s                     ; 4.34e-10 s                  ; No                         ; No                         ; 2.75 V                      ; 0.000242 V                  ; 2.86 V             ; -0.0814 V          ; 0.36 V                              ; 0.156 V                             ; 3e-10 s                    ; 4.34e-10 s                 ; No                        ; No                        ;
; out[48]     ; 2.5 V        ; 0 s                 ; 0 s                 ; 2.75 V                       ; 0.000242 V                   ; 2.86 V              ; -0.0814 V           ; 0.36 V                               ; 0.156 V                              ; 3e-10 s                     ; 4.34e-10 s                  ; No                         ; No                         ; 2.75 V                      ; 0.000242 V                  ; 2.86 V             ; -0.0814 V          ; 0.36 V                              ; 0.156 V                             ; 3e-10 s                    ; 4.34e-10 s                 ; No                        ; No                        ;
; out[49]     ; 2.5 V        ; 0 s                 ; 0 s                 ; 2.75 V                       ; 0.000242 V                   ; 2.86 V              ; -0.0814 V           ; 0.36 V                               ; 0.156 V                              ; 3e-10 s                     ; 4.34e-10 s                  ; No                         ; No                         ; 2.75 V                      ; 0.000242 V                  ; 2.86 V             ; -0.0814 V          ; 0.36 V                              ; 0.156 V                             ; 3e-10 s                    ; 4.34e-10 s                 ; No                        ; No                        ;
; out[50]     ; 2.5 V        ; 0 s                 ; 0 s                 ; 2.75 V                       ; 0.000242 V                   ; 2.86 V              ; -0.0814 V           ; 0.36 V                               ; 0.156 V                              ; 3e-10 s                     ; 4.34e-10 s                  ; No                         ; No                         ; 2.75 V                      ; 0.000242 V                  ; 2.86 V             ; -0.0814 V          ; 0.36 V                              ; 0.156 V                             ; 3e-10 s                    ; 4.34e-10 s                 ; No                        ; No                        ;
; out[51]     ; 2.5 V        ; 0 s                 ; 0 s                 ; 2.75 V                       ; 0.000242 V                   ; 2.86 V              ; -0.0805 V           ; 0.358 V                              ; 0.156 V                              ; 3.01e-10 s                  ; 4.34e-10 s                  ; No                         ; No                         ; 2.75 V                      ; 0.000242 V                  ; 2.86 V             ; -0.0805 V          ; 0.358 V                             ; 0.156 V                             ; 3.01e-10 s                 ; 4.34e-10 s                 ; No                        ; No                        ;
; out[52]     ; 2.5 V        ; 0 s                 ; 0 s                 ; 2.75 V                       ; 0.000213 V                   ; 2.79 V              ; -0.0324 V           ; 0.139 V                              ; 0.119 V                              ; 4.42e-10 s                  ; 4.33e-10 s                  ; No                         ; Yes                        ; 2.75 V                      ; 0.000213 V                  ; 2.79 V             ; -0.0324 V          ; 0.139 V                             ; 0.119 V                             ; 4.42e-10 s                 ; 4.33e-10 s                 ; No                        ; Yes                       ;
; out[53]     ; 2.5 V        ; 0 s                 ; 0 s                 ; 2.75 V                       ; 0.000213 V                   ; 2.79 V              ; -0.0324 V           ; 0.139 V                              ; 0.119 V                              ; 4.42e-10 s                  ; 4.33e-10 s                  ; No                         ; Yes                        ; 2.75 V                      ; 0.000213 V                  ; 2.79 V             ; -0.0324 V          ; 0.139 V                             ; 0.119 V                             ; 4.42e-10 s                 ; 4.33e-10 s                 ; No                        ; Yes                       ;
; out[54]     ; 2.5 V        ; 0 s                 ; 0 s                 ; 2.75 V                       ; 0.000247 V                   ; 2.85 V              ; -0.0711 V           ; 0.204 V                              ; 0.181 V                              ; 4.55e-10 s                  ; 4.49e-10 s                  ; No                         ; No                         ; 2.75 V                      ; 0.000247 V                  ; 2.85 V             ; -0.0711 V          ; 0.204 V                             ; 0.181 V                             ; 4.55e-10 s                 ; 4.49e-10 s                 ; No                        ; No                        ;
; out[55]     ; 2.5 V        ; 0 s                 ; 0 s                 ; 2.75 V                       ; 0.000247 V                   ; 2.85 V              ; -0.0711 V           ; 0.204 V                              ; 0.181 V                              ; 4.55e-10 s                  ; 4.49e-10 s                  ; No                         ; No                         ; 2.75 V                      ; 0.000247 V                  ; 2.85 V             ; -0.0711 V          ; 0.204 V                             ; 0.181 V                             ; 4.55e-10 s                 ; 4.49e-10 s                 ; No                        ; No                        ;
; out[56]     ; 2.5 V        ; 0 s                 ; 0 s                 ; 2.75 V                       ; 0.000213 V                   ; 2.79 V              ; -0.0324 V           ; 0.139 V                              ; 0.119 V                              ; 4.42e-10 s                  ; 4.33e-10 s                  ; No                         ; Yes                        ; 2.75 V                      ; 0.000213 V                  ; 2.79 V             ; -0.0324 V          ; 0.139 V                             ; 0.119 V                             ; 4.42e-10 s                 ; 4.33e-10 s                 ; No                        ; Yes                       ;
; out[57]     ; 2.5 V        ; 0 s                 ; 0 s                 ; 2.75 V                       ; 0.000242 V                   ; 2.86 V              ; -0.0814 V           ; 0.36 V                               ; 0.156 V                              ; 3e-10 s                     ; 4.34e-10 s                  ; No                         ; No                         ; 2.75 V                      ; 0.000242 V                  ; 2.86 V             ; -0.0814 V          ; 0.36 V                              ; 0.156 V                             ; 3e-10 s                    ; 4.34e-10 s                 ; No                        ; No                        ;
; out[58]     ; 2.5 V        ; 0 s                 ; 0 s                 ; 2.75 V                       ; 0.000242 V                   ; 2.86 V              ; -0.0814 V           ; 0.36 V                               ; 0.156 V                              ; 3e-10 s                     ; 4.34e-10 s                  ; No                         ; No                         ; 2.75 V                      ; 0.000242 V                  ; 2.86 V             ; -0.0814 V          ; 0.36 V                              ; 0.156 V                             ; 3e-10 s                    ; 4.34e-10 s                 ; No                        ; No                        ;
; out[59]     ; 2.5 V        ; 0 s                 ; 0 s                 ; 2.75 V                       ; 0.000213 V                   ; 2.79 V              ; -0.0324 V           ; 0.139 V                              ; 0.119 V                              ; 4.42e-10 s                  ; 4.33e-10 s                  ; No                         ; Yes                        ; 2.75 V                      ; 0.000213 V                  ; 2.79 V             ; -0.0324 V          ; 0.139 V                             ; 0.119 V                             ; 4.42e-10 s                 ; 4.33e-10 s                 ; No                        ; Yes                       ;
; out[60]     ; 2.5 V        ; 0 s                 ; 0 s                 ; 2.75 V                       ; 0.000242 V                   ; 2.86 V              ; -0.0805 V           ; 0.358 V                              ; 0.156 V                              ; 3.01e-10 s                  ; 4.34e-10 s                  ; No                         ; No                         ; 2.75 V                      ; 0.000242 V                  ; 2.86 V             ; -0.0805 V          ; 0.358 V                             ; 0.156 V                             ; 3.01e-10 s                 ; 4.34e-10 s                 ; No                        ; No                        ;
; out[61]     ; 2.5 V        ; 0 s                 ; 0 s                 ; 2.75 V                       ; 0.000247 V                   ; 2.85 V              ; -0.0711 V           ; 0.204 V                              ; 0.181 V                              ; 4.55e-10 s                  ; 4.49e-10 s                  ; No                         ; No                         ; 2.75 V                      ; 0.000247 V                  ; 2.85 V             ; -0.0711 V          ; 0.204 V                             ; 0.181 V                             ; 4.55e-10 s                 ; 4.49e-10 s                 ; No                        ; No                        ;
; out[62]     ; 2.5 V        ; 0 s                 ; 0 s                 ; 2.75 V                       ; 0.000213 V                   ; 2.79 V              ; -0.0324 V           ; 0.139 V                              ; 0.119 V                              ; 4.42e-10 s                  ; 4.33e-10 s                  ; No                         ; Yes                        ; 2.75 V                      ; 0.000213 V                  ; 2.79 V             ; -0.0324 V          ; 0.139 V                             ; 0.119 V                             ; 4.42e-10 s                 ; 4.33e-10 s                 ; No                        ; Yes                       ;
; out[63]     ; 2.5 V        ; 0 s                 ; 0 s                 ; 2.75 V                       ; 0.000242 V                   ; 2.86 V              ; -0.0814 V           ; 0.36 V                               ; 0.156 V                              ; 3e-10 s                     ; 4.34e-10 s                  ; No                         ; No                         ; 2.75 V                      ; 0.000242 V                  ; 2.86 V             ; -0.0814 V          ; 0.36 V                              ; 0.156 V                             ; 3e-10 s                    ; 4.34e-10 s                 ; No                        ; No                        ;
; out[64]     ; 2.5 V        ; 0 s                 ; 0 s                 ; 2.75 V                       ; 0.000242 V                   ; 2.86 V              ; -0.0814 V           ; 0.36 V                               ; 0.156 V                              ; 3e-10 s                     ; 4.34e-10 s                  ; No                         ; No                         ; 2.75 V                      ; 0.000242 V                  ; 2.86 V             ; -0.0814 V          ; 0.36 V                              ; 0.156 V                             ; 3e-10 s                    ; 4.34e-10 s                 ; No                        ; No                        ;
; out[65]     ; 2.5 V        ; 0 s                 ; 0 s                 ; 2.75 V                       ; 0.000247 V                   ; 2.85 V              ; -0.0711 V           ; 0.204 V                              ; 0.181 V                              ; 4.55e-10 s                  ; 4.49e-10 s                  ; No                         ; No                         ; 2.75 V                      ; 0.000247 V                  ; 2.85 V             ; -0.0711 V          ; 0.204 V                             ; 0.181 V                             ; 4.55e-10 s                 ; 4.49e-10 s                 ; No                        ; No                        ;
; out[66]     ; 2.5 V        ; 0 s                 ; 0 s                 ; 2.75 V                       ; 0.000213 V                   ; 2.79 V              ; -0.0324 V           ; 0.139 V                              ; 0.119 V                              ; 4.42e-10 s                  ; 4.33e-10 s                  ; No                         ; Yes                        ; 2.75 V                      ; 0.000213 V                  ; 2.79 V             ; -0.0324 V          ; 0.139 V                             ; 0.119 V                             ; 4.42e-10 s                 ; 4.33e-10 s                 ; No                        ; Yes                       ;
; out[67]     ; 2.5 V        ; 0 s                 ; 0 s                 ; 2.75 V                       ; 0.000242 V                   ; 2.86 V              ; -0.0814 V           ; 0.36 V                               ; 0.156 V                              ; 3e-10 s                     ; 4.34e-10 s                  ; No                         ; No                         ; 2.75 V                      ; 0.000242 V                  ; 2.86 V             ; -0.0814 V          ; 0.36 V                              ; 0.156 V                             ; 3e-10 s                    ; 4.34e-10 s                 ; No                        ; No                        ;
; out[68]     ; 2.5 V        ; 0 s                 ; 0 s                 ; 2.75 V                       ; 0.000247 V                   ; 2.85 V              ; -0.0711 V           ; 0.204 V                              ; 0.181 V                              ; 4.55e-10 s                  ; 4.49e-10 s                  ; No                         ; No                         ; 2.75 V                      ; 0.000247 V                  ; 2.85 V             ; -0.0711 V          ; 0.204 V                             ; 0.181 V                             ; 4.55e-10 s                 ; 4.49e-10 s                 ; No                        ; No                        ;
; out[69]     ; 2.5 V        ; 0 s                 ; 0 s                 ; 2.75 V                       ; 0.000247 V                   ; 2.85 V              ; -0.0711 V           ; 0.204 V                              ; 0.181 V                              ; 4.55e-10 s                  ; 4.49e-10 s                  ; No                         ; No                         ; 2.75 V                      ; 0.000247 V                  ; 2.85 V             ; -0.0711 V          ; 0.204 V                             ; 0.181 V                             ; 4.55e-10 s                 ; 4.49e-10 s                 ; No                        ; No                        ;
; out[70]     ; 2.5 V        ; 0 s                 ; 0 s                 ; 2.75 V                       ; 0.000213 V                   ; 2.79 V              ; -0.0324 V           ; 0.139 V                              ; 0.119 V                              ; 4.42e-10 s                  ; 4.33e-10 s                  ; No                         ; Yes                        ; 2.75 V                      ; 0.000213 V                  ; 2.79 V             ; -0.0324 V          ; 0.139 V                             ; 0.119 V                             ; 4.42e-10 s                 ; 4.33e-10 s                 ; No                        ; Yes                       ;
; out[71]     ; 2.5 V        ; 0 s                 ; 0 s                 ; 2.75 V                       ; 0.000242 V                   ; 2.86 V              ; -0.0814 V           ; 0.36 V                               ; 0.156 V                              ; 3e-10 s                     ; 4.34e-10 s                  ; No                         ; No                         ; 2.75 V                      ; 0.000242 V                  ; 2.86 V             ; -0.0814 V          ; 0.36 V                              ; 0.156 V                             ; 3e-10 s                    ; 4.34e-10 s                 ; No                        ; No                        ;
; out[72]     ; 2.5 V        ; 0 s                 ; 0 s                 ; 2.75 V                       ; 0.000242 V                   ; 2.86 V              ; -0.0805 V           ; 0.358 V                              ; 0.156 V                              ; 3.01e-10 s                  ; 4.34e-10 s                  ; No                         ; No                         ; 2.75 V                      ; 0.000242 V                  ; 2.86 V             ; -0.0805 V          ; 0.358 V                             ; 0.156 V                             ; 3.01e-10 s                 ; 4.34e-10 s                 ; No                        ; No                        ;
; out[73]     ; 2.5 V        ; 0 s                 ; 0 s                 ; 2.75 V                       ; 0.000242 V                   ; 2.86 V              ; -0.0814 V           ; 0.36 V                               ; 0.156 V                              ; 3e-10 s                     ; 4.34e-10 s                  ; No                         ; No                         ; 2.75 V                      ; 0.000242 V                  ; 2.86 V             ; -0.0814 V          ; 0.36 V                              ; 0.156 V                             ; 3e-10 s                    ; 4.34e-10 s                 ; No                        ; No                        ;
; out[74]     ; 2.5 V        ; 0 s                 ; 0 s                 ; 2.75 V                       ; 0.000242 V                   ; 2.86 V              ; -0.0814 V           ; 0.36 V                               ; 0.156 V                              ; 3e-10 s                     ; 4.34e-10 s                  ; No                         ; No                         ; 2.75 V                      ; 0.000242 V                  ; 2.86 V             ; -0.0814 V          ; 0.36 V                              ; 0.156 V                             ; 3e-10 s                    ; 4.34e-10 s                 ; No                        ; No                        ;
; out[75]     ; 2.5 V        ; 0 s                 ; 0 s                 ; 2.75 V                       ; 0.000247 V                   ; 2.85 V              ; -0.0711 V           ; 0.204 V                              ; 0.181 V                              ; 4.55e-10 s                  ; 4.49e-10 s                  ; No                         ; No                         ; 2.75 V                      ; 0.000247 V                  ; 2.85 V             ; -0.0711 V          ; 0.204 V                             ; 0.181 V                             ; 4.55e-10 s                 ; 4.49e-10 s                 ; No                        ; No                        ;
; out[76]     ; 2.5 V        ; 0 s                 ; 0 s                 ; 2.75 V                       ; 0.000242 V                   ; 2.86 V              ; -0.0805 V           ; 0.358 V                              ; 0.156 V                              ; 3.01e-10 s                  ; 4.34e-10 s                  ; No                         ; No                         ; 2.75 V                      ; 0.000242 V                  ; 2.86 V             ; -0.0805 V          ; 0.358 V                             ; 0.156 V                             ; 3.01e-10 s                 ; 4.34e-10 s                 ; No                        ; No                        ;
; out[77]     ; 2.5 V        ; 0 s                 ; 0 s                 ; 2.75 V                       ; 0.000242 V                   ; 2.86 V              ; -0.0805 V           ; 0.358 V                              ; 0.156 V                              ; 3.01e-10 s                  ; 4.34e-10 s                  ; No                         ; No                         ; 2.75 V                      ; 0.000242 V                  ; 2.86 V             ; -0.0805 V          ; 0.358 V                             ; 0.156 V                             ; 3.01e-10 s                 ; 4.34e-10 s                 ; No                        ; No                        ;
; out[78]     ; 2.5 V        ; 0 s                 ; 0 s                 ; 2.75 V                       ; 0.000242 V                   ; 2.86 V              ; -0.0814 V           ; 0.36 V                               ; 0.156 V                              ; 3e-10 s                     ; 4.34e-10 s                  ; No                         ; No                         ; 2.75 V                      ; 0.000242 V                  ; 2.86 V             ; -0.0814 V          ; 0.36 V                              ; 0.156 V                             ; 3e-10 s                    ; 4.34e-10 s                 ; No                        ; No                        ;
; out[79]     ; 2.5 V        ; 0 s                 ; 0 s                 ; 2.75 V                       ; 0.000247 V                   ; 2.85 V              ; -0.0711 V           ; 0.204 V                              ; 0.181 V                              ; 4.55e-10 s                  ; 4.49e-10 s                  ; No                         ; No                         ; 2.75 V                      ; 0.000247 V                  ; 2.85 V             ; -0.0711 V          ; 0.204 V                             ; 0.181 V                             ; 4.55e-10 s                 ; 4.49e-10 s                 ; No                        ; No                        ;
; out[80]     ; 2.5 V        ; 0 s                 ; 0 s                 ; 2.75 V                       ; 0.000213 V                   ; 2.79 V              ; -0.0324 V           ; 0.139 V                              ; 0.119 V                              ; 4.42e-10 s                  ; 4.33e-10 s                  ; No                         ; Yes                        ; 2.75 V                      ; 0.000213 V                  ; 2.79 V             ; -0.0324 V          ; 0.139 V                             ; 0.119 V                             ; 4.42e-10 s                 ; 4.33e-10 s                 ; No                        ; Yes                       ;
; out[81]     ; 2.5 V        ; 0 s                 ; 0 s                 ; 2.75 V                       ; 0.000213 V                   ; 2.79 V              ; -0.0324 V           ; 0.139 V                              ; 0.119 V                              ; 4.42e-10 s                  ; 4.33e-10 s                  ; No                         ; Yes                        ; 2.75 V                      ; 0.000213 V                  ; 2.79 V             ; -0.0324 V          ; 0.139 V                             ; 0.119 V                             ; 4.42e-10 s                 ; 4.33e-10 s                 ; No                        ; Yes                       ;
; out[82]     ; 2.5 V        ; 0 s                 ; 0 s                 ; 2.75 V                       ; 0.000247 V                   ; 2.85 V              ; -0.0711 V           ; 0.204 V                              ; 0.181 V                              ; 4.55e-10 s                  ; 4.49e-10 s                  ; No                         ; No                         ; 2.75 V                      ; 0.000247 V                  ; 2.85 V             ; -0.0711 V          ; 0.204 V                             ; 0.181 V                             ; 4.55e-10 s                 ; 4.49e-10 s                 ; No                        ; No                        ;
; out[83]     ; 2.5 V        ; 0 s                 ; 0 s                 ; 2.75 V                       ; 0.000213 V                   ; 2.79 V              ; -0.0324 V           ; 0.139 V                              ; 0.119 V                              ; 4.42e-10 s                  ; 4.33e-10 s                  ; No                         ; Yes                        ; 2.75 V                      ; 0.000213 V                  ; 2.79 V             ; -0.0324 V          ; 0.139 V                             ; 0.119 V                             ; 4.42e-10 s                 ; 4.33e-10 s                 ; No                        ; Yes                       ;
; out[84]     ; 2.5 V        ; 0 s                 ; 0 s                 ; 2.75 V                       ; 0.000213 V                   ; 2.79 V              ; -0.0324 V           ; 0.139 V                              ; 0.119 V                              ; 4.42e-10 s                  ; 4.33e-10 s                  ; No                         ; Yes                        ; 2.75 V                      ; 0.000213 V                  ; 2.79 V             ; -0.0324 V          ; 0.139 V                             ; 0.119 V                             ; 4.42e-10 s                 ; 4.33e-10 s                 ; No                        ; Yes                       ;
; out[85]     ; 2.5 V        ; 0 s                 ; 0 s                 ; 2.75 V                       ; 0.000242 V                   ; 2.86 V              ; -0.0814 V           ; 0.36 V                               ; 0.156 V                              ; 3e-10 s                     ; 4.34e-10 s                  ; No                         ; No                         ; 2.75 V                      ; 0.000242 V                  ; 2.86 V             ; -0.0814 V          ; 0.36 V                              ; 0.156 V                             ; 3e-10 s                    ; 4.34e-10 s                 ; No                        ; No                        ;
; out[86]     ; 2.5 V        ; 0 s                 ; 0 s                 ; 2.75 V                       ; 0.000213 V                   ; 2.79 V              ; -0.0324 V           ; 0.139 V                              ; 0.119 V                              ; 4.42e-10 s                  ; 4.33e-10 s                  ; No                         ; Yes                        ; 2.75 V                      ; 0.000213 V                  ; 2.79 V             ; -0.0324 V          ; 0.139 V                             ; 0.119 V                             ; 4.42e-10 s                 ; 4.33e-10 s                 ; No                        ; Yes                       ;
; out[87]     ; 2.5 V        ; 0 s                 ; 0 s                 ; 2.75 V                       ; 0.000242 V                   ; 2.86 V              ; -0.0814 V           ; 0.36 V                               ; 0.156 V                              ; 3e-10 s                     ; 4.34e-10 s                  ; No                         ; No                         ; 2.75 V                      ; 0.000242 V                  ; 2.86 V             ; -0.0814 V          ; 0.36 V                              ; 0.156 V                             ; 3e-10 s                    ; 4.34e-10 s                 ; No                        ; No                        ;
; out[88]     ; 2.5 V        ; 0 s                 ; 0 s                 ; 2.75 V                       ; 0.000242 V                   ; 2.86 V              ; -0.0814 V           ; 0.36 V                               ; 0.156 V                              ; 3e-10 s                     ; 4.34e-10 s                  ; No                         ; No                         ; 2.75 V                      ; 0.000242 V                  ; 2.86 V             ; -0.0814 V          ; 0.36 V                              ; 0.156 V                             ; 3e-10 s                    ; 4.34e-10 s                 ; No                        ; No                        ;
; out[89]     ; 2.5 V        ; 0 s                 ; 0 s                 ; 2.75 V                       ; 0.000242 V                   ; 2.86 V              ; -0.0814 V           ; 0.36 V                               ; 0.156 V                              ; 3e-10 s                     ; 4.34e-10 s                  ; No                         ; No                         ; 2.75 V                      ; 0.000242 V                  ; 2.86 V             ; -0.0814 V          ; 0.36 V                              ; 0.156 V                             ; 3e-10 s                    ; 4.34e-10 s                 ; No                        ; No                        ;
; out[90]     ; 2.5 V        ; 0 s                 ; 0 s                 ; 2.75 V                       ; 0.000247 V                   ; 2.85 V              ; -0.0711 V           ; 0.204 V                              ; 0.181 V                              ; 4.55e-10 s                  ; 4.49e-10 s                  ; No                         ; No                         ; 2.75 V                      ; 0.000247 V                  ; 2.85 V             ; -0.0711 V          ; 0.204 V                             ; 0.181 V                             ; 4.55e-10 s                 ; 4.49e-10 s                 ; No                        ; No                        ;
; out[91]     ; 2.5 V        ; 0 s                 ; 0 s                 ; 2.75 V                       ; 0.000242 V                   ; 2.86 V              ; -0.0814 V           ; 0.36 V                               ; 0.156 V                              ; 3e-10 s                     ; 4.34e-10 s                  ; No                         ; No                         ; 2.75 V                      ; 0.000242 V                  ; 2.86 V             ; -0.0814 V          ; 0.36 V                              ; 0.156 V                             ; 3e-10 s                    ; 4.34e-10 s                 ; No                        ; No                        ;
; out[92]     ; 2.5 V        ; 0 s                 ; 0 s                 ; 2.75 V                       ; 0.000247 V                   ; 2.85 V              ; -0.0711 V           ; 0.204 V                              ; 0.181 V                              ; 4.55e-10 s                  ; 4.49e-10 s                  ; No                         ; No                         ; 2.75 V                      ; 0.000247 V                  ; 2.85 V             ; -0.0711 V          ; 0.204 V                             ; 0.181 V                             ; 4.55e-10 s                 ; 4.49e-10 s                 ; No                        ; No                        ;
; out[93]     ; 2.5 V        ; 0 s                 ; 0 s                 ; 2.75 V                       ; 0.000247 V                   ; 2.85 V              ; -0.0711 V           ; 0.204 V                              ; 0.181 V                              ; 4.55e-10 s                  ; 4.49e-10 s                  ; No                         ; No                         ; 2.75 V                      ; 0.000247 V                  ; 2.85 V             ; -0.0711 V          ; 0.204 V                             ; 0.181 V                             ; 4.55e-10 s                 ; 4.49e-10 s                 ; No                        ; No                        ;
; out[94]     ; 2.5 V        ; 0 s                 ; 0 s                 ; 2.75 V                       ; 0.000242 V                   ; 2.86 V              ; -0.0805 V           ; 0.358 V                              ; 0.156 V                              ; 3.01e-10 s                  ; 4.34e-10 s                  ; No                         ; No                         ; 2.75 V                      ; 0.000242 V                  ; 2.86 V             ; -0.0805 V          ; 0.358 V                             ; 0.156 V                             ; 3.01e-10 s                 ; 4.34e-10 s                 ; No                        ; No                        ;
; out[95]     ; 2.5 V        ; 0 s                 ; 0 s                 ; 2.75 V                       ; 0.000213 V                   ; 2.79 V              ; -0.0324 V           ; 0.139 V                              ; 0.119 V                              ; 4.42e-10 s                  ; 4.33e-10 s                  ; No                         ; Yes                        ; 2.75 V                      ; 0.000213 V                  ; 2.79 V             ; -0.0324 V          ; 0.139 V                             ; 0.119 V                             ; 4.42e-10 s                 ; 4.33e-10 s                 ; No                        ; Yes                       ;
; out[96]     ; 2.5 V        ; 0 s                 ; 0 s                 ; 2.75 V                       ; 0.000242 V                   ; 2.86 V              ; -0.0805 V           ; 0.358 V                              ; 0.156 V                              ; 3.01e-10 s                  ; 4.34e-10 s                  ; No                         ; No                         ; 2.75 V                      ; 0.000242 V                  ; 2.86 V             ; -0.0805 V          ; 0.358 V                             ; 0.156 V                             ; 3.01e-10 s                 ; 4.34e-10 s                 ; No                        ; No                        ;
; out[97]     ; 2.5 V        ; 0 s                 ; 0 s                 ; 2.75 V                       ; 0.000242 V                   ; 2.86 V              ; -0.0805 V           ; 0.358 V                              ; 0.156 V                              ; 3.01e-10 s                  ; 4.34e-10 s                  ; No                         ; No                         ; 2.75 V                      ; 0.000242 V                  ; 2.86 V             ; -0.0805 V          ; 0.358 V                             ; 0.156 V                             ; 3.01e-10 s                 ; 4.34e-10 s                 ; No                        ; No                        ;
; out[98]     ; 2.5 V        ; 0 s                 ; 0 s                 ; 2.75 V                       ; 0.000247 V                   ; 2.85 V              ; -0.0711 V           ; 0.204 V                              ; 0.181 V                              ; 4.55e-10 s                  ; 4.49e-10 s                  ; No                         ; No                         ; 2.75 V                      ; 0.000247 V                  ; 2.85 V             ; -0.0711 V          ; 0.204 V                             ; 0.181 V                             ; 4.55e-10 s                 ; 4.49e-10 s                 ; No                        ; No                        ;
; out[99]     ; 2.5 V        ; 0 s                 ; 0 s                 ; 2.75 V                       ; 0.000247 V                   ; 2.85 V              ; -0.0711 V           ; 0.204 V                              ; 0.181 V                              ; 4.55e-10 s                  ; 4.49e-10 s                  ; No                         ; No                         ; 2.75 V                      ; 0.000247 V                  ; 2.85 V             ; -0.0711 V          ; 0.204 V                             ; 0.181 V                             ; 4.55e-10 s                 ; 4.49e-10 s                 ; No                        ; No                        ;
; out[100]    ; 2.5 V        ; 0 s                 ; 0 s                 ; 2.75 V                       ; 0.000247 V                   ; 2.85 V              ; -0.0711 V           ; 0.204 V                              ; 0.181 V                              ; 4.55e-10 s                  ; 4.49e-10 s                  ; No                         ; No                         ; 2.75 V                      ; 0.000247 V                  ; 2.85 V             ; -0.0711 V          ; 0.204 V                             ; 0.181 V                             ; 4.55e-10 s                 ; 4.49e-10 s                 ; No                        ; No                        ;
; out[101]    ; 2.5 V        ; 0 s                 ; 0 s                 ; 2.75 V                       ; 0.000247 V                   ; 2.85 V              ; -0.0711 V           ; 0.204 V                              ; 0.181 V                              ; 4.55e-10 s                  ; 4.49e-10 s                  ; No                         ; No                         ; 2.75 V                      ; 0.000247 V                  ; 2.85 V             ; -0.0711 V          ; 0.204 V                             ; 0.181 V                             ; 4.55e-10 s                 ; 4.49e-10 s                 ; No                        ; No                        ;
; out[102]    ; 2.5 V        ; 0 s                 ; 0 s                 ; 2.75 V                       ; 0.000242 V                   ; 2.86 V              ; -0.0805 V           ; 0.358 V                              ; 0.156 V                              ; 3.01e-10 s                  ; 4.34e-10 s                  ; No                         ; No                         ; 2.75 V                      ; 0.000242 V                  ; 2.86 V             ; -0.0805 V          ; 0.358 V                             ; 0.156 V                             ; 3.01e-10 s                 ; 4.34e-10 s                 ; No                        ; No                        ;
; out[103]    ; 2.5 V        ; 0 s                 ; 0 s                 ; 2.75 V                       ; 0.000242 V                   ; 2.86 V              ; -0.0805 V           ; 0.358 V                              ; 0.156 V                              ; 3.01e-10 s                  ; 4.34e-10 s                  ; No                         ; No                         ; 2.75 V                      ; 0.000242 V                  ; 2.86 V             ; -0.0805 V          ; 0.358 V                             ; 0.156 V                             ; 3.01e-10 s                 ; 4.34e-10 s                 ; No                        ; No                        ;
; out[104]    ; 2.5 V        ; 0 s                 ; 0 s                 ; 2.75 V                       ; 0.000242 V                   ; 2.86 V              ; -0.0805 V           ; 0.358 V                              ; 0.156 V                              ; 3.01e-10 s                  ; 4.34e-10 s                  ; No                         ; No                         ; 2.75 V                      ; 0.000242 V                  ; 2.86 V             ; -0.0805 V          ; 0.358 V                             ; 0.156 V                             ; 3.01e-10 s                 ; 4.34e-10 s                 ; No                        ; No                        ;
; out[105]    ; 2.5 V        ; 0 s                 ; 0 s                 ; 2.75 V                       ; 0.000247 V                   ; 2.85 V              ; -0.0711 V           ; 0.204 V                              ; 0.181 V                              ; 4.55e-10 s                  ; 4.49e-10 s                  ; No                         ; No                         ; 2.75 V                      ; 0.000247 V                  ; 2.85 V             ; -0.0711 V          ; 0.204 V                             ; 0.181 V                             ; 4.55e-10 s                 ; 4.49e-10 s                 ; No                        ; No                        ;
; out[106]    ; 2.5 V        ; 0 s                 ; 0 s                 ; 2.75 V                       ; 0.000213 V                   ; 2.79 V              ; -0.0324 V           ; 0.139 V                              ; 0.119 V                              ; 4.42e-10 s                  ; 4.33e-10 s                  ; No                         ; Yes                        ; 2.75 V                      ; 0.000213 V                  ; 2.79 V             ; -0.0324 V          ; 0.139 V                             ; 0.119 V                             ; 4.42e-10 s                 ; 4.33e-10 s                 ; No                        ; Yes                       ;
; out[107]    ; 2.5 V        ; 0 s                 ; 0 s                 ; 2.75 V                       ; 0.000242 V                   ; 2.86 V              ; -0.0805 V           ; 0.358 V                              ; 0.156 V                              ; 3.01e-10 s                  ; 4.34e-10 s                  ; No                         ; No                         ; 2.75 V                      ; 0.000242 V                  ; 2.86 V             ; -0.0805 V          ; 0.358 V                             ; 0.156 V                             ; 3.01e-10 s                 ; 4.34e-10 s                 ; No                        ; No                        ;
; out[108]    ; 2.5 V        ; 0 s                 ; 0 s                 ; 2.75 V                       ; 0.000242 V                   ; 2.86 V              ; -0.0814 V           ; 0.36 V                               ; 0.156 V                              ; 3e-10 s                     ; 4.34e-10 s                  ; No                         ; No                         ; 2.75 V                      ; 0.000242 V                  ; 2.86 V             ; -0.0814 V          ; 0.36 V                              ; 0.156 V                             ; 3e-10 s                    ; 4.34e-10 s                 ; No                        ; No                        ;
; out[109]    ; 2.5 V        ; 0 s                 ; 0 s                 ; 2.75 V                       ; 0.000242 V                   ; 2.86 V              ; -0.0814 V           ; 0.36 V                               ; 0.156 V                              ; 3e-10 s                     ; 4.34e-10 s                  ; No                         ; No                         ; 2.75 V                      ; 0.000242 V                  ; 2.86 V             ; -0.0814 V          ; 0.36 V                              ; 0.156 V                             ; 3e-10 s                    ; 4.34e-10 s                 ; No                        ; No                        ;
; out[110]    ; 2.5 V        ; 0 s                 ; 0 s                 ; 2.75 V                       ; 0.000247 V                   ; 2.85 V              ; -0.0711 V           ; 0.204 V                              ; 0.181 V                              ; 4.55e-10 s                  ; 4.49e-10 s                  ; No                         ; No                         ; 2.75 V                      ; 0.000247 V                  ; 2.85 V             ; -0.0711 V          ; 0.204 V                             ; 0.181 V                             ; 4.55e-10 s                 ; 4.49e-10 s                 ; No                        ; No                        ;
; out[111]    ; 2.5 V        ; 0 s                 ; 0 s                 ; 2.75 V                       ; 0.000242 V                   ; 2.86 V              ; -0.0805 V           ; 0.358 V                              ; 0.156 V                              ; 3.01e-10 s                  ; 4.34e-10 s                  ; No                         ; No                         ; 2.75 V                      ; 0.000242 V                  ; 2.86 V             ; -0.0805 V          ; 0.358 V                             ; 0.156 V                             ; 3.01e-10 s                 ; 4.34e-10 s                 ; No                        ; No                        ;
; out[112]    ; 2.5 V        ; 0 s                 ; 0 s                 ; 2.75 V                       ; 0.000242 V                   ; 2.86 V              ; -0.0814 V           ; 0.36 V                               ; 0.156 V                              ; 3e-10 s                     ; 4.34e-10 s                  ; No                         ; No                         ; 2.75 V                      ; 0.000242 V                  ; 2.86 V             ; -0.0814 V          ; 0.36 V                              ; 0.156 V                             ; 3e-10 s                    ; 4.34e-10 s                 ; No                        ; No                        ;
; out[113]    ; 2.5 V        ; 0 s                 ; 0 s                 ; 2.75 V                       ; 0.000247 V                   ; 2.85 V              ; -0.0711 V           ; 0.204 V                              ; 0.181 V                              ; 4.55e-10 s                  ; 4.49e-10 s                  ; No                         ; No                         ; 2.75 V                      ; 0.000247 V                  ; 2.85 V             ; -0.0711 V          ; 0.204 V                             ; 0.181 V                             ; 4.55e-10 s                 ; 4.49e-10 s                 ; No                        ; No                        ;
; out[114]    ; 2.5 V        ; 0 s                 ; 0 s                 ; 2.75 V                       ; 0.000213 V                   ; 2.79 V              ; -0.0324 V           ; 0.139 V                              ; 0.119 V                              ; 4.42e-10 s                  ; 4.33e-10 s                  ; No                         ; Yes                        ; 2.75 V                      ; 0.000213 V                  ; 2.79 V             ; -0.0324 V          ; 0.139 V                             ; 0.119 V                             ; 4.42e-10 s                 ; 4.33e-10 s                 ; No                        ; Yes                       ;
; out[115]    ; 2.5 V        ; 0 s                 ; 0 s                 ; 2.75 V                       ; 0.000242 V                   ; 2.86 V              ; -0.0805 V           ; 0.358 V                              ; 0.156 V                              ; 3.01e-10 s                  ; 4.34e-10 s                  ; No                         ; No                         ; 2.75 V                      ; 0.000242 V                  ; 2.86 V             ; -0.0805 V          ; 0.358 V                             ; 0.156 V                             ; 3.01e-10 s                 ; 4.34e-10 s                 ; No                        ; No                        ;
; out[116]    ; 2.5 V        ; 0 s                 ; 0 s                 ; 2.75 V                       ; 0.000242 V                   ; 2.86 V              ; -0.0805 V           ; 0.358 V                              ; 0.156 V                              ; 3.01e-10 s                  ; 4.34e-10 s                  ; No                         ; No                         ; 2.75 V                      ; 0.000242 V                  ; 2.86 V             ; -0.0805 V          ; 0.358 V                             ; 0.156 V                             ; 3.01e-10 s                 ; 4.34e-10 s                 ; No                        ; No                        ;
; out[117]    ; 2.5 V        ; 0 s                 ; 0 s                 ; 2.75 V                       ; 0.000213 V                   ; 2.79 V              ; -0.0324 V           ; 0.139 V                              ; 0.119 V                              ; 4.42e-10 s                  ; 4.33e-10 s                  ; No                         ; Yes                        ; 2.75 V                      ; 0.000213 V                  ; 2.79 V             ; -0.0324 V          ; 0.139 V                             ; 0.119 V                             ; 4.42e-10 s                 ; 4.33e-10 s                 ; No                        ; Yes                       ;
; out[118]    ; 2.5 V        ; 0 s                 ; 0 s                 ; 2.75 V                       ; 0.000213 V                   ; 2.79 V              ; -0.0324 V           ; 0.139 V                              ; 0.119 V                              ; 4.42e-10 s                  ; 4.33e-10 s                  ; No                         ; Yes                        ; 2.75 V                      ; 0.000213 V                  ; 2.79 V             ; -0.0324 V          ; 0.139 V                             ; 0.119 V                             ; 4.42e-10 s                 ; 4.33e-10 s                 ; No                        ; Yes                       ;
; out[119]    ; 2.5 V        ; 0 s                 ; 0 s                 ; 2.75 V                       ; 0.000213 V                   ; 2.79 V              ; -0.0324 V           ; 0.139 V                              ; 0.119 V                              ; 4.42e-10 s                  ; 4.33e-10 s                  ; No                         ; Yes                        ; 2.75 V                      ; 0.000213 V                  ; 2.79 V             ; -0.0324 V          ; 0.139 V                             ; 0.119 V                             ; 4.42e-10 s                 ; 4.33e-10 s                 ; No                        ; Yes                       ;
; out[120]    ; 2.5 V        ; 0 s                 ; 0 s                 ; 2.75 V                       ; 0.000242 V                   ; 2.86 V              ; -0.0805 V           ; 0.358 V                              ; 0.156 V                              ; 3.01e-10 s                  ; 4.34e-10 s                  ; No                         ; No                         ; 2.75 V                      ; 0.000242 V                  ; 2.86 V             ; -0.0805 V          ; 0.358 V                             ; 0.156 V                             ; 3.01e-10 s                 ; 4.34e-10 s                 ; No                        ; No                        ;
; out[121]    ; 2.5 V        ; 0 s                 ; 0 s                 ; 2.75 V                       ; 0.000242 V                   ; 2.86 V              ; -0.0805 V           ; 0.358 V                              ; 0.156 V                              ; 3.01e-10 s                  ; 4.34e-10 s                  ; No                         ; No                         ; 2.75 V                      ; 0.000242 V                  ; 2.86 V             ; -0.0805 V          ; 0.358 V                             ; 0.156 V                             ; 3.01e-10 s                 ; 4.34e-10 s                 ; No                        ; No                        ;
; out[122]    ; 2.5 V        ; 0 s                 ; 0 s                 ; 2.75 V                       ; 0.000247 V                   ; 2.85 V              ; -0.0711 V           ; 0.204 V                              ; 0.181 V                              ; 4.55e-10 s                  ; 4.49e-10 s                  ; No                         ; No                         ; 2.75 V                      ; 0.000247 V                  ; 2.85 V             ; -0.0711 V          ; 0.204 V                             ; 0.181 V                             ; 4.55e-10 s                 ; 4.49e-10 s                 ; No                        ; No                        ;
; out[123]    ; 2.5 V        ; 0 s                 ; 0 s                 ; 2.75 V                       ; 0.000213 V                   ; 2.79 V              ; -0.0324 V           ; 0.139 V                              ; 0.119 V                              ; 4.42e-10 s                  ; 4.33e-10 s                  ; No                         ; Yes                        ; 2.75 V                      ; 0.000213 V                  ; 2.79 V             ; -0.0324 V          ; 0.139 V                             ; 0.119 V                             ; 4.42e-10 s                 ; 4.33e-10 s                 ; No                        ; Yes                       ;
; out[124]    ; 2.5 V        ; 0 s                 ; 0 s                 ; 2.75 V                       ; 0.000242 V                   ; 2.86 V              ; -0.0814 V           ; 0.36 V                               ; 0.156 V                              ; 3e-10 s                     ; 4.34e-10 s                  ; No                         ; No                         ; 2.75 V                      ; 0.000242 V                  ; 2.86 V             ; -0.0814 V          ; 0.36 V                              ; 0.156 V                             ; 3e-10 s                    ; 4.34e-10 s                 ; No                        ; No                        ;
; out[125]    ; 2.5 V        ; 0 s                 ; 0 s                 ; 2.75 V                       ; 0.000242 V                   ; 2.86 V              ; -0.0805 V           ; 0.358 V                              ; 0.156 V                              ; 3.01e-10 s                  ; 4.34e-10 s                  ; No                         ; No                         ; 2.75 V                      ; 0.000242 V                  ; 2.86 V             ; -0.0805 V          ; 0.358 V                             ; 0.156 V                             ; 3.01e-10 s                 ; 4.34e-10 s                 ; No                        ; No                        ;
; out[126]    ; 2.5 V        ; 0 s                 ; 0 s                 ; 2.75 V                       ; 0.000247 V                   ; 2.85 V              ; -0.0711 V           ; 0.204 V                              ; 0.181 V                              ; 4.55e-10 s                  ; 4.49e-10 s                  ; No                         ; No                         ; 2.75 V                      ; 0.000247 V                  ; 2.85 V             ; -0.0711 V          ; 0.204 V                             ; 0.181 V                             ; 4.55e-10 s                 ; 4.49e-10 s                 ; No                        ; No                        ;
; out[127]    ; 2.5 V        ; 0 s                 ; 0 s                 ; 2.75 V                       ; 0.000242 V                   ; 2.86 V              ; -0.0805 V           ; 0.358 V                              ; 0.156 V                              ; 3.01e-10 s                  ; 4.34e-10 s                  ; No                         ; No                         ; 2.75 V                      ; 0.000242 V                  ; 2.86 V             ; -0.0805 V          ; 0.358 V                             ; 0.156 V                             ; 3.01e-10 s                 ; 4.34e-10 s                 ; No                        ; No                        ;
; out[128]    ; 2.5 V        ; 0 s                 ; 0 s                 ; 2.75 V                       ; 0.000247 V                   ; 2.85 V              ; -0.0711 V           ; 0.204 V                              ; 0.181 V                              ; 4.55e-10 s                  ; 4.49e-10 s                  ; No                         ; No                         ; 2.75 V                      ; 0.000247 V                  ; 2.85 V             ; -0.0711 V          ; 0.204 V                             ; 0.181 V                             ; 4.55e-10 s                 ; 4.49e-10 s                 ; No                        ; No                        ;
; out[129]    ; 2.5 V        ; 0 s                 ; 0 s                 ; 2.75 V                       ; 0.000213 V                   ; 2.79 V              ; -0.0324 V           ; 0.139 V                              ; 0.119 V                              ; 4.42e-10 s                  ; 4.33e-10 s                  ; No                         ; Yes                        ; 2.75 V                      ; 0.000213 V                  ; 2.79 V             ; -0.0324 V          ; 0.139 V                             ; 0.119 V                             ; 4.42e-10 s                 ; 4.33e-10 s                 ; No                        ; Yes                       ;
; out[130]    ; 2.5 V        ; 0 s                 ; 0 s                 ; 2.75 V                       ; 0.000242 V                   ; 2.86 V              ; -0.0805 V           ; 0.358 V                              ; 0.156 V                              ; 3.01e-10 s                  ; 4.34e-10 s                  ; No                         ; No                         ; 2.75 V                      ; 0.000242 V                  ; 2.86 V             ; -0.0805 V          ; 0.358 V                             ; 0.156 V                             ; 3.01e-10 s                 ; 4.34e-10 s                 ; No                        ; No                        ;
; out[131]    ; 2.5 V        ; 0 s                 ; 0 s                 ; 2.75 V                       ; 0.000242 V                   ; 2.86 V              ; -0.0814 V           ; 0.36 V                               ; 0.156 V                              ; 3e-10 s                     ; 4.34e-10 s                  ; No                         ; No                         ; 2.75 V                      ; 0.000242 V                  ; 2.86 V             ; -0.0814 V          ; 0.36 V                              ; 0.156 V                             ; 3e-10 s                    ; 4.34e-10 s                 ; No                        ; No                        ;
; out[132]    ; 2.5 V        ; 0 s                 ; 0 s                 ; 2.75 V                       ; 0.000213 V                   ; 2.79 V              ; -0.0324 V           ; 0.139 V                              ; 0.119 V                              ; 4.42e-10 s                  ; 4.33e-10 s                  ; No                         ; Yes                        ; 2.75 V                      ; 0.000213 V                  ; 2.79 V             ; -0.0324 V          ; 0.139 V                             ; 0.119 V                             ; 4.42e-10 s                 ; 4.33e-10 s                 ; No                        ; Yes                       ;
; out[133]    ; 2.5 V        ; 0 s                 ; 0 s                 ; 2.75 V                       ; 0.000213 V                   ; 2.79 V              ; -0.0324 V           ; 0.139 V                              ; 0.119 V                              ; 4.42e-10 s                  ; 4.33e-10 s                  ; No                         ; Yes                        ; 2.75 V                      ; 0.000213 V                  ; 2.79 V             ; -0.0324 V          ; 0.139 V                             ; 0.119 V                             ; 4.42e-10 s                 ; 4.33e-10 s                 ; No                        ; Yes                       ;
; out[134]    ; 2.5 V        ; 0 s                 ; 0 s                 ; 2.75 V                       ; 0.000242 V                   ; 2.86 V              ; -0.0814 V           ; 0.36 V                               ; 0.156 V                              ; 3e-10 s                     ; 4.34e-10 s                  ; No                         ; No                         ; 2.75 V                      ; 0.000242 V                  ; 2.86 V             ; -0.0814 V          ; 0.36 V                              ; 0.156 V                             ; 3e-10 s                    ; 4.34e-10 s                 ; No                        ; No                        ;
; out[135]    ; 2.5 V        ; 0 s                 ; 0 s                 ; 2.75 V                       ; 0.000247 V                   ; 2.85 V              ; -0.0711 V           ; 0.204 V                              ; 0.181 V                              ; 4.55e-10 s                  ; 4.49e-10 s                  ; No                         ; No                         ; 2.75 V                      ; 0.000247 V                  ; 2.85 V             ; -0.0711 V          ; 0.204 V                             ; 0.181 V                             ; 4.55e-10 s                 ; 4.49e-10 s                 ; No                        ; No                        ;
; out[136]    ; 2.5 V        ; 0 s                 ; 0 s                 ; 2.75 V                       ; 0.000247 V                   ; 2.85 V              ; -0.0711 V           ; 0.204 V                              ; 0.181 V                              ; 4.55e-10 s                  ; 4.49e-10 s                  ; No                         ; No                         ; 2.75 V                      ; 0.000247 V                  ; 2.85 V             ; -0.0711 V          ; 0.204 V                             ; 0.181 V                             ; 4.55e-10 s                 ; 4.49e-10 s                 ; No                        ; No                        ;
; out[137]    ; 2.5 V        ; 0 s                 ; 0 s                 ; 2.75 V                       ; 0.000213 V                   ; 2.79 V              ; -0.0324 V           ; 0.139 V                              ; 0.119 V                              ; 4.42e-10 s                  ; 4.33e-10 s                  ; No                         ; Yes                        ; 2.75 V                      ; 0.000213 V                  ; 2.79 V             ; -0.0324 V          ; 0.139 V                             ; 0.119 V                             ; 4.42e-10 s                 ; 4.33e-10 s                 ; No                        ; Yes                       ;
; out[138]    ; 2.5 V        ; 0 s                 ; 0 s                 ; 2.75 V                       ; 0.000213 V                   ; 2.79 V              ; -0.0324 V           ; 0.139 V                              ; 0.119 V                              ; 4.42e-10 s                  ; 4.33e-10 s                  ; No                         ; Yes                        ; 2.75 V                      ; 0.000213 V                  ; 2.79 V             ; -0.0324 V          ; 0.139 V                             ; 0.119 V                             ; 4.42e-10 s                 ; 4.33e-10 s                 ; No                        ; Yes                       ;
; out[139]    ; 2.5 V        ; 0 s                 ; 0 s                 ; 2.75 V                       ; 0.000247 V                   ; 2.85 V              ; -0.0711 V           ; 0.204 V                              ; 0.181 V                              ; 4.55e-10 s                  ; 4.49e-10 s                  ; No                         ; No                         ; 2.75 V                      ; 0.000247 V                  ; 2.85 V             ; -0.0711 V          ; 0.204 V                             ; 0.181 V                             ; 4.55e-10 s                 ; 4.49e-10 s                 ; No                        ; No                        ;
; out[140]    ; 2.5 V        ; 0 s                 ; 0 s                 ; 2.75 V                       ; 0.000213 V                   ; 2.79 V              ; -0.0324 V           ; 0.139 V                              ; 0.119 V                              ; 4.42e-10 s                  ; 4.33e-10 s                  ; No                         ; Yes                        ; 2.75 V                      ; 0.000213 V                  ; 2.79 V             ; -0.0324 V          ; 0.139 V                             ; 0.119 V                             ; 4.42e-10 s                 ; 4.33e-10 s                 ; No                        ; Yes                       ;
; out[141]    ; 2.5 V        ; 0 s                 ; 0 s                 ; 2.75 V                       ; 0.000242 V                   ; 2.86 V              ; -0.0814 V           ; 0.36 V                               ; 0.156 V                              ; 3e-10 s                     ; 4.34e-10 s                  ; No                         ; No                         ; 2.75 V                      ; 0.000242 V                  ; 2.86 V             ; -0.0814 V          ; 0.36 V                              ; 0.156 V                             ; 3e-10 s                    ; 4.34e-10 s                 ; No                        ; No                        ;
; out[142]    ; 2.5 V        ; 0 s                 ; 0 s                 ; 2.75 V                       ; 0.000242 V                   ; 2.86 V              ; -0.0805 V           ; 0.358 V                              ; 0.156 V                              ; 3.01e-10 s                  ; 4.34e-10 s                  ; No                         ; No                         ; 2.75 V                      ; 0.000242 V                  ; 2.86 V             ; -0.0805 V          ; 0.358 V                             ; 0.156 V                             ; 3.01e-10 s                 ; 4.34e-10 s                 ; No                        ; No                        ;
; out[143]    ; 2.5 V        ; 0 s                 ; 0 s                 ; 2.75 V                       ; 0.000213 V                   ; 2.79 V              ; -0.0324 V           ; 0.139 V                              ; 0.119 V                              ; 4.42e-10 s                  ; 4.33e-10 s                  ; No                         ; Yes                        ; 2.75 V                      ; 0.000213 V                  ; 2.79 V             ; -0.0324 V          ; 0.139 V                             ; 0.119 V                             ; 4.42e-10 s                 ; 4.33e-10 s                 ; No                        ; Yes                       ;
; out[144]    ; 2.5 V        ; 0 s                 ; 0 s                 ; 2.75 V                       ; 0.000247 V                   ; 2.85 V              ; -0.0711 V           ; 0.204 V                              ; 0.181 V                              ; 4.55e-10 s                  ; 4.49e-10 s                  ; No                         ; No                         ; 2.75 V                      ; 0.000247 V                  ; 2.85 V             ; -0.0711 V          ; 0.204 V                             ; 0.181 V                             ; 4.55e-10 s                 ; 4.49e-10 s                 ; No                        ; No                        ;
; out[145]    ; 2.5 V        ; 0 s                 ; 0 s                 ; 2.75 V                       ; 0.000242 V                   ; 2.86 V              ; -0.0805 V           ; 0.358 V                              ; 0.156 V                              ; 3.01e-10 s                  ; 4.34e-10 s                  ; No                         ; No                         ; 2.75 V                      ; 0.000242 V                  ; 2.86 V             ; -0.0805 V          ; 0.358 V                             ; 0.156 V                             ; 3.01e-10 s                 ; 4.34e-10 s                 ; No                        ; No                        ;
; out[146]    ; 2.5 V        ; 0 s                 ; 0 s                 ; 2.75 V                       ; 0.000242 V                   ; 2.86 V              ; -0.0805 V           ; 0.358 V                              ; 0.156 V                              ; 3.01e-10 s                  ; 4.34e-10 s                  ; No                         ; No                         ; 2.75 V                      ; 0.000242 V                  ; 2.86 V             ; -0.0805 V          ; 0.358 V                             ; 0.156 V                             ; 3.01e-10 s                 ; 4.34e-10 s                 ; No                        ; No                        ;
; out[147]    ; 2.5 V        ; 0 s                 ; 0 s                 ; 2.75 V                       ; 0.000213 V                   ; 2.79 V              ; -0.0324 V           ; 0.139 V                              ; 0.119 V                              ; 4.42e-10 s                  ; 4.33e-10 s                  ; No                         ; Yes                        ; 2.75 V                      ; 0.000213 V                  ; 2.79 V             ; -0.0324 V          ; 0.139 V                             ; 0.119 V                             ; 4.42e-10 s                 ; 4.33e-10 s                 ; No                        ; Yes                       ;
; out[148]    ; 2.5 V        ; 0 s                 ; 0 s                 ; 2.75 V                       ; 0.000247 V                   ; 2.85 V              ; -0.0711 V           ; 0.204 V                              ; 0.181 V                              ; 4.55e-10 s                  ; 4.49e-10 s                  ; No                         ; No                         ; 2.75 V                      ; 0.000247 V                  ; 2.85 V             ; -0.0711 V          ; 0.204 V                             ; 0.181 V                             ; 4.55e-10 s                 ; 4.49e-10 s                 ; No                        ; No                        ;
; out[149]    ; 2.5 V        ; 0 s                 ; 0 s                 ; 2.75 V                       ; 0.000247 V                   ; 2.85 V              ; -0.0711 V           ; 0.204 V                              ; 0.181 V                              ; 4.55e-10 s                  ; 4.49e-10 s                  ; No                         ; No                         ; 2.75 V                      ; 0.000247 V                  ; 2.85 V             ; -0.0711 V          ; 0.204 V                             ; 0.181 V                             ; 4.55e-10 s                 ; 4.49e-10 s                 ; No                        ; No                        ;
; out[150]    ; 2.5 V        ; 0 s                 ; 0 s                 ; 2.75 V                       ; 0.000242 V                   ; 2.86 V              ; -0.0805 V           ; 0.358 V                              ; 0.156 V                              ; 3.01e-10 s                  ; 4.34e-10 s                  ; No                         ; No                         ; 2.75 V                      ; 0.000242 V                  ; 2.86 V             ; -0.0805 V          ; 0.358 V                             ; 0.156 V                             ; 3.01e-10 s                 ; 4.34e-10 s                 ; No                        ; No                        ;
; out[151]    ; 2.5 V        ; 0 s                 ; 0 s                 ; 2.75 V                       ; 0.000242 V                   ; 2.86 V              ; -0.0814 V           ; 0.36 V                               ; 0.156 V                              ; 3e-10 s                     ; 4.34e-10 s                  ; No                         ; No                         ; 2.75 V                      ; 0.000242 V                  ; 2.86 V             ; -0.0814 V          ; 0.36 V                              ; 0.156 V                             ; 3e-10 s                    ; 4.34e-10 s                 ; No                        ; No                        ;
; out[152]    ; 2.5 V        ; 0 s                 ; 0 s                 ; 2.75 V                       ; 0.000213 V                   ; 2.79 V              ; -0.0324 V           ; 0.139 V                              ; 0.119 V                              ; 4.42e-10 s                  ; 4.33e-10 s                  ; No                         ; Yes                        ; 2.75 V                      ; 0.000213 V                  ; 2.79 V             ; -0.0324 V          ; 0.139 V                             ; 0.119 V                             ; 4.42e-10 s                 ; 4.33e-10 s                 ; No                        ; Yes                       ;
; out[153]    ; 2.5 V        ; 0 s                 ; 0 s                 ; 2.75 V                       ; 0.000242 V                   ; 2.86 V              ; -0.0805 V           ; 0.358 V                              ; 0.156 V                              ; 3.01e-10 s                  ; 4.34e-10 s                  ; No                         ; No                         ; 2.75 V                      ; 0.000242 V                  ; 2.86 V             ; -0.0805 V          ; 0.358 V                             ; 0.156 V                             ; 3.01e-10 s                 ; 4.34e-10 s                 ; No                        ; No                        ;
; out[154]    ; 2.5 V        ; 0 s                 ; 0 s                 ; 2.75 V                       ; 0.000242 V                   ; 2.86 V              ; -0.0814 V           ; 0.36 V                               ; 0.156 V                              ; 3e-10 s                     ; 4.34e-10 s                  ; No                         ; No                         ; 2.75 V                      ; 0.000242 V                  ; 2.86 V             ; -0.0814 V          ; 0.36 V                              ; 0.156 V                             ; 3e-10 s                    ; 4.34e-10 s                 ; No                        ; No                        ;
; out[155]    ; 2.5 V        ; 0 s                 ; 0 s                 ; 2.75 V                       ; 0.000247 V                   ; 2.85 V              ; -0.0711 V           ; 0.204 V                              ; 0.181 V                              ; 4.55e-10 s                  ; 4.49e-10 s                  ; No                         ; No                         ; 2.75 V                      ; 0.000247 V                  ; 2.85 V             ; -0.0711 V          ; 0.204 V                             ; 0.181 V                             ; 4.55e-10 s                 ; 4.49e-10 s                 ; No                        ; No                        ;
; out[156]    ; 2.5 V        ; 0 s                 ; 0 s                 ; 2.75 V                       ; 0.000242 V                   ; 2.86 V              ; -0.0805 V           ; 0.358 V                              ; 0.156 V                              ; 3.01e-10 s                  ; 4.34e-10 s                  ; No                         ; No                         ; 2.75 V                      ; 0.000242 V                  ; 2.86 V             ; -0.0805 V          ; 0.358 V                             ; 0.156 V                             ; 3.01e-10 s                 ; 4.34e-10 s                 ; No                        ; No                        ;
; out[157]    ; 2.5 V        ; 0 s                 ; 0 s                 ; 2.75 V                       ; 0.000247 V                   ; 2.85 V              ; -0.0711 V           ; 0.204 V                              ; 0.181 V                              ; 4.55e-10 s                  ; 4.49e-10 s                  ; No                         ; No                         ; 2.75 V                      ; 0.000247 V                  ; 2.85 V             ; -0.0711 V          ; 0.204 V                             ; 0.181 V                             ; 4.55e-10 s                 ; 4.49e-10 s                 ; No                        ; No                        ;
; out[158]    ; 2.5 V        ; 0 s                 ; 0 s                 ; 2.75 V                       ; 0.000242 V                   ; 2.86 V              ; -0.0805 V           ; 0.358 V                              ; 0.156 V                              ; 3.01e-10 s                  ; 4.34e-10 s                  ; No                         ; No                         ; 2.75 V                      ; 0.000242 V                  ; 2.86 V             ; -0.0805 V          ; 0.358 V                             ; 0.156 V                             ; 3.01e-10 s                 ; 4.34e-10 s                 ; No                        ; No                        ;
; out[159]    ; 2.5 V        ; 0 s                 ; 0 s                 ; 2.75 V                       ; 0.000242 V                   ; 2.86 V              ; -0.0805 V           ; 0.358 V                              ; 0.156 V                              ; 3.01e-10 s                  ; 4.34e-10 s                  ; No                         ; No                         ; 2.75 V                      ; 0.000242 V                  ; 2.86 V             ; -0.0805 V          ; 0.358 V                             ; 0.156 V                             ; 3.01e-10 s                 ; 4.34e-10 s                 ; No                        ; No                        ;
; out[160]    ; 2.5 V        ; 0 s                 ; 0 s                 ; 2.75 V                       ; 0.000242 V                   ; 2.86 V              ; -0.0814 V           ; 0.36 V                               ; 0.156 V                              ; 3e-10 s                     ; 4.34e-10 s                  ; No                         ; No                         ; 2.75 V                      ; 0.000242 V                  ; 2.86 V             ; -0.0814 V          ; 0.36 V                              ; 0.156 V                             ; 3e-10 s                    ; 4.34e-10 s                 ; No                        ; No                        ;
; out[161]    ; 2.5 V        ; 0 s                 ; 0 s                 ; 2.75 V                       ; 0.000242 V                   ; 2.86 V              ; -0.0814 V           ; 0.36 V                               ; 0.156 V                              ; 3e-10 s                     ; 4.34e-10 s                  ; No                         ; No                         ; 2.75 V                      ; 0.000242 V                  ; 2.86 V             ; -0.0814 V          ; 0.36 V                              ; 0.156 V                             ; 3e-10 s                    ; 4.34e-10 s                 ; No                        ; No                        ;
; out[162]    ; 2.5 V        ; 0 s                 ; 0 s                 ; 2.75 V                       ; 0.000213 V                   ; 2.79 V              ; -0.0324 V           ; 0.139 V                              ; 0.119 V                              ; 4.42e-10 s                  ; 4.33e-10 s                  ; No                         ; Yes                        ; 2.75 V                      ; 0.000213 V                  ; 2.79 V             ; -0.0324 V          ; 0.139 V                             ; 0.119 V                             ; 4.42e-10 s                 ; 4.33e-10 s                 ; No                        ; Yes                       ;
; out[163]    ; 2.5 V        ; 0 s                 ; 0 s                 ; 2.75 V                       ; 0.000242 V                   ; 2.86 V              ; -0.0814 V           ; 0.36 V                               ; 0.156 V                              ; 3e-10 s                     ; 4.34e-10 s                  ; No                         ; No                         ; 2.75 V                      ; 0.000242 V                  ; 2.86 V             ; -0.0814 V          ; 0.36 V                              ; 0.156 V                             ; 3e-10 s                    ; 4.34e-10 s                 ; No                        ; No                        ;
; out[164]    ; 2.5 V        ; 0 s                 ; 0 s                 ; 2.75 V                       ; 0.000242 V                   ; 2.86 V              ; -0.0805 V           ; 0.358 V                              ; 0.156 V                              ; 3.01e-10 s                  ; 4.34e-10 s                  ; No                         ; No                         ; 2.75 V                      ; 0.000242 V                  ; 2.86 V             ; -0.0805 V          ; 0.358 V                             ; 0.156 V                             ; 3.01e-10 s                 ; 4.34e-10 s                 ; No                        ; No                        ;
; out[165]    ; 2.5 V        ; 0 s                 ; 0 s                 ; 2.75 V                       ; 0.000213 V                   ; 2.79 V              ; -0.0324 V           ; 0.139 V                              ; 0.119 V                              ; 4.42e-10 s                  ; 4.33e-10 s                  ; No                         ; Yes                        ; 2.75 V                      ; 0.000213 V                  ; 2.79 V             ; -0.0324 V          ; 0.139 V                             ; 0.119 V                             ; 4.42e-10 s                 ; 4.33e-10 s                 ; No                        ; Yes                       ;
; out[166]    ; 2.5 V        ; 0 s                 ; 0 s                 ; 2.75 V                       ; 0.000242 V                   ; 2.86 V              ; -0.0814 V           ; 0.36 V                               ; 0.156 V                              ; 3e-10 s                     ; 4.34e-10 s                  ; No                         ; No                         ; 2.75 V                      ; 0.000242 V                  ; 2.86 V             ; -0.0814 V          ; 0.36 V                              ; 0.156 V                             ; 3e-10 s                    ; 4.34e-10 s                 ; No                        ; No                        ;
; out[167]    ; 2.5 V        ; 0 s                 ; 0 s                 ; 2.75 V                       ; 0.000247 V                   ; 2.85 V              ; -0.0711 V           ; 0.204 V                              ; 0.181 V                              ; 4.55e-10 s                  ; 4.49e-10 s                  ; No                         ; No                         ; 2.75 V                      ; 0.000247 V                  ; 2.85 V             ; -0.0711 V          ; 0.204 V                             ; 0.181 V                             ; 4.55e-10 s                 ; 4.49e-10 s                 ; No                        ; No                        ;
; out[168]    ; 2.5 V        ; 0 s                 ; 0 s                 ; 2.75 V                       ; 0.000247 V                   ; 2.85 V              ; -0.0711 V           ; 0.204 V                              ; 0.181 V                              ; 4.55e-10 s                  ; 4.49e-10 s                  ; No                         ; No                         ; 2.75 V                      ; 0.000247 V                  ; 2.85 V             ; -0.0711 V          ; 0.204 V                             ; 0.181 V                             ; 4.55e-10 s                 ; 4.49e-10 s                 ; No                        ; No                        ;
; out[169]    ; 2.5 V        ; 0 s                 ; 0 s                 ; 2.75 V                       ; 0.000247 V                   ; 2.85 V              ; -0.0711 V           ; 0.204 V                              ; 0.181 V                              ; 4.55e-10 s                  ; 4.49e-10 s                  ; No                         ; No                         ; 2.75 V                      ; 0.000247 V                  ; 2.85 V             ; -0.0711 V          ; 0.204 V                             ; 0.181 V                             ; 4.55e-10 s                 ; 4.49e-10 s                 ; No                        ; No                        ;
; out[170]    ; 2.5 V        ; 0 s                 ; 0 s                 ; 2.75 V                       ; 0.000213 V                   ; 2.79 V              ; -0.0324 V           ; 0.139 V                              ; 0.119 V                              ; 4.42e-10 s                  ; 4.33e-10 s                  ; No                         ; Yes                        ; 2.75 V                      ; 0.000213 V                  ; 2.79 V             ; -0.0324 V          ; 0.139 V                             ; 0.119 V                             ; 4.42e-10 s                 ; 4.33e-10 s                 ; No                        ; Yes                       ;
; out[171]    ; 2.5 V        ; 0 s                 ; 0 s                 ; 2.75 V                       ; 0.000242 V                   ; 2.86 V              ; -0.0805 V           ; 0.358 V                              ; 0.156 V                              ; 3.01e-10 s                  ; 4.34e-10 s                  ; No                         ; No                         ; 2.75 V                      ; 0.000242 V                  ; 2.86 V             ; -0.0805 V          ; 0.358 V                             ; 0.156 V                             ; 3.01e-10 s                 ; 4.34e-10 s                 ; No                        ; No                        ;
; out[172]    ; 2.5 V        ; 0 s                 ; 0 s                 ; 2.75 V                       ; 0.000213 V                   ; 2.79 V              ; -0.0324 V           ; 0.139 V                              ; 0.119 V                              ; 4.42e-10 s                  ; 4.33e-10 s                  ; No                         ; Yes                        ; 2.75 V                      ; 0.000213 V                  ; 2.79 V             ; -0.0324 V          ; 0.139 V                             ; 0.119 V                             ; 4.42e-10 s                 ; 4.33e-10 s                 ; No                        ; Yes                       ;
; out[173]    ; 2.5 V        ; 0 s                 ; 0 s                 ; 2.75 V                       ; 0.000242 V                   ; 2.86 V              ; -0.0805 V           ; 0.358 V                              ; 0.156 V                              ; 3.01e-10 s                  ; 4.34e-10 s                  ; No                         ; No                         ; 2.75 V                      ; 0.000242 V                  ; 2.86 V             ; -0.0805 V          ; 0.358 V                             ; 0.156 V                             ; 3.01e-10 s                 ; 4.34e-10 s                 ; No                        ; No                        ;
; out[174]    ; 2.5 V        ; 0 s                 ; 0 s                 ; 2.75 V                       ; 0.000213 V                   ; 2.79 V              ; -0.0324 V           ; 0.139 V                              ; 0.119 V                              ; 4.42e-10 s                  ; 4.33e-10 s                  ; No                         ; Yes                        ; 2.75 V                      ; 0.000213 V                  ; 2.79 V             ; -0.0324 V          ; 0.139 V                             ; 0.119 V                             ; 4.42e-10 s                 ; 4.33e-10 s                 ; No                        ; Yes                       ;
; out[175]    ; 2.5 V        ; 0 s                 ; 0 s                 ; 2.75 V                       ; 0.000242 V                   ; 2.86 V              ; -0.0805 V           ; 0.358 V                              ; 0.156 V                              ; 3.01e-10 s                  ; 4.34e-10 s                  ; No                         ; No                         ; 2.75 V                      ; 0.000242 V                  ; 2.86 V             ; -0.0805 V          ; 0.358 V                             ; 0.156 V                             ; 3.01e-10 s                 ; 4.34e-10 s                 ; No                        ; No                        ;
; out[176]    ; 2.5 V        ; 0 s                 ; 0 s                 ; 2.75 V                       ; 0.000242 V                   ; 2.86 V              ; -0.0805 V           ; 0.358 V                              ; 0.156 V                              ; 3.01e-10 s                  ; 4.34e-10 s                  ; No                         ; No                         ; 2.75 V                      ; 0.000242 V                  ; 2.86 V             ; -0.0805 V          ; 0.358 V                             ; 0.156 V                             ; 3.01e-10 s                 ; 4.34e-10 s                 ; No                        ; No                        ;
; out[177]    ; 2.5 V        ; 0 s                 ; 0 s                 ; 2.75 V                       ; 0.000242 V                   ; 2.86 V              ; -0.0814 V           ; 0.36 V                               ; 0.156 V                              ; 3e-10 s                     ; 4.34e-10 s                  ; No                         ; No                         ; 2.75 V                      ; 0.000242 V                  ; 2.86 V             ; -0.0814 V          ; 0.36 V                              ; 0.156 V                             ; 3e-10 s                    ; 4.34e-10 s                 ; No                        ; No                        ;
; out[178]    ; 2.5 V        ; 0 s                 ; 0 s                 ; 2.75 V                       ; 0.000242 V                   ; 2.86 V              ; -0.0814 V           ; 0.36 V                               ; 0.156 V                              ; 3e-10 s                     ; 4.34e-10 s                  ; No                         ; No                         ; 2.75 V                      ; 0.000242 V                  ; 2.86 V             ; -0.0814 V          ; 0.36 V                              ; 0.156 V                             ; 3e-10 s                    ; 4.34e-10 s                 ; No                        ; No                        ;
; out[179]    ; 2.5 V        ; 0 s                 ; 0 s                 ; 2.75 V                       ; 0.000242 V                   ; 2.86 V              ; -0.0805 V           ; 0.358 V                              ; 0.156 V                              ; 3.01e-10 s                  ; 4.34e-10 s                  ; No                         ; No                         ; 2.75 V                      ; 0.000242 V                  ; 2.86 V             ; -0.0805 V          ; 0.358 V                             ; 0.156 V                             ; 3.01e-10 s                 ; 4.34e-10 s                 ; No                        ; No                        ;
; out[180]    ; 2.5 V        ; 0 s                 ; 0 s                 ; 2.75 V                       ; 0.000213 V                   ; 2.79 V              ; -0.0324 V           ; 0.139 V                              ; 0.119 V                              ; 4.42e-10 s                  ; 4.33e-10 s                  ; No                         ; Yes                        ; 2.75 V                      ; 0.000213 V                  ; 2.79 V             ; -0.0324 V          ; 0.139 V                             ; 0.119 V                             ; 4.42e-10 s                 ; 4.33e-10 s                 ; No                        ; Yes                       ;
; out[181]    ; 2.5 V        ; 0 s                 ; 0 s                 ; 2.75 V                       ; 0.000213 V                   ; 2.79 V              ; -0.0324 V           ; 0.139 V                              ; 0.119 V                              ; 4.42e-10 s                  ; 4.33e-10 s                  ; No                         ; Yes                        ; 2.75 V                      ; 0.000213 V                  ; 2.79 V             ; -0.0324 V          ; 0.139 V                             ; 0.119 V                             ; 4.42e-10 s                 ; 4.33e-10 s                 ; No                        ; Yes                       ;
; out[182]    ; 2.5 V        ; 0 s                 ; 0 s                 ; 2.75 V                       ; 0.000242 V                   ; 2.86 V              ; -0.0805 V           ; 0.358 V                              ; 0.156 V                              ; 3.01e-10 s                  ; 4.34e-10 s                  ; No                         ; No                         ; 2.75 V                      ; 0.000242 V                  ; 2.86 V             ; -0.0805 V          ; 0.358 V                             ; 0.156 V                             ; 3.01e-10 s                 ; 4.34e-10 s                 ; No                        ; No                        ;
; out[183]    ; 2.5 V        ; 0 s                 ; 0 s                 ; 2.75 V                       ; 0.000242 V                   ; 2.86 V              ; -0.0814 V           ; 0.36 V                               ; 0.156 V                              ; 3e-10 s                     ; 4.34e-10 s                  ; No                         ; No                         ; 2.75 V                      ; 0.000242 V                  ; 2.86 V             ; -0.0814 V          ; 0.36 V                              ; 0.156 V                             ; 3e-10 s                    ; 4.34e-10 s                 ; No                        ; No                        ;
; out[184]    ; 2.5 V        ; 0 s                 ; 0 s                 ; 2.75 V                       ; 0.000247 V                   ; 2.85 V              ; -0.0711 V           ; 0.204 V                              ; 0.181 V                              ; 4.55e-10 s                  ; 4.49e-10 s                  ; No                         ; No                         ; 2.75 V                      ; 0.000247 V                  ; 2.85 V             ; -0.0711 V          ; 0.204 V                             ; 0.181 V                             ; 4.55e-10 s                 ; 4.49e-10 s                 ; No                        ; No                        ;
; out[185]    ; 2.5 V        ; 0 s                 ; 0 s                 ; 2.75 V                       ; 0.000247 V                   ; 2.85 V              ; -0.0711 V           ; 0.204 V                              ; 0.181 V                              ; 4.55e-10 s                  ; 4.49e-10 s                  ; No                         ; No                         ; 2.75 V                      ; 0.000247 V                  ; 2.85 V             ; -0.0711 V          ; 0.204 V                             ; 0.181 V                             ; 4.55e-10 s                 ; 4.49e-10 s                 ; No                        ; No                        ;
; out[186]    ; 2.5 V        ; 0 s                 ; 0 s                 ; 2.75 V                       ; 0.000247 V                   ; 2.85 V              ; -0.0711 V           ; 0.204 V                              ; 0.181 V                              ; 4.55e-10 s                  ; 4.49e-10 s                  ; No                         ; No                         ; 2.75 V                      ; 0.000247 V                  ; 2.85 V             ; -0.0711 V          ; 0.204 V                             ; 0.181 V                             ; 4.55e-10 s                 ; 4.49e-10 s                 ; No                        ; No                        ;
; out[187]    ; 2.5 V        ; 0 s                 ; 0 s                 ; 2.75 V                       ; 0.000242 V                   ; 2.86 V              ; -0.0805 V           ; 0.358 V                              ; 0.156 V                              ; 3.01e-10 s                  ; 4.34e-10 s                  ; No                         ; No                         ; 2.75 V                      ; 0.000242 V                  ; 2.86 V             ; -0.0805 V          ; 0.358 V                             ; 0.156 V                             ; 3.01e-10 s                 ; 4.34e-10 s                 ; No                        ; No                        ;
; out[188]    ; 2.5 V        ; 0 s                 ; 0 s                 ; 2.75 V                       ; 0.000242 V                   ; 2.86 V              ; -0.0805 V           ; 0.358 V                              ; 0.156 V                              ; 3.01e-10 s                  ; 4.34e-10 s                  ; No                         ; No                         ; 2.75 V                      ; 0.000242 V                  ; 2.86 V             ; -0.0805 V          ; 0.358 V                             ; 0.156 V                             ; 3.01e-10 s                 ; 4.34e-10 s                 ; No                        ; No                        ;
; out[189]    ; 2.5 V        ; 0 s                 ; 0 s                 ; 2.75 V                       ; 0.000247 V                   ; 2.85 V              ; -0.0711 V           ; 0.204 V                              ; 0.181 V                              ; 4.55e-10 s                  ; 4.49e-10 s                  ; No                         ; No                         ; 2.75 V                      ; 0.000247 V                  ; 2.85 V             ; -0.0711 V          ; 0.204 V                             ; 0.181 V                             ; 4.55e-10 s                 ; 4.49e-10 s                 ; No                        ; No                        ;
; out[190]    ; 2.5 V        ; 0 s                 ; 0 s                 ; 2.75 V                       ; 0.000213 V                   ; 2.79 V              ; -0.0324 V           ; 0.139 V                              ; 0.119 V                              ; 4.42e-10 s                  ; 4.33e-10 s                  ; No                         ; Yes                        ; 2.75 V                      ; 0.000213 V                  ; 2.79 V             ; -0.0324 V          ; 0.139 V                             ; 0.119 V                             ; 4.42e-10 s                 ; 4.33e-10 s                 ; No                        ; Yes                       ;
; out[191]    ; 2.5 V        ; 0 s                 ; 0 s                 ; 2.75 V                       ; 0.000242 V                   ; 2.86 V              ; -0.0814 V           ; 0.36 V                               ; 0.156 V                              ; 3e-10 s                     ; 4.34e-10 s                  ; No                         ; No                         ; 2.75 V                      ; 0.000242 V                  ; 2.86 V             ; -0.0814 V          ; 0.36 V                              ; 0.156 V                             ; 3e-10 s                    ; 4.34e-10 s                 ; No                        ; No                        ;
; out[192]    ; 2.5 V        ; 0 s                 ; 0 s                 ; 2.75 V                       ; 0.000242 V                   ; 2.86 V              ; -0.0814 V           ; 0.36 V                               ; 0.156 V                              ; 3e-10 s                     ; 4.34e-10 s                  ; No                         ; No                         ; 2.75 V                      ; 0.000242 V                  ; 2.86 V             ; -0.0814 V          ; 0.36 V                              ; 0.156 V                             ; 3e-10 s                    ; 4.34e-10 s                 ; No                        ; No                        ;
; out[193]    ; 2.5 V        ; 0 s                 ; 0 s                 ; 2.75 V                       ; 0.000242 V                   ; 2.86 V              ; -0.0814 V           ; 0.36 V                               ; 0.156 V                              ; 3e-10 s                     ; 4.34e-10 s                  ; No                         ; No                         ; 2.75 V                      ; 0.000242 V                  ; 2.86 V             ; -0.0814 V          ; 0.36 V                              ; 0.156 V                             ; 3e-10 s                    ; 4.34e-10 s                 ; No                        ; No                        ;
; out[194]    ; 2.5 V        ; 0 s                 ; 0 s                 ; 2.75 V                       ; 0.000242 V                   ; 2.86 V              ; -0.0805 V           ; 0.358 V                              ; 0.156 V                              ; 3.01e-10 s                  ; 4.34e-10 s                  ; No                         ; No                         ; 2.75 V                      ; 0.000242 V                  ; 2.86 V             ; -0.0805 V          ; 0.358 V                             ; 0.156 V                             ; 3.01e-10 s                 ; 4.34e-10 s                 ; No                        ; No                        ;
; out[195]    ; 2.5 V        ; 0 s                 ; 0 s                 ; 2.75 V                       ; 0.000213 V                   ; 2.79 V              ; -0.0324 V           ; 0.139 V                              ; 0.119 V                              ; 4.42e-10 s                  ; 4.33e-10 s                  ; No                         ; Yes                        ; 2.75 V                      ; 0.000213 V                  ; 2.79 V             ; -0.0324 V          ; 0.139 V                             ; 0.119 V                             ; 4.42e-10 s                 ; 4.33e-10 s                 ; No                        ; Yes                       ;
; out[196]    ; 2.5 V        ; 0 s                 ; 0 s                 ; 2.75 V                       ; 0.000247 V                   ; 2.85 V              ; -0.0711 V           ; 0.204 V                              ; 0.181 V                              ; 4.55e-10 s                  ; 4.49e-10 s                  ; No                         ; No                         ; 2.75 V                      ; 0.000247 V                  ; 2.85 V             ; -0.0711 V          ; 0.204 V                             ; 0.181 V                             ; 4.55e-10 s                 ; 4.49e-10 s                 ; No                        ; No                        ;
; out[197]    ; 2.5 V        ; 0 s                 ; 0 s                 ; 2.75 V                       ; 0.000213 V                   ; 2.79 V              ; -0.0324 V           ; 0.139 V                              ; 0.119 V                              ; 4.42e-10 s                  ; 4.33e-10 s                  ; No                         ; Yes                        ; 2.75 V                      ; 0.000213 V                  ; 2.79 V             ; -0.0324 V          ; 0.139 V                             ; 0.119 V                             ; 4.42e-10 s                 ; 4.33e-10 s                 ; No                        ; Yes                       ;
; out[198]    ; 2.5 V        ; 0 s                 ; 0 s                 ; 2.75 V                       ; 0.000242 V                   ; 2.86 V              ; -0.0814 V           ; 0.36 V                               ; 0.156 V                              ; 3e-10 s                     ; 4.34e-10 s                  ; No                         ; No                         ; 2.75 V                      ; 0.000242 V                  ; 2.86 V             ; -0.0814 V          ; 0.36 V                              ; 0.156 V                             ; 3e-10 s                    ; 4.34e-10 s                 ; No                        ; No                        ;
; out[199]    ; 2.5 V        ; 0 s                 ; 0 s                 ; 2.75 V                       ; 0.000213 V                   ; 2.79 V              ; -0.0324 V           ; 0.139 V                              ; 0.119 V                              ; 4.42e-10 s                  ; 4.33e-10 s                  ; No                         ; Yes                        ; 2.75 V                      ; 0.000213 V                  ; 2.79 V             ; -0.0324 V          ; 0.139 V                             ; 0.119 V                             ; 4.42e-10 s                 ; 4.33e-10 s                 ; No                        ; Yes                       ;
; out[200]    ; 2.5 V        ; 0 s                 ; 0 s                 ; 2.75 V                       ; 0.000247 V                   ; 2.85 V              ; -0.0711 V           ; 0.204 V                              ; 0.181 V                              ; 4.55e-10 s                  ; 4.49e-10 s                  ; No                         ; No                         ; 2.75 V                      ; 0.000247 V                  ; 2.85 V             ; -0.0711 V          ; 0.204 V                             ; 0.181 V                             ; 4.55e-10 s                 ; 4.49e-10 s                 ; No                        ; No                        ;
; out[201]    ; 2.5 V        ; 0 s                 ; 0 s                 ; 2.75 V                       ; 0.000242 V                   ; 2.86 V              ; -0.0814 V           ; 0.36 V                               ; 0.156 V                              ; 3e-10 s                     ; 4.34e-10 s                  ; No                         ; No                         ; 2.75 V                      ; 0.000242 V                  ; 2.86 V             ; -0.0814 V          ; 0.36 V                              ; 0.156 V                             ; 3e-10 s                    ; 4.34e-10 s                 ; No                        ; No                        ;
; out[202]    ; 2.5 V        ; 0 s                 ; 0 s                 ; 2.75 V                       ; 0.000247 V                   ; 2.85 V              ; -0.0711 V           ; 0.204 V                              ; 0.181 V                              ; 4.55e-10 s                  ; 4.49e-10 s                  ; No                         ; No                         ; 2.75 V                      ; 0.000247 V                  ; 2.85 V             ; -0.0711 V          ; 0.204 V                             ; 0.181 V                             ; 4.55e-10 s                 ; 4.49e-10 s                 ; No                        ; No                        ;
; out[203]    ; 2.5 V        ; 0 s                 ; 0 s                 ; 2.75 V                       ; 0.000242 V                   ; 2.86 V              ; -0.0814 V           ; 0.36 V                               ; 0.156 V                              ; 3e-10 s                     ; 4.34e-10 s                  ; No                         ; No                         ; 2.75 V                      ; 0.000242 V                  ; 2.86 V             ; -0.0814 V          ; 0.36 V                              ; 0.156 V                             ; 3e-10 s                    ; 4.34e-10 s                 ; No                        ; No                        ;
; out[204]    ; 2.5 V        ; 0 s                 ; 0 s                 ; 2.75 V                       ; 0.000247 V                   ; 2.85 V              ; -0.0711 V           ; 0.204 V                              ; 0.181 V                              ; 4.55e-10 s                  ; 4.49e-10 s                  ; No                         ; No                         ; 2.75 V                      ; 0.000247 V                  ; 2.85 V             ; -0.0711 V          ; 0.204 V                             ; 0.181 V                             ; 4.55e-10 s                 ; 4.49e-10 s                 ; No                        ; No                        ;
; out[205]    ; 2.5 V        ; 0 s                 ; 0 s                 ; 2.75 V                       ; 0.000242 V                   ; 2.86 V              ; -0.0814 V           ; 0.36 V                               ; 0.156 V                              ; 3e-10 s                     ; 4.34e-10 s                  ; No                         ; No                         ; 2.75 V                      ; 0.000242 V                  ; 2.86 V             ; -0.0814 V          ; 0.36 V                              ; 0.156 V                             ; 3e-10 s                    ; 4.34e-10 s                 ; No                        ; No                        ;
; out[206]    ; 2.5 V        ; 0 s                 ; 0 s                 ; 2.75 V                       ; 0.000242 V                   ; 2.86 V              ; -0.0814 V           ; 0.36 V                               ; 0.156 V                              ; 3e-10 s                     ; 4.34e-10 s                  ; No                         ; No                         ; 2.75 V                      ; 0.000242 V                  ; 2.86 V             ; -0.0814 V          ; 0.36 V                              ; 0.156 V                             ; 3e-10 s                    ; 4.34e-10 s                 ; No                        ; No                        ;
; out[207]    ; 2.5 V        ; 0 s                 ; 0 s                 ; 2.75 V                       ; 0.000213 V                   ; 2.79 V              ; -0.0324 V           ; 0.139 V                              ; 0.119 V                              ; 4.42e-10 s                  ; 4.33e-10 s                  ; No                         ; Yes                        ; 2.75 V                      ; 0.000213 V                  ; 2.79 V             ; -0.0324 V          ; 0.139 V                             ; 0.119 V                             ; 4.42e-10 s                 ; 4.33e-10 s                 ; No                        ; Yes                       ;
; out[208]    ; 2.5 V        ; 0 s                 ; 0 s                 ; 2.75 V                       ; 0.000213 V                   ; 2.79 V              ; -0.0324 V           ; 0.139 V                              ; 0.119 V                              ; 4.42e-10 s                  ; 4.33e-10 s                  ; No                         ; Yes                        ; 2.75 V                      ; 0.000213 V                  ; 2.79 V             ; -0.0324 V          ; 0.139 V                             ; 0.119 V                             ; 4.42e-10 s                 ; 4.33e-10 s                 ; No                        ; Yes                       ;
; out[209]    ; 2.5 V        ; 0 s                 ; 0 s                 ; 2.75 V                       ; 0.000242 V                   ; 2.86 V              ; -0.0814 V           ; 0.36 V                               ; 0.156 V                              ; 3e-10 s                     ; 4.34e-10 s                  ; No                         ; No                         ; 2.75 V                      ; 0.000242 V                  ; 2.86 V             ; -0.0814 V          ; 0.36 V                              ; 0.156 V                             ; 3e-10 s                    ; 4.34e-10 s                 ; No                        ; No                        ;
; out[210]    ; 2.5 V        ; 0 s                 ; 0 s                 ; 2.75 V                       ; 0.000213 V                   ; 2.79 V              ; -0.0324 V           ; 0.139 V                              ; 0.119 V                              ; 4.42e-10 s                  ; 4.33e-10 s                  ; No                         ; Yes                        ; 2.75 V                      ; 0.000213 V                  ; 2.79 V             ; -0.0324 V          ; 0.139 V                             ; 0.119 V                             ; 4.42e-10 s                 ; 4.33e-10 s                 ; No                        ; Yes                       ;
; out[211]    ; 2.5 V        ; 0 s                 ; 0 s                 ; 2.75 V                       ; 0.000247 V                   ; 2.85 V              ; -0.0711 V           ; 0.204 V                              ; 0.181 V                              ; 4.55e-10 s                  ; 4.49e-10 s                  ; No                         ; No                         ; 2.75 V                      ; 0.000247 V                  ; 2.85 V             ; -0.0711 V          ; 0.204 V                             ; 0.181 V                             ; 4.55e-10 s                 ; 4.49e-10 s                 ; No                        ; No                        ;
; out[212]    ; 2.5 V        ; 0 s                 ; 0 s                 ; 2.75 V                       ; 0.000213 V                   ; 2.79 V              ; -0.0324 V           ; 0.139 V                              ; 0.119 V                              ; 4.42e-10 s                  ; 4.33e-10 s                  ; No                         ; Yes                        ; 2.75 V                      ; 0.000213 V                  ; 2.79 V             ; -0.0324 V          ; 0.139 V                             ; 0.119 V                             ; 4.42e-10 s                 ; 4.33e-10 s                 ; No                        ; Yes                       ;
; out[213]    ; 2.5 V        ; 0 s                 ; 0 s                 ; 2.75 V                       ; 0.000247 V                   ; 2.85 V              ; -0.0711 V           ; 0.204 V                              ; 0.181 V                              ; 4.55e-10 s                  ; 4.49e-10 s                  ; No                         ; No                         ; 2.75 V                      ; 0.000247 V                  ; 2.85 V             ; -0.0711 V          ; 0.204 V                             ; 0.181 V                             ; 4.55e-10 s                 ; 4.49e-10 s                 ; No                        ; No                        ;
; out[214]    ; 2.5 V        ; 0 s                 ; 0 s                 ; 2.75 V                       ; 0.000242 V                   ; 2.86 V              ; -0.0805 V           ; 0.358 V                              ; 0.156 V                              ; 3.01e-10 s                  ; 4.34e-10 s                  ; No                         ; No                         ; 2.75 V                      ; 0.000242 V                  ; 2.86 V             ; -0.0805 V          ; 0.358 V                             ; 0.156 V                             ; 3.01e-10 s                 ; 4.34e-10 s                 ; No                        ; No                        ;
; out[215]    ; 2.5 V        ; 0 s                 ; 0 s                 ; 2.75 V                       ; 0.000247 V                   ; 2.85 V              ; -0.0711 V           ; 0.204 V                              ; 0.181 V                              ; 4.55e-10 s                  ; 4.49e-10 s                  ; No                         ; No                         ; 2.75 V                      ; 0.000247 V                  ; 2.85 V             ; -0.0711 V          ; 0.204 V                             ; 0.181 V                             ; 4.55e-10 s                 ; 4.49e-10 s                 ; No                        ; No                        ;
; out[216]    ; 2.5 V        ; 0 s                 ; 0 s                 ; 2.75 V                       ; 0.000247 V                   ; 2.85 V              ; -0.0711 V           ; 0.204 V                              ; 0.181 V                              ; 4.55e-10 s                  ; 4.49e-10 s                  ; No                         ; No                         ; 2.75 V                      ; 0.000247 V                  ; 2.85 V             ; -0.0711 V          ; 0.204 V                             ; 0.181 V                             ; 4.55e-10 s                 ; 4.49e-10 s                 ; No                        ; No                        ;
; out[217]    ; 2.5 V        ; 0 s                 ; 0 s                 ; 2.75 V                       ; 0.000242 V                   ; 2.86 V              ; -0.0805 V           ; 0.358 V                              ; 0.156 V                              ; 3.01e-10 s                  ; 4.34e-10 s                  ; No                         ; No                         ; 2.75 V                      ; 0.000242 V                  ; 2.86 V             ; -0.0805 V          ; 0.358 V                             ; 0.156 V                             ; 3.01e-10 s                 ; 4.34e-10 s                 ; No                        ; No                        ;
; out[218]    ; 2.5 V        ; 0 s                 ; 0 s                 ; 2.75 V                       ; 0.000242 V                   ; 2.86 V              ; -0.0805 V           ; 0.358 V                              ; 0.156 V                              ; 3.01e-10 s                  ; 4.34e-10 s                  ; No                         ; No                         ; 2.75 V                      ; 0.000242 V                  ; 2.86 V             ; -0.0805 V          ; 0.358 V                             ; 0.156 V                             ; 3.01e-10 s                 ; 4.34e-10 s                 ; No                        ; No                        ;
; out[219]    ; 2.5 V        ; 0 s                 ; 0 s                 ; 2.75 V                       ; 0.000242 V                   ; 2.86 V              ; -0.0814 V           ; 0.36 V                               ; 0.156 V                              ; 3e-10 s                     ; 4.34e-10 s                  ; No                         ; No                         ; 2.75 V                      ; 0.000242 V                  ; 2.86 V             ; -0.0814 V          ; 0.36 V                              ; 0.156 V                             ; 3e-10 s                    ; 4.34e-10 s                 ; No                        ; No                        ;
; out[220]    ; 2.5 V        ; 0 s                 ; 0 s                 ; 2.75 V                       ; 0.000242 V                   ; 2.86 V              ; -0.0805 V           ; 0.358 V                              ; 0.156 V                              ; 3.01e-10 s                  ; 4.34e-10 s                  ; No                         ; No                         ; 2.75 V                      ; 0.000242 V                  ; 2.86 V             ; -0.0805 V          ; 0.358 V                             ; 0.156 V                             ; 3.01e-10 s                 ; 4.34e-10 s                 ; No                        ; No                        ;
; out[221]    ; 2.5 V        ; 0 s                 ; 0 s                 ; 2.75 V                       ; 0.000247 V                   ; 2.85 V              ; -0.0711 V           ; 0.204 V                              ; 0.181 V                              ; 4.55e-10 s                  ; 4.49e-10 s                  ; No                         ; No                         ; 2.75 V                      ; 0.000247 V                  ; 2.85 V             ; -0.0711 V          ; 0.204 V                             ; 0.181 V                             ; 4.55e-10 s                 ; 4.49e-10 s                 ; No                        ; No                        ;
; out[222]    ; 2.5 V        ; 0 s                 ; 0 s                 ; 2.75 V                       ; 0.000242 V                   ; 2.86 V              ; -0.0805 V           ; 0.358 V                              ; 0.156 V                              ; 3.01e-10 s                  ; 4.34e-10 s                  ; No                         ; No                         ; 2.75 V                      ; 0.000242 V                  ; 2.86 V             ; -0.0805 V          ; 0.358 V                             ; 0.156 V                             ; 3.01e-10 s                 ; 4.34e-10 s                 ; No                        ; No                        ;
; out[223]    ; 2.5 V        ; 0 s                 ; 0 s                 ; 2.75 V                       ; 0.000213 V                   ; 2.79 V              ; -0.0324 V           ; 0.139 V                              ; 0.119 V                              ; 4.42e-10 s                  ; 4.33e-10 s                  ; No                         ; Yes                        ; 2.75 V                      ; 0.000213 V                  ; 2.79 V             ; -0.0324 V          ; 0.139 V                             ; 0.119 V                             ; 4.42e-10 s                 ; 4.33e-10 s                 ; No                        ; Yes                       ;
; out[224]    ; 2.5 V        ; 0 s                 ; 0 s                 ; 2.75 V                       ; 0.000242 V                   ; 2.86 V              ; -0.0814 V           ; 0.36 V                               ; 0.156 V                              ; 3e-10 s                     ; 4.34e-10 s                  ; No                         ; No                         ; 2.75 V                      ; 0.000242 V                  ; 2.86 V             ; -0.0814 V          ; 0.36 V                              ; 0.156 V                             ; 3e-10 s                    ; 4.34e-10 s                 ; No                        ; No                        ;
; out[225]    ; 2.5 V        ; 0 s                 ; 0 s                 ; 2.75 V                       ; 0.000213 V                   ; 2.79 V              ; -0.0324 V           ; 0.139 V                              ; 0.119 V                              ; 4.42e-10 s                  ; 4.33e-10 s                  ; No                         ; Yes                        ; 2.75 V                      ; 0.000213 V                  ; 2.79 V             ; -0.0324 V          ; 0.139 V                             ; 0.119 V                             ; 4.42e-10 s                 ; 4.33e-10 s                 ; No                        ; Yes                       ;
; out[226]    ; 2.5 V        ; 0 s                 ; 0 s                 ; 2.75 V                       ; 0.000247 V                   ; 2.85 V              ; -0.0711 V           ; 0.204 V                              ; 0.181 V                              ; 4.55e-10 s                  ; 4.49e-10 s                  ; No                         ; No                         ; 2.75 V                      ; 0.000247 V                  ; 2.85 V             ; -0.0711 V          ; 0.204 V                             ; 0.181 V                             ; 4.55e-10 s                 ; 4.49e-10 s                 ; No                        ; No                        ;
; out[227]    ; 2.5 V        ; 0 s                 ; 0 s                 ; 2.75 V                       ; 0.000247 V                   ; 2.85 V              ; -0.0711 V           ; 0.204 V                              ; 0.181 V                              ; 4.55e-10 s                  ; 4.49e-10 s                  ; No                         ; No                         ; 2.75 V                      ; 0.000247 V                  ; 2.85 V             ; -0.0711 V          ; 0.204 V                             ; 0.181 V                             ; 4.55e-10 s                 ; 4.49e-10 s                 ; No                        ; No                        ;
; out[228]    ; 2.5 V        ; 0 s                 ; 0 s                 ; 2.75 V                       ; 0.000213 V                   ; 2.79 V              ; -0.0324 V           ; 0.139 V                              ; 0.119 V                              ; 4.42e-10 s                  ; 4.33e-10 s                  ; No                         ; Yes                        ; 2.75 V                      ; 0.000213 V                  ; 2.79 V             ; -0.0324 V          ; 0.139 V                             ; 0.119 V                             ; 4.42e-10 s                 ; 4.33e-10 s                 ; No                        ; Yes                       ;
; out[229]    ; 2.5 V        ; 0 s                 ; 0 s                 ; 2.75 V                       ; 0.000242 V                   ; 2.86 V              ; -0.0814 V           ; 0.36 V                               ; 0.156 V                              ; 3e-10 s                     ; 4.34e-10 s                  ; No                         ; No                         ; 2.75 V                      ; 0.000242 V                  ; 2.86 V             ; -0.0814 V          ; 0.36 V                              ; 0.156 V                             ; 3e-10 s                    ; 4.34e-10 s                 ; No                        ; No                        ;
; out[230]    ; 2.5 V        ; 0 s                 ; 0 s                 ; 2.75 V                       ; 0.000247 V                   ; 2.85 V              ; -0.0711 V           ; 0.204 V                              ; 0.181 V                              ; 4.55e-10 s                  ; 4.49e-10 s                  ; No                         ; No                         ; 2.75 V                      ; 0.000247 V                  ; 2.85 V             ; -0.0711 V          ; 0.204 V                             ; 0.181 V                             ; 4.55e-10 s                 ; 4.49e-10 s                 ; No                        ; No                        ;
; out[231]    ; 2.5 V        ; 0 s                 ; 0 s                 ; 2.75 V                       ; 0.000247 V                   ; 2.85 V              ; -0.0711 V           ; 0.204 V                              ; 0.181 V                              ; 4.55e-10 s                  ; 4.49e-10 s                  ; No                         ; No                         ; 2.75 V                      ; 0.000247 V                  ; 2.85 V             ; -0.0711 V          ; 0.204 V                             ; 0.181 V                             ; 4.55e-10 s                 ; 4.49e-10 s                 ; No                        ; No                        ;
; out[232]    ; 2.5 V        ; 0 s                 ; 0 s                 ; 2.75 V                       ; 0.000213 V                   ; 2.79 V              ; -0.0324 V           ; 0.139 V                              ; 0.119 V                              ; 4.42e-10 s                  ; 4.33e-10 s                  ; No                         ; Yes                        ; 2.75 V                      ; 0.000213 V                  ; 2.79 V             ; -0.0324 V          ; 0.139 V                             ; 0.119 V                             ; 4.42e-10 s                 ; 4.33e-10 s                 ; No                        ; Yes                       ;
; out[233]    ; 2.5 V        ; 0 s                 ; 0 s                 ; 2.75 V                       ; 0.000242 V                   ; 2.86 V              ; -0.0805 V           ; 0.358 V                              ; 0.156 V                              ; 3.01e-10 s                  ; 4.34e-10 s                  ; No                         ; No                         ; 2.75 V                      ; 0.000242 V                  ; 2.86 V             ; -0.0805 V          ; 0.358 V                             ; 0.156 V                             ; 3.01e-10 s                 ; 4.34e-10 s                 ; No                        ; No                        ;
; out[234]    ; 2.5 V        ; 0 s                 ; 0 s                 ; 2.75 V                       ; 0.000213 V                   ; 2.79 V              ; -0.0324 V           ; 0.139 V                              ; 0.119 V                              ; 4.42e-10 s                  ; 4.33e-10 s                  ; No                         ; Yes                        ; 2.75 V                      ; 0.000213 V                  ; 2.79 V             ; -0.0324 V          ; 0.139 V                             ; 0.119 V                             ; 4.42e-10 s                 ; 4.33e-10 s                 ; No                        ; Yes                       ;
; out[235]    ; 2.5 V        ; 0 s                 ; 0 s                 ; 2.75 V                       ; 0.000242 V                   ; 2.86 V              ; -0.0814 V           ; 0.36 V                               ; 0.156 V                              ; 3e-10 s                     ; 4.34e-10 s                  ; No                         ; No                         ; 2.75 V                      ; 0.000242 V                  ; 2.86 V             ; -0.0814 V          ; 0.36 V                              ; 0.156 V                             ; 3e-10 s                    ; 4.34e-10 s                 ; No                        ; No                        ;
; out[236]    ; 2.5 V        ; 0 s                 ; 0 s                 ; 2.75 V                       ; 0.000213 V                   ; 2.79 V              ; -0.0324 V           ; 0.139 V                              ; 0.119 V                              ; 4.42e-10 s                  ; 4.33e-10 s                  ; No                         ; Yes                        ; 2.75 V                      ; 0.000213 V                  ; 2.79 V             ; -0.0324 V          ; 0.139 V                             ; 0.119 V                             ; 4.42e-10 s                 ; 4.33e-10 s                 ; No                        ; Yes                       ;
; out[237]    ; 2.5 V        ; 0 s                 ; 0 s                 ; 2.75 V                       ; 0.000242 V                   ; 2.86 V              ; -0.0805 V           ; 0.358 V                              ; 0.156 V                              ; 3.01e-10 s                  ; 4.34e-10 s                  ; No                         ; No                         ; 2.75 V                      ; 0.000242 V                  ; 2.86 V             ; -0.0805 V          ; 0.358 V                             ; 0.156 V                             ; 3.01e-10 s                 ; 4.34e-10 s                 ; No                        ; No                        ;
; out[238]    ; 2.5 V        ; 0 s                 ; 0 s                 ; 2.75 V                       ; 0.000242 V                   ; 2.86 V              ; -0.0814 V           ; 0.36 V                               ; 0.156 V                              ; 3e-10 s                     ; 4.34e-10 s                  ; No                         ; No                         ; 2.75 V                      ; 0.000242 V                  ; 2.86 V             ; -0.0814 V          ; 0.36 V                              ; 0.156 V                             ; 3e-10 s                    ; 4.34e-10 s                 ; No                        ; No                        ;
; out[239]    ; 2.5 V        ; 0 s                 ; 0 s                 ; 2.75 V                       ; 0.000242 V                   ; 2.86 V              ; -0.0805 V           ; 0.358 V                              ; 0.156 V                              ; 3.01e-10 s                  ; 4.34e-10 s                  ; No                         ; No                         ; 2.75 V                      ; 0.000242 V                  ; 2.86 V             ; -0.0805 V          ; 0.358 V                             ; 0.156 V                             ; 3.01e-10 s                 ; 4.34e-10 s                 ; No                        ; No                        ;
; out[240]    ; 2.5 V        ; 0 s                 ; 0 s                 ; 2.75 V                       ; 0.000242 V                   ; 2.86 V              ; -0.0805 V           ; 0.358 V                              ; 0.156 V                              ; 3.01e-10 s                  ; 4.34e-10 s                  ; No                         ; No                         ; 2.75 V                      ; 0.000242 V                  ; 2.86 V             ; -0.0805 V          ; 0.358 V                             ; 0.156 V                             ; 3.01e-10 s                 ; 4.34e-10 s                 ; No                        ; No                        ;
; out[241]    ; 2.5 V        ; 0 s                 ; 0 s                 ; 2.75 V                       ; 0.000247 V                   ; 2.85 V              ; -0.0711 V           ; 0.204 V                              ; 0.181 V                              ; 4.55e-10 s                  ; 4.49e-10 s                  ; No                         ; No                         ; 2.75 V                      ; 0.000247 V                  ; 2.85 V             ; -0.0711 V          ; 0.204 V                             ; 0.181 V                             ; 4.55e-10 s                 ; 4.49e-10 s                 ; No                        ; No                        ;
; out[242]    ; 2.5 V        ; 0 s                 ; 0 s                 ; 2.75 V                       ; 0.000242 V                   ; 2.86 V              ; -0.0805 V           ; 0.358 V                              ; 0.156 V                              ; 3.01e-10 s                  ; 4.34e-10 s                  ; No                         ; No                         ; 2.75 V                      ; 0.000242 V                  ; 2.86 V             ; -0.0805 V          ; 0.358 V                             ; 0.156 V                             ; 3.01e-10 s                 ; 4.34e-10 s                 ; No                        ; No                        ;
; out[243]    ; 2.5 V        ; 0 s                 ; 0 s                 ; 2.75 V                       ; 0.000242 V                   ; 2.86 V              ; -0.0814 V           ; 0.36 V                               ; 0.156 V                              ; 3e-10 s                     ; 4.34e-10 s                  ; No                         ; No                         ; 2.75 V                      ; 0.000242 V                  ; 2.86 V             ; -0.0814 V          ; 0.36 V                              ; 0.156 V                             ; 3e-10 s                    ; 4.34e-10 s                 ; No                        ; No                        ;
; out[244]    ; 2.5 V        ; 0 s                 ; 0 s                 ; 2.75 V                       ; 0.000213 V                   ; 2.79 V              ; -0.0324 V           ; 0.139 V                              ; 0.119 V                              ; 4.42e-10 s                  ; 4.33e-10 s                  ; No                         ; Yes                        ; 2.75 V                      ; 0.000213 V                  ; 2.79 V             ; -0.0324 V          ; 0.139 V                             ; 0.119 V                             ; 4.42e-10 s                 ; 4.33e-10 s                 ; No                        ; Yes                       ;
; out[245]    ; 2.5 V        ; 0 s                 ; 0 s                 ; 2.75 V                       ; 0.000242 V                   ; 2.86 V              ; -0.0805 V           ; 0.358 V                              ; 0.156 V                              ; 3.01e-10 s                  ; 4.34e-10 s                  ; No                         ; No                         ; 2.75 V                      ; 0.000242 V                  ; 2.86 V             ; -0.0805 V          ; 0.358 V                             ; 0.156 V                             ; 3.01e-10 s                 ; 4.34e-10 s                 ; No                        ; No                        ;
; out[246]    ; 2.5 V        ; 0 s                 ; 0 s                 ; 2.75 V                       ; 0.000213 V                   ; 2.79 V              ; -0.0324 V           ; 0.139 V                              ; 0.119 V                              ; 4.42e-10 s                  ; 4.33e-10 s                  ; No                         ; Yes                        ; 2.75 V                      ; 0.000213 V                  ; 2.79 V             ; -0.0324 V          ; 0.139 V                             ; 0.119 V                             ; 4.42e-10 s                 ; 4.33e-10 s                 ; No                        ; Yes                       ;
; out[247]    ; 2.5 V        ; 0 s                 ; 0 s                 ; 2.75 V                       ; 0.000247 V                   ; 2.85 V              ; -0.0711 V           ; 0.204 V                              ; 0.181 V                              ; 4.55e-10 s                  ; 4.49e-10 s                  ; No                         ; No                         ; 2.75 V                      ; 0.000247 V                  ; 2.85 V             ; -0.0711 V          ; 0.204 V                             ; 0.181 V                             ; 4.55e-10 s                 ; 4.49e-10 s                 ; No                        ; No                        ;
; out[248]    ; 2.5 V        ; 0 s                 ; 0 s                 ; 2.75 V                       ; 0.000247 V                   ; 2.85 V              ; -0.0711 V           ; 0.204 V                              ; 0.181 V                              ; 4.55e-10 s                  ; 4.49e-10 s                  ; No                         ; No                         ; 2.75 V                      ; 0.000247 V                  ; 2.85 V             ; -0.0711 V          ; 0.204 V                             ; 0.181 V                             ; 4.55e-10 s                 ; 4.49e-10 s                 ; No                        ; No                        ;
; out[249]    ; 2.5 V        ; 0 s                 ; 0 s                 ; 2.75 V                       ; 0.000242 V                   ; 2.86 V              ; -0.0814 V           ; 0.36 V                               ; 0.156 V                              ; 3e-10 s                     ; 4.34e-10 s                  ; No                         ; No                         ; 2.75 V                      ; 0.000242 V                  ; 2.86 V             ; -0.0814 V          ; 0.36 V                              ; 0.156 V                             ; 3e-10 s                    ; 4.34e-10 s                 ; No                        ; No                        ;
; out[250]    ; 2.5 V        ; 0 s                 ; 0 s                 ; 2.75 V                       ; 0.000242 V                   ; 2.86 V              ; -0.0805 V           ; 0.358 V                              ; 0.156 V                              ; 3.01e-10 s                  ; 4.34e-10 s                  ; No                         ; No                         ; 2.75 V                      ; 0.000242 V                  ; 2.86 V             ; -0.0805 V          ; 0.358 V                             ; 0.156 V                             ; 3.01e-10 s                 ; 4.34e-10 s                 ; No                        ; No                        ;
; out[251]    ; 2.5 V        ; 0 s                 ; 0 s                 ; 2.75 V                       ; 0.000213 V                   ; 2.79 V              ; -0.0324 V           ; 0.139 V                              ; 0.119 V                              ; 4.42e-10 s                  ; 4.33e-10 s                  ; No                         ; Yes                        ; 2.75 V                      ; 0.000213 V                  ; 2.79 V             ; -0.0324 V          ; 0.139 V                             ; 0.119 V                             ; 4.42e-10 s                 ; 4.33e-10 s                 ; No                        ; Yes                       ;
; out[252]    ; 2.5 V        ; 0 s                 ; 0 s                 ; 2.75 V                       ; 0.000242 V                   ; 2.86 V              ; -0.0814 V           ; 0.36 V                               ; 0.156 V                              ; 3e-10 s                     ; 4.34e-10 s                  ; No                         ; No                         ; 2.75 V                      ; 0.000242 V                  ; 2.86 V             ; -0.0814 V          ; 0.36 V                              ; 0.156 V                             ; 3e-10 s                    ; 4.34e-10 s                 ; No                        ; No                        ;
; out[253]    ; 2.5 V        ; 0 s                 ; 0 s                 ; 2.75 V                       ; 0.000242 V                   ; 2.86 V              ; -0.0805 V           ; 0.358 V                              ; 0.156 V                              ; 3.01e-10 s                  ; 4.34e-10 s                  ; No                         ; No                         ; 2.75 V                      ; 0.000242 V                  ; 2.86 V             ; -0.0805 V          ; 0.358 V                             ; 0.156 V                             ; 3.01e-10 s                 ; 4.34e-10 s                 ; No                        ; No                        ;
; out[254]    ; 2.5 V        ; 0 s                 ; 0 s                 ; 2.75 V                       ; 0.000242 V                   ; 2.86 V              ; -0.0805 V           ; 0.358 V                              ; 0.156 V                              ; 3.01e-10 s                  ; 4.34e-10 s                  ; No                         ; No                         ; 2.75 V                      ; 0.000242 V                  ; 2.86 V             ; -0.0805 V          ; 0.358 V                             ; 0.156 V                             ; 3.01e-10 s                 ; 4.34e-10 s                 ; No                        ; No                        ;
+-------------+--------------+---------------------+---------------------+------------------------------+------------------------------+---------------------+---------------------+--------------------------------------+--------------------------------------+-----------------------------+-----------------------------+----------------------------+----------------------------+-----------------------------+-----------------------------+--------------------+--------------------+-------------------------------------+-------------------------------------+----------------------------+----------------------------+---------------------------+---------------------------+


+-------------------------------------------------------------------+
; Setup Transfers                                                   ;
+------------+----------+----------+----------+----------+----------+
; From Clock ; To Clock ; RR Paths ; FR Paths ; RF Paths ; FF Paths ;
+------------+----------+----------+----------+----------+----------+
; clk        ; clk      ; 170773   ; 0        ; 0        ; 0        ;
+------------+----------+----------+----------+----------+----------+
Entries labeled "false path" only account for clock-to-clock false paths and not path-based false paths. As a result, actual path counts may be lower than reported.


+-------------------------------------------------------------------+
; Hold Transfers                                                    ;
+------------+----------+----------+----------+----------+----------+
; From Clock ; To Clock ; RR Paths ; FR Paths ; RF Paths ; FF Paths ;
+------------+----------+----------+----------+----------+----------+
; clk        ; clk      ; 170773   ; 0        ; 0        ; 0        ;
+------------+----------+----------+----------+----------+----------+
Entries labeled "false path" only account for clock-to-clock false paths and not path-based false paths. As a result, actual path counts may be lower than reported.


---------------
; Report TCCS ;
---------------
No dedicated SERDES Transmitter circuitry present in device or used in design


---------------
; Report RSKM ;
---------------
No non-DPA dedicated SERDES Receiver circuitry present in device or used in design


+------------------------------------------------+
; Unconstrained Paths Summary                    ;
+---------------------------------+-------+------+
; Property                        ; Setup ; Hold ;
+---------------------------------+-------+------+
; Illegal Clocks                  ; 0     ; 0    ;
; Unconstrained Clocks            ; 0     ; 0    ;
; Unconstrained Input Ports       ; 70    ; 70   ;
; Unconstrained Input Port Paths  ; 5250  ; 5250 ;
; Unconstrained Output Ports      ; 258   ; 258  ;
; Unconstrained Output Port Paths ; 258   ; 258  ;
+---------------------------------+-------+------+


+-------------------------------------+
; Clock Status Summary                ;
+--------+-------+------+-------------+
; Target ; Clock ; Type ; Status      ;
+--------+-------+------+-------------+
; clk    ; clk   ; Base ; Constrained ;
+--------+-------+------+-------------+


+----------------------------------------------------------------------------------------------------+
; Unconstrained Input Ports                                                                          ;
+-------------+--------------------------------------------------------------------------------------+
; Input Port  ; Comment                                                                              ;
+-------------+--------------------------------------------------------------------------------------+
; byte_num[0] ; No input delay, min/max delays, false-path exceptions, or max skew assignments found ;
; byte_num[1] ; No input delay, min/max delays, false-path exceptions, or max skew assignments found ;
; byte_num[2] ; No input delay, min/max delays, false-path exceptions, or max skew assignments found ;
; in[0]       ; No input delay, min/max delays, false-path exceptions, or max skew assignments found ;
; in[1]       ; No input delay, min/max delays, false-path exceptions, or max skew assignments found ;
; in[2]       ; No input delay, min/max delays, false-path exceptions, or max skew assignments found ;
; in[3]       ; No input delay, min/max delays, false-path exceptions, or max skew assignments found ;
; in[4]       ; No input delay, min/max delays, false-path exceptions, or max skew assignments found ;
; in[5]       ; No input delay, min/max delays, false-path exceptions, or max skew assignments found ;
; in[6]       ; No input delay, min/max delays, false-path exceptions, or max skew assignments found ;
; in[7]       ; No input delay, min/max delays, false-path exceptions, or max skew assignments found ;
; in[8]       ; No input delay, min/max delays, false-path exceptions, or max skew assignments found ;
; in[9]       ; No input delay, min/max delays, false-path exceptions, or max skew assignments found ;
; in[10]      ; No input delay, min/max delays, false-path exceptions, or max skew assignments found ;
; in[11]      ; No input delay, min/max delays, false-path exceptions, or max skew assignments found ;
; in[12]      ; No input delay, min/max delays, false-path exceptions, or max skew assignments found ;
; in[13]      ; No input delay, min/max delays, false-path exceptions, or max skew assignments found ;
; in[14]      ; No input delay, min/max delays, false-path exceptions, or max skew assignments found ;
; in[15]      ; No input delay, min/max delays, false-path exceptions, or max skew assignments found ;
; in[16]      ; No input delay, min/max delays, false-path exceptions, or max skew assignments found ;
; in[17]      ; No input delay, min/max delays, false-path exceptions, or max skew assignments found ;
; in[18]      ; No input delay, min/max delays, false-path exceptions, or max skew assignments found ;
; in[19]      ; No input delay, min/max delays, false-path exceptions, or max skew assignments found ;
; in[20]      ; No input delay, min/max delays, false-path exceptions, or max skew assignments found ;
; in[21]      ; No input delay, min/max delays, false-path exceptions, or max skew assignments found ;
; in[22]      ; No input delay, min/max delays, false-path exceptions, or max skew assignments found ;
; in[23]      ; No input delay, min/max delays, false-path exceptions, or max skew assignments found ;
; in[24]      ; No input delay, min/max delays, false-path exceptions, or max skew assignments found ;
; in[25]      ; No input delay, min/max delays, false-path exceptions, or max skew assignments found ;
; in[26]      ; No input delay, min/max delays, false-path exceptions, or max skew assignments found ;
; in[27]      ; No input delay, min/max delays, false-path exceptions, or max skew assignments found ;
; in[28]      ; No input delay, min/max delays, false-path exceptions, or max skew assignments found ;
; in[29]      ; No input delay, min/max delays, false-path exceptions, or max skew assignments found ;
; in[30]      ; No input delay, min/max delays, false-path exceptions, or max skew assignments found ;
; in[31]      ; No input delay, min/max delays, false-path exceptions, or max skew assignments found ;
; in[32]      ; No input delay, min/max delays, false-path exceptions, or max skew assignments found ;
; in[33]      ; No input delay, min/max delays, false-path exceptions, or max skew assignments found ;
; in[34]      ; No input delay, min/max delays, false-path exceptions, or max skew assignments found ;
; in[35]      ; No input delay, min/max delays, false-path exceptions, or max skew assignments found ;
; in[36]      ; No input delay, min/max delays, false-path exceptions, or max skew assignments found ;
; in[37]      ; No input delay, min/max delays, false-path exceptions, or max skew assignments found ;
; in[38]      ; No input delay, min/max delays, false-path exceptions, or max skew assignments found ;
; in[39]      ; No input delay, min/max delays, false-path exceptions, or max skew assignments found ;
; in[40]      ; No input delay, min/max delays, false-path exceptions, or max skew assignments found ;
; in[41]      ; No input delay, min/max delays, false-path exceptions, or max skew assignments found ;
; in[42]      ; No input delay, min/max delays, false-path exceptions, or max skew assignments found ;
; in[43]      ; No input delay, min/max delays, false-path exceptions, or max skew assignments found ;
; in[44]      ; No input delay, min/max delays, false-path exceptions, or max skew assignments found ;
; in[45]      ; No input delay, min/max delays, false-path exceptions, or max skew assignments found ;
; in[46]      ; No input delay, min/max delays, false-path exceptions, or max skew assignments found ;
; in[47]      ; No input delay, min/max delays, false-path exceptions, or max skew assignments found ;
; in[48]      ; No input delay, min/max delays, false-path exceptions, or max skew assignments found ;
; in[49]      ; No input delay, min/max delays, false-path exceptions, or max skew assignments found ;
; in[50]      ; No input delay, min/max delays, false-path exceptions, or max skew assignments found ;
; in[51]      ; No input delay, min/max delays, false-path exceptions, or max skew assignments found ;
; in[52]      ; No input delay, min/max delays, false-path exceptions, or max skew assignments found ;
; in[53]      ; No input delay, min/max delays, false-path exceptions, or max skew assignments found ;
; in[54]      ; No input delay, min/max delays, false-path exceptions, or max skew assignments found ;
; in[55]      ; No input delay, min/max delays, false-path exceptions, or max skew assignments found ;
; in[56]      ; No input delay, min/max delays, false-path exceptions, or max skew assignments found ;
; in[57]      ; No input delay, min/max delays, false-path exceptions, or max skew assignments found ;
; in[58]      ; No input delay, min/max delays, false-path exceptions, or max skew assignments found ;
; in[59]      ; No input delay, min/max delays, false-path exceptions, or max skew assignments found ;
; in[60]      ; No input delay, min/max delays, false-path exceptions, or max skew assignments found ;
; in[61]      ; No input delay, min/max delays, false-path exceptions, or max skew assignments found ;
; in[62]      ; No input delay, min/max delays, false-path exceptions, or max skew assignments found ;
; in[63]      ; No input delay, min/max delays, false-path exceptions, or max skew assignments found ;
; in_ready    ; No input delay, min/max delays, false-path exceptions, or max skew assignments found ;
; is_last     ; No input delay, min/max delays, false-path exceptions, or max skew assignments found ;
; reset       ; No input delay, min/max delays, false-path exceptions, or max skew assignments found ;
+-------------+--------------------------------------------------------------------------------------+


+-----------------------------------------------------------------------------------------------------+
; Unconstrained Output Ports                                                                          ;
+-------------+---------------------------------------------------------------------------------------+
; Output Port ; Comment                                                                               ;
+-------------+---------------------------------------------------------------------------------------+
; buffer_full ; No output delay, min/max delays, false-path exceptions, or max skew assignments found ;
; out[0]      ; No output delay, min/max delays, false-path exceptions, or max skew assignments found ;
; out[1]      ; No output delay, min/max delays, false-path exceptions, or max skew assignments found ;
; out[2]      ; No output delay, min/max delays, false-path exceptions, or max skew assignments found ;
; out[3]      ; No output delay, min/max delays, false-path exceptions, or max skew assignments found ;
; out[4]      ; No output delay, min/max delays, false-path exceptions, or max skew assignments found ;
; out[5]      ; No output delay, min/max delays, false-path exceptions, or max skew assignments found ;
; out[6]      ; No output delay, min/max delays, false-path exceptions, or max skew assignments found ;
; out[7]      ; No output delay, min/max delays, false-path exceptions, or max skew assignments found ;
; out[8]      ; No output delay, min/max delays, false-path exceptions, or max skew assignments found ;
; out[9]      ; No output delay, min/max delays, false-path exceptions, or max skew assignments found ;
; out[10]     ; No output delay, min/max delays, false-path exceptions, or max skew assignments found ;
; out[11]     ; No output delay, min/max delays, false-path exceptions, or max skew assignments found ;
; out[12]     ; No output delay, min/max delays, false-path exceptions, or max skew assignments found ;
; out[13]     ; No output delay, min/max delays, false-path exceptions, or max skew assignments found ;
; out[14]     ; No output delay, min/max delays, false-path exceptions, or max skew assignments found ;
; out[15]     ; No output delay, min/max delays, false-path exceptions, or max skew assignments found ;
; out[16]     ; No output delay, min/max delays, false-path exceptions, or max skew assignments found ;
; out[17]     ; No output delay, min/max delays, false-path exceptions, or max skew assignments found ;
; out[18]     ; No output delay, min/max delays, false-path exceptions, or max skew assignments found ;
; out[19]     ; No output delay, min/max delays, false-path exceptions, or max skew assignments found ;
; out[20]     ; No output delay, min/max delays, false-path exceptions, or max skew assignments found ;
; out[21]     ; No output delay, min/max delays, false-path exceptions, or max skew assignments found ;
; out[22]     ; No output delay, min/max delays, false-path exceptions, or max skew assignments found ;
; out[23]     ; No output delay, min/max delays, false-path exceptions, or max skew assignments found ;
; out[24]     ; No output delay, min/max delays, false-path exceptions, or max skew assignments found ;
; out[25]     ; No output delay, min/max delays, false-path exceptions, or max skew assignments found ;
; out[26]     ; No output delay, min/max delays, false-path exceptions, or max skew assignments found ;
; out[27]     ; No output delay, min/max delays, false-path exceptions, or max skew assignments found ;
; out[28]     ; No output delay, min/max delays, false-path exceptions, or max skew assignments found ;
; out[29]     ; No output delay, min/max delays, false-path exceptions, or max skew assignments found ;
; out[30]     ; No output delay, min/max delays, false-path exceptions, or max skew assignments found ;
; out[31]     ; No output delay, min/max delays, false-path exceptions, or max skew assignments found ;
; out[32]     ; No output delay, min/max delays, false-path exceptions, or max skew assignments found ;
; out[33]     ; No output delay, min/max delays, false-path exceptions, or max skew assignments found ;
; out[34]     ; No output delay, min/max delays, false-path exceptions, or max skew assignments found ;
; out[35]     ; No output delay, min/max delays, false-path exceptions, or max skew assignments found ;
; out[36]     ; No output delay, min/max delays, false-path exceptions, or max skew assignments found ;
; out[37]     ; No output delay, min/max delays, false-path exceptions, or max skew assignments found ;
; out[38]     ; No output delay, min/max delays, false-path exceptions, or max skew assignments found ;
; out[39]     ; No output delay, min/max delays, false-path exceptions, or max skew assignments found ;
; out[40]     ; No output delay, min/max delays, false-path exceptions, or max skew assignments found ;
; out[41]     ; No output delay, min/max delays, false-path exceptions, or max skew assignments found ;
; out[42]     ; No output delay, min/max delays, false-path exceptions, or max skew assignments found ;
; out[43]     ; No output delay, min/max delays, false-path exceptions, or max skew assignments found ;
; out[44]     ; No output delay, min/max delays, false-path exceptions, or max skew assignments found ;
; out[45]     ; No output delay, min/max delays, false-path exceptions, or max skew assignments found ;
; out[46]     ; No output delay, min/max delays, false-path exceptions, or max skew assignments found ;
; out[47]     ; No output delay, min/max delays, false-path exceptions, or max skew assignments found ;
; out[48]     ; No output delay, min/max delays, false-path exceptions, or max skew assignments found ;
; out[49]     ; No output delay, min/max delays, false-path exceptions, or max skew assignments found ;
; out[50]     ; No output delay, min/max delays, false-path exceptions, or max skew assignments found ;
; out[51]     ; No output delay, min/max delays, false-path exceptions, or max skew assignments found ;
; out[52]     ; No output delay, min/max delays, false-path exceptions, or max skew assignments found ;
; out[53]     ; No output delay, min/max delays, false-path exceptions, or max skew assignments found ;
; out[54]     ; No output delay, min/max delays, false-path exceptions, or max skew assignments found ;
; out[55]     ; No output delay, min/max delays, false-path exceptions, or max skew assignments found ;
; out[56]     ; No output delay, min/max delays, false-path exceptions, or max skew assignments found ;
; out[57]     ; No output delay, min/max delays, false-path exceptions, or max skew assignments found ;
; out[58]     ; No output delay, min/max delays, false-path exceptions, or max skew assignments found ;
; out[59]     ; No output delay, min/max delays, false-path exceptions, or max skew assignments found ;
; out[60]     ; No output delay, min/max delays, false-path exceptions, or max skew assignments found ;
; out[61]     ; No output delay, min/max delays, false-path exceptions, or max skew assignments found ;
; out[62]     ; No output delay, min/max delays, false-path exceptions, or max skew assignments found ;
; out[63]     ; No output delay, min/max delays, false-path exceptions, or max skew assignments found ;
; out[64]     ; No output delay, min/max delays, false-path exceptions, or max skew assignments found ;
; out[65]     ; No output delay, min/max delays, false-path exceptions, or max skew assignments found ;
; out[66]     ; No output delay, min/max delays, false-path exceptions, or max skew assignments found ;
; out[67]     ; No output delay, min/max delays, false-path exceptions, or max skew assignments found ;
; out[68]     ; No output delay, min/max delays, false-path exceptions, or max skew assignments found ;
; out[69]     ; No output delay, min/max delays, false-path exceptions, or max skew assignments found ;
; out[70]     ; No output delay, min/max delays, false-path exceptions, or max skew assignments found ;
; out[71]     ; No output delay, min/max delays, false-path exceptions, or max skew assignments found ;
; out[72]     ; No output delay, min/max delays, false-path exceptions, or max skew assignments found ;
; out[73]     ; No output delay, min/max delays, false-path exceptions, or max skew assignments found ;
; out[74]     ; No output delay, min/max delays, false-path exceptions, or max skew assignments found ;
; out[75]     ; No output delay, min/max delays, false-path exceptions, or max skew assignments found ;
; out[76]     ; No output delay, min/max delays, false-path exceptions, or max skew assignments found ;
; out[77]     ; No output delay, min/max delays, false-path exceptions, or max skew assignments found ;
; out[78]     ; No output delay, min/max delays, false-path exceptions, or max skew assignments found ;
; out[79]     ; No output delay, min/max delays, false-path exceptions, or max skew assignments found ;
; out[80]     ; No output delay, min/max delays, false-path exceptions, or max skew assignments found ;
; out[81]     ; No output delay, min/max delays, false-path exceptions, or max skew assignments found ;
; out[82]     ; No output delay, min/max delays, false-path exceptions, or max skew assignments found ;
; out[83]     ; No output delay, min/max delays, false-path exceptions, or max skew assignments found ;
; out[84]     ; No output delay, min/max delays, false-path exceptions, or max skew assignments found ;
; out[85]     ; No output delay, min/max delays, false-path exceptions, or max skew assignments found ;
; out[86]     ; No output delay, min/max delays, false-path exceptions, or max skew assignments found ;
; out[87]     ; No output delay, min/max delays, false-path exceptions, or max skew assignments found ;
; out[88]     ; No output delay, min/max delays, false-path exceptions, or max skew assignments found ;
; out[89]     ; No output delay, min/max delays, false-path exceptions, or max skew assignments found ;
; out[90]     ; No output delay, min/max delays, false-path exceptions, or max skew assignments found ;
; out[91]     ; No output delay, min/max delays, false-path exceptions, or max skew assignments found ;
; out[92]     ; No output delay, min/max delays, false-path exceptions, or max skew assignments found ;
; out[93]     ; No output delay, min/max delays, false-path exceptions, or max skew assignments found ;
; out[94]     ; No output delay, min/max delays, false-path exceptions, or max skew assignments found ;
; out[95]     ; No output delay, min/max delays, false-path exceptions, or max skew assignments found ;
; out[96]     ; No output delay, min/max delays, false-path exceptions, or max skew assignments found ;
; out[97]     ; No output delay, min/max delays, false-path exceptions, or max skew assignments found ;
; out[98]     ; No output delay, min/max delays, false-path exceptions, or max skew assignments found ;
; out[99]     ; No output delay, min/max delays, false-path exceptions, or max skew assignments found ;
; out[100]    ; No output delay, min/max delays, false-path exceptions, or max skew assignments found ;
; out[101]    ; No output delay, min/max delays, false-path exceptions, or max skew assignments found ;
; out[102]    ; No output delay, min/max delays, false-path exceptions, or max skew assignments found ;
; out[103]    ; No output delay, min/max delays, false-path exceptions, or max skew assignments found ;
; out[104]    ; No output delay, min/max delays, false-path exceptions, or max skew assignments found ;
; out[105]    ; No output delay, min/max delays, false-path exceptions, or max skew assignments found ;
; out[106]    ; No output delay, min/max delays, false-path exceptions, or max skew assignments found ;
; out[107]    ; No output delay, min/max delays, false-path exceptions, or max skew assignments found ;
; out[108]    ; No output delay, min/max delays, false-path exceptions, or max skew assignments found ;
; out[109]    ; No output delay, min/max delays, false-path exceptions, or max skew assignments found ;
; out[110]    ; No output delay, min/max delays, false-path exceptions, or max skew assignments found ;
; out[111]    ; No output delay, min/max delays, false-path exceptions, or max skew assignments found ;
; out[112]    ; No output delay, min/max delays, false-path exceptions, or max skew assignments found ;
; out[113]    ; No output delay, min/max delays, false-path exceptions, or max skew assignments found ;
; out[114]    ; No output delay, min/max delays, false-path exceptions, or max skew assignments found ;
; out[115]    ; No output delay, min/max delays, false-path exceptions, or max skew assignments found ;
; out[116]    ; No output delay, min/max delays, false-path exceptions, or max skew assignments found ;
; out[117]    ; No output delay, min/max delays, false-path exceptions, or max skew assignments found ;
; out[118]    ; No output delay, min/max delays, false-path exceptions, or max skew assignments found ;
; out[119]    ; No output delay, min/max delays, false-path exceptions, or max skew assignments found ;
; out[120]    ; No output delay, min/max delays, false-path exceptions, or max skew assignments found ;
; out[121]    ; No output delay, min/max delays, false-path exceptions, or max skew assignments found ;
; out[122]    ; No output delay, min/max delays, false-path exceptions, or max skew assignments found ;
; out[123]    ; No output delay, min/max delays, false-path exceptions, or max skew assignments found ;
; out[124]    ; No output delay, min/max delays, false-path exceptions, or max skew assignments found ;
; out[125]    ; No output delay, min/max delays, false-path exceptions, or max skew assignments found ;
; out[126]    ; No output delay, min/max delays, false-path exceptions, or max skew assignments found ;
; out[127]    ; No output delay, min/max delays, false-path exceptions, or max skew assignments found ;
; out[128]    ; No output delay, min/max delays, false-path exceptions, or max skew assignments found ;
; out[129]    ; No output delay, min/max delays, false-path exceptions, or max skew assignments found ;
; out[130]    ; No output delay, min/max delays, false-path exceptions, or max skew assignments found ;
; out[131]    ; No output delay, min/max delays, false-path exceptions, or max skew assignments found ;
; out[132]    ; No output delay, min/max delays, false-path exceptions, or max skew assignments found ;
; out[133]    ; No output delay, min/max delays, false-path exceptions, or max skew assignments found ;
; out[134]    ; No output delay, min/max delays, false-path exceptions, or max skew assignments found ;
; out[135]    ; No output delay, min/max delays, false-path exceptions, or max skew assignments found ;
; out[136]    ; No output delay, min/max delays, false-path exceptions, or max skew assignments found ;
; out[137]    ; No output delay, min/max delays, false-path exceptions, or max skew assignments found ;
; out[138]    ; No output delay, min/max delays, false-path exceptions, or max skew assignments found ;
; out[139]    ; No output delay, min/max delays, false-path exceptions, or max skew assignments found ;
; out[140]    ; No output delay, min/max delays, false-path exceptions, or max skew assignments found ;
; out[141]    ; No output delay, min/max delays, false-path exceptions, or max skew assignments found ;
; out[142]    ; No output delay, min/max delays, false-path exceptions, or max skew assignments found ;
; out[143]    ; No output delay, min/max delays, false-path exceptions, or max skew assignments found ;
; out[144]    ; No output delay, min/max delays, false-path exceptions, or max skew assignments found ;
; out[145]    ; No output delay, min/max delays, false-path exceptions, or max skew assignments found ;
; out[146]    ; No output delay, min/max delays, false-path exceptions, or max skew assignments found ;
; out[147]    ; No output delay, min/max delays, false-path exceptions, or max skew assignments found ;
; out[148]    ; No output delay, min/max delays, false-path exceptions, or max skew assignments found ;
; out[149]    ; No output delay, min/max delays, false-path exceptions, or max skew assignments found ;
; out[150]    ; No output delay, min/max delays, false-path exceptions, or max skew assignments found ;
; out[151]    ; No output delay, min/max delays, false-path exceptions, or max skew assignments found ;
; out[152]    ; No output delay, min/max delays, false-path exceptions, or max skew assignments found ;
; out[153]    ; No output delay, min/max delays, false-path exceptions, or max skew assignments found ;
; out[154]    ; No output delay, min/max delays, false-path exceptions, or max skew assignments found ;
; out[155]    ; No output delay, min/max delays, false-path exceptions, or max skew assignments found ;
; out[156]    ; No output delay, min/max delays, false-path exceptions, or max skew assignments found ;
; out[157]    ; No output delay, min/max delays, false-path exceptions, or max skew assignments found ;
; out[158]    ; No output delay, min/max delays, false-path exceptions, or max skew assignments found ;
; out[159]    ; No output delay, min/max delays, false-path exceptions, or max skew assignments found ;
; out[160]    ; No output delay, min/max delays, false-path exceptions, or max skew assignments found ;
; out[161]    ; No output delay, min/max delays, false-path exceptions, or max skew assignments found ;
; out[162]    ; No output delay, min/max delays, false-path exceptions, or max skew assignments found ;
; out[163]    ; No output delay, min/max delays, false-path exceptions, or max skew assignments found ;
; out[164]    ; No output delay, min/max delays, false-path exceptions, or max skew assignments found ;
; out[165]    ; No output delay, min/max delays, false-path exceptions, or max skew assignments found ;
; out[166]    ; No output delay, min/max delays, false-path exceptions, or max skew assignments found ;
; out[167]    ; No output delay, min/max delays, false-path exceptions, or max skew assignments found ;
; out[168]    ; No output delay, min/max delays, false-path exceptions, or max skew assignments found ;
; out[169]    ; No output delay, min/max delays, false-path exceptions, or max skew assignments found ;
; out[170]    ; No output delay, min/max delays, false-path exceptions, or max skew assignments found ;
; out[171]    ; No output delay, min/max delays, false-path exceptions, or max skew assignments found ;
; out[172]    ; No output delay, min/max delays, false-path exceptions, or max skew assignments found ;
; out[173]    ; No output delay, min/max delays, false-path exceptions, or max skew assignments found ;
; out[174]    ; No output delay, min/max delays, false-path exceptions, or max skew assignments found ;
; out[175]    ; No output delay, min/max delays, false-path exceptions, or max skew assignments found ;
; out[176]    ; No output delay, min/max delays, false-path exceptions, or max skew assignments found ;
; out[177]    ; No output delay, min/max delays, false-path exceptions, or max skew assignments found ;
; out[178]    ; No output delay, min/max delays, false-path exceptions, or max skew assignments found ;
; out[179]    ; No output delay, min/max delays, false-path exceptions, or max skew assignments found ;
; out[180]    ; No output delay, min/max delays, false-path exceptions, or max skew assignments found ;
; out[181]    ; No output delay, min/max delays, false-path exceptions, or max skew assignments found ;
; out[182]    ; No output delay, min/max delays, false-path exceptions, or max skew assignments found ;
; out[183]    ; No output delay, min/max delays, false-path exceptions, or max skew assignments found ;
; out[184]    ; No output delay, min/max delays, false-path exceptions, or max skew assignments found ;
; out[185]    ; No output delay, min/max delays, false-path exceptions, or max skew assignments found ;
; out[186]    ; No output delay, min/max delays, false-path exceptions, or max skew assignments found ;
; out[187]    ; No output delay, min/max delays, false-path exceptions, or max skew assignments found ;
; out[188]    ; No output delay, min/max delays, false-path exceptions, or max skew assignments found ;
; out[189]    ; No output delay, min/max delays, false-path exceptions, or max skew assignments found ;
; out[190]    ; No output delay, min/max delays, false-path exceptions, or max skew assignments found ;
; out[191]    ; No output delay, min/max delays, false-path exceptions, or max skew assignments found ;
; out[192]    ; No output delay, min/max delays, false-path exceptions, or max skew assignments found ;
; out[193]    ; No output delay, min/max delays, false-path exceptions, or max skew assignments found ;
; out[194]    ; No output delay, min/max delays, false-path exceptions, or max skew assignments found ;
; out[195]    ; No output delay, min/max delays, false-path exceptions, or max skew assignments found ;
; out[196]    ; No output delay, min/max delays, false-path exceptions, or max skew assignments found ;
; out[197]    ; No output delay, min/max delays, false-path exceptions, or max skew assignments found ;
; out[198]    ; No output delay, min/max delays, false-path exceptions, or max skew assignments found ;
; out[199]    ; No output delay, min/max delays, false-path exceptions, or max skew assignments found ;
; out[200]    ; No output delay, min/max delays, false-path exceptions, or max skew assignments found ;
; out[201]    ; No output delay, min/max delays, false-path exceptions, or max skew assignments found ;
; out[202]    ; No output delay, min/max delays, false-path exceptions, or max skew assignments found ;
; out[203]    ; No output delay, min/max delays, false-path exceptions, or max skew assignments found ;
; out[204]    ; No output delay, min/max delays, false-path exceptions, or max skew assignments found ;
; out[205]    ; No output delay, min/max delays, false-path exceptions, or max skew assignments found ;
; out[206]    ; No output delay, min/max delays, false-path exceptions, or max skew assignments found ;
; out[207]    ; No output delay, min/max delays, false-path exceptions, or max skew assignments found ;
; out[208]    ; No output delay, min/max delays, false-path exceptions, or max skew assignments found ;
; out[209]    ; No output delay, min/max delays, false-path exceptions, or max skew assignments found ;
; out[210]    ; No output delay, min/max delays, false-path exceptions, or max skew assignments found ;
; out[211]    ; No output delay, min/max delays, false-path exceptions, or max skew assignments found ;
; out[212]    ; No output delay, min/max delays, false-path exceptions, or max skew assignments found ;
; out[213]    ; No output delay, min/max delays, false-path exceptions, or max skew assignments found ;
; out[214]    ; No output delay, min/max delays, false-path exceptions, or max skew assignments found ;
; out[215]    ; No output delay, min/max delays, false-path exceptions, or max skew assignments found ;
; out[216]    ; No output delay, min/max delays, false-path exceptions, or max skew assignments found ;
; out[217]    ; No output delay, min/max delays, false-path exceptions, or max skew assignments found ;
; out[218]    ; No output delay, min/max delays, false-path exceptions, or max skew assignments found ;
; out[219]    ; No output delay, min/max delays, false-path exceptions, or max skew assignments found ;
; out[220]    ; No output delay, min/max delays, false-path exceptions, or max skew assignments found ;
; out[221]    ; No output delay, min/max delays, false-path exceptions, or max skew assignments found ;
; out[222]    ; No output delay, min/max delays, false-path exceptions, or max skew assignments found ;
; out[223]    ; No output delay, min/max delays, false-path exceptions, or max skew assignments found ;
; out[224]    ; No output delay, min/max delays, false-path exceptions, or max skew assignments found ;
; out[225]    ; No output delay, min/max delays, false-path exceptions, or max skew assignments found ;
; out[226]    ; No output delay, min/max delays, false-path exceptions, or max skew assignments found ;
; out[227]    ; No output delay, min/max delays, false-path exceptions, or max skew assignments found ;
; out[228]    ; No output delay, min/max delays, false-path exceptions, or max skew assignments found ;
; out[229]    ; No output delay, min/max delays, false-path exceptions, or max skew assignments found ;
; out[230]    ; No output delay, min/max delays, false-path exceptions, or max skew assignments found ;
; out[231]    ; No output delay, min/max delays, false-path exceptions, or max skew assignments found ;
; out[232]    ; No output delay, min/max delays, false-path exceptions, or max skew assignments found ;
; out[233]    ; No output delay, min/max delays, false-path exceptions, or max skew assignments found ;
; out[234]    ; No output delay, min/max delays, false-path exceptions, or max skew assignments found ;
; out[235]    ; No output delay, min/max delays, false-path exceptions, or max skew assignments found ;
; out[236]    ; No output delay, min/max delays, false-path exceptions, or max skew assignments found ;
; out[237]    ; No output delay, min/max delays, false-path exceptions, or max skew assignments found ;
; out[238]    ; No output delay, min/max delays, false-path exceptions, or max skew assignments found ;
; out[239]    ; No output delay, min/max delays, false-path exceptions, or max skew assignments found ;
; out[240]    ; No output delay, min/max delays, false-path exceptions, or max skew assignments found ;
; out[241]    ; No output delay, min/max delays, false-path exceptions, or max skew assignments found ;
; out[242]    ; No output delay, min/max delays, false-path exceptions, or max skew assignments found ;
; out[243]    ; No output delay, min/max delays, false-path exceptions, or max skew assignments found ;
; out[244]    ; No output delay, min/max delays, false-path exceptions, or max skew assignments found ;
; out[245]    ; No output delay, min/max delays, false-path exceptions, or max skew assignments found ;
; out[246]    ; No output delay, min/max delays, false-path exceptions, or max skew assignments found ;
; out[247]    ; No output delay, min/max delays, false-path exceptions, or max skew assignments found ;
; out[248]    ; No output delay, min/max delays, false-path exceptions, or max skew assignments found ;
; out[249]    ; No output delay, min/max delays, false-path exceptions, or max skew assignments found ;
; out[250]    ; No output delay, min/max delays, false-path exceptions, or max skew assignments found ;
; out[251]    ; No output delay, min/max delays, false-path exceptions, or max skew assignments found ;
; out[252]    ; No output delay, min/max delays, false-path exceptions, or max skew assignments found ;
; out[253]    ; No output delay, min/max delays, false-path exceptions, or max skew assignments found ;
; out[254]    ; No output delay, min/max delays, false-path exceptions, or max skew assignments found ;
; out[255]    ; No output delay, min/max delays, false-path exceptions, or max skew assignments found ;
; out_ready   ; No output delay, min/max delays, false-path exceptions, or max skew assignments found ;
+-------------+---------------------------------------------------------------------------------------+


+----------------------------------------------------------------------------------------------------+
; Unconstrained Input Ports                                                                          ;
+-------------+--------------------------------------------------------------------------------------+
; Input Port  ; Comment                                                                              ;
+-------------+--------------------------------------------------------------------------------------+
; byte_num[0] ; No input delay, min/max delays, false-path exceptions, or max skew assignments found ;
; byte_num[1] ; No input delay, min/max delays, false-path exceptions, or max skew assignments found ;
; byte_num[2] ; No input delay, min/max delays, false-path exceptions, or max skew assignments found ;
; in[0]       ; No input delay, min/max delays, false-path exceptions, or max skew assignments found ;
; in[1]       ; No input delay, min/max delays, false-path exceptions, or max skew assignments found ;
; in[2]       ; No input delay, min/max delays, false-path exceptions, or max skew assignments found ;
; in[3]       ; No input delay, min/max delays, false-path exceptions, or max skew assignments found ;
; in[4]       ; No input delay, min/max delays, false-path exceptions, or max skew assignments found ;
; in[5]       ; No input delay, min/max delays, false-path exceptions, or max skew assignments found ;
; in[6]       ; No input delay, min/max delays, false-path exceptions, or max skew assignments found ;
; in[7]       ; No input delay, min/max delays, false-path exceptions, or max skew assignments found ;
; in[8]       ; No input delay, min/max delays, false-path exceptions, or max skew assignments found ;
; in[9]       ; No input delay, min/max delays, false-path exceptions, or max skew assignments found ;
; in[10]      ; No input delay, min/max delays, false-path exceptions, or max skew assignments found ;
; in[11]      ; No input delay, min/max delays, false-path exceptions, or max skew assignments found ;
; in[12]      ; No input delay, min/max delays, false-path exceptions, or max skew assignments found ;
; in[13]      ; No input delay, min/max delays, false-path exceptions, or max skew assignments found ;
; in[14]      ; No input delay, min/max delays, false-path exceptions, or max skew assignments found ;
; in[15]      ; No input delay, min/max delays, false-path exceptions, or max skew assignments found ;
; in[16]      ; No input delay, min/max delays, false-path exceptions, or max skew assignments found ;
; in[17]      ; No input delay, min/max delays, false-path exceptions, or max skew assignments found ;
; in[18]      ; No input delay, min/max delays, false-path exceptions, or max skew assignments found ;
; in[19]      ; No input delay, min/max delays, false-path exceptions, or max skew assignments found ;
; in[20]      ; No input delay, min/max delays, false-path exceptions, or max skew assignments found ;
; in[21]      ; No input delay, min/max delays, false-path exceptions, or max skew assignments found ;
; in[22]      ; No input delay, min/max delays, false-path exceptions, or max skew assignments found ;
; in[23]      ; No input delay, min/max delays, false-path exceptions, or max skew assignments found ;
; in[24]      ; No input delay, min/max delays, false-path exceptions, or max skew assignments found ;
; in[25]      ; No input delay, min/max delays, false-path exceptions, or max skew assignments found ;
; in[26]      ; No input delay, min/max delays, false-path exceptions, or max skew assignments found ;
; in[27]      ; No input delay, min/max delays, false-path exceptions, or max skew assignments found ;
; in[28]      ; No input delay, min/max delays, false-path exceptions, or max skew assignments found ;
; in[29]      ; No input delay, min/max delays, false-path exceptions, or max skew assignments found ;
; in[30]      ; No input delay, min/max delays, false-path exceptions, or max skew assignments found ;
; in[31]      ; No input delay, min/max delays, false-path exceptions, or max skew assignments found ;
; in[32]      ; No input delay, min/max delays, false-path exceptions, or max skew assignments found ;
; in[33]      ; No input delay, min/max delays, false-path exceptions, or max skew assignments found ;
; in[34]      ; No input delay, min/max delays, false-path exceptions, or max skew assignments found ;
; in[35]      ; No input delay, min/max delays, false-path exceptions, or max skew assignments found ;
; in[36]      ; No input delay, min/max delays, false-path exceptions, or max skew assignments found ;
; in[37]      ; No input delay, min/max delays, false-path exceptions, or max skew assignments found ;
; in[38]      ; No input delay, min/max delays, false-path exceptions, or max skew assignments found ;
; in[39]      ; No input delay, min/max delays, false-path exceptions, or max skew assignments found ;
; in[40]      ; No input delay, min/max delays, false-path exceptions, or max skew assignments found ;
; in[41]      ; No input delay, min/max delays, false-path exceptions, or max skew assignments found ;
; in[42]      ; No input delay, min/max delays, false-path exceptions, or max skew assignments found ;
; in[43]      ; No input delay, min/max delays, false-path exceptions, or max skew assignments found ;
; in[44]      ; No input delay, min/max delays, false-path exceptions, or max skew assignments found ;
; in[45]      ; No input delay, min/max delays, false-path exceptions, or max skew assignments found ;
; in[46]      ; No input delay, min/max delays, false-path exceptions, or max skew assignments found ;
; in[47]      ; No input delay, min/max delays, false-path exceptions, or max skew assignments found ;
; in[48]      ; No input delay, min/max delays, false-path exceptions, or max skew assignments found ;
; in[49]      ; No input delay, min/max delays, false-path exceptions, or max skew assignments found ;
; in[50]      ; No input delay, min/max delays, false-path exceptions, or max skew assignments found ;
; in[51]      ; No input delay, min/max delays, false-path exceptions, or max skew assignments found ;
; in[52]      ; No input delay, min/max delays, false-path exceptions, or max skew assignments found ;
; in[53]      ; No input delay, min/max delays, false-path exceptions, or max skew assignments found ;
; in[54]      ; No input delay, min/max delays, false-path exceptions, or max skew assignments found ;
; in[55]      ; No input delay, min/max delays, false-path exceptions, or max skew assignments found ;
; in[56]      ; No input delay, min/max delays, false-path exceptions, or max skew assignments found ;
; in[57]      ; No input delay, min/max delays, false-path exceptions, or max skew assignments found ;
; in[58]      ; No input delay, min/max delays, false-path exceptions, or max skew assignments found ;
; in[59]      ; No input delay, min/max delays, false-path exceptions, or max skew assignments found ;
; in[60]      ; No input delay, min/max delays, false-path exceptions, or max skew assignments found ;
; in[61]      ; No input delay, min/max delays, false-path exceptions, or max skew assignments found ;
; in[62]      ; No input delay, min/max delays, false-path exceptions, or max skew assignments found ;
; in[63]      ; No input delay, min/max delays, false-path exceptions, or max skew assignments found ;
; in_ready    ; No input delay, min/max delays, false-path exceptions, or max skew assignments found ;
; is_last     ; No input delay, min/max delays, false-path exceptions, or max skew assignments found ;
; reset       ; No input delay, min/max delays, false-path exceptions, or max skew assignments found ;
+-------------+--------------------------------------------------------------------------------------+


+-----------------------------------------------------------------------------------------------------+
; Unconstrained Output Ports                                                                          ;
+-------------+---------------------------------------------------------------------------------------+
; Output Port ; Comment                                                                               ;
+-------------+---------------------------------------------------------------------------------------+
; buffer_full ; No output delay, min/max delays, false-path exceptions, or max skew assignments found ;
; out[0]      ; No output delay, min/max delays, false-path exceptions, or max skew assignments found ;
; out[1]      ; No output delay, min/max delays, false-path exceptions, or max skew assignments found ;
; out[2]      ; No output delay, min/max delays, false-path exceptions, or max skew assignments found ;
; out[3]      ; No output delay, min/max delays, false-path exceptions, or max skew assignments found ;
; out[4]      ; No output delay, min/max delays, false-path exceptions, or max skew assignments found ;
; out[5]      ; No output delay, min/max delays, false-path exceptions, or max skew assignments found ;
; out[6]      ; No output delay, min/max delays, false-path exceptions, or max skew assignments found ;
; out[7]      ; No output delay, min/max delays, false-path exceptions, or max skew assignments found ;
; out[8]      ; No output delay, min/max delays, false-path exceptions, or max skew assignments found ;
; out[9]      ; No output delay, min/max delays, false-path exceptions, or max skew assignments found ;
; out[10]     ; No output delay, min/max delays, false-path exceptions, or max skew assignments found ;
; out[11]     ; No output delay, min/max delays, false-path exceptions, or max skew assignments found ;
; out[12]     ; No output delay, min/max delays, false-path exceptions, or max skew assignments found ;
; out[13]     ; No output delay, min/max delays, false-path exceptions, or max skew assignments found ;
; out[14]     ; No output delay, min/max delays, false-path exceptions, or max skew assignments found ;
; out[15]     ; No output delay, min/max delays, false-path exceptions, or max skew assignments found ;
; out[16]     ; No output delay, min/max delays, false-path exceptions, or max skew assignments found ;
; out[17]     ; No output delay, min/max delays, false-path exceptions, or max skew assignments found ;
; out[18]     ; No output delay, min/max delays, false-path exceptions, or max skew assignments found ;
; out[19]     ; No output delay, min/max delays, false-path exceptions, or max skew assignments found ;
; out[20]     ; No output delay, min/max delays, false-path exceptions, or max skew assignments found ;
; out[21]     ; No output delay, min/max delays, false-path exceptions, or max skew assignments found ;
; out[22]     ; No output delay, min/max delays, false-path exceptions, or max skew assignments found ;
; out[23]     ; No output delay, min/max delays, false-path exceptions, or max skew assignments found ;
; out[24]     ; No output delay, min/max delays, false-path exceptions, or max skew assignments found ;
; out[25]     ; No output delay, min/max delays, false-path exceptions, or max skew assignments found ;
; out[26]     ; No output delay, min/max delays, false-path exceptions, or max skew assignments found ;
; out[27]     ; No output delay, min/max delays, false-path exceptions, or max skew assignments found ;
; out[28]     ; No output delay, min/max delays, false-path exceptions, or max skew assignments found ;
; out[29]     ; No output delay, min/max delays, false-path exceptions, or max skew assignments found ;
; out[30]     ; No output delay, min/max delays, false-path exceptions, or max skew assignments found ;
; out[31]     ; No output delay, min/max delays, false-path exceptions, or max skew assignments found ;
; out[32]     ; No output delay, min/max delays, false-path exceptions, or max skew assignments found ;
; out[33]     ; No output delay, min/max delays, false-path exceptions, or max skew assignments found ;
; out[34]     ; No output delay, min/max delays, false-path exceptions, or max skew assignments found ;
; out[35]     ; No output delay, min/max delays, false-path exceptions, or max skew assignments found ;
; out[36]     ; No output delay, min/max delays, false-path exceptions, or max skew assignments found ;
; out[37]     ; No output delay, min/max delays, false-path exceptions, or max skew assignments found ;
; out[38]     ; No output delay, min/max delays, false-path exceptions, or max skew assignments found ;
; out[39]     ; No output delay, min/max delays, false-path exceptions, or max skew assignments found ;
; out[40]     ; No output delay, min/max delays, false-path exceptions, or max skew assignments found ;
; out[41]     ; No output delay, min/max delays, false-path exceptions, or max skew assignments found ;
; out[42]     ; No output delay, min/max delays, false-path exceptions, or max skew assignments found ;
; out[43]     ; No output delay, min/max delays, false-path exceptions, or max skew assignments found ;
; out[44]     ; No output delay, min/max delays, false-path exceptions, or max skew assignments found ;
; out[45]     ; No output delay, min/max delays, false-path exceptions, or max skew assignments found ;
; out[46]     ; No output delay, min/max delays, false-path exceptions, or max skew assignments found ;
; out[47]     ; No output delay, min/max delays, false-path exceptions, or max skew assignments found ;
; out[48]     ; No output delay, min/max delays, false-path exceptions, or max skew assignments found ;
; out[49]     ; No output delay, min/max delays, false-path exceptions, or max skew assignments found ;
; out[50]     ; No output delay, min/max delays, false-path exceptions, or max skew assignments found ;
; out[51]     ; No output delay, min/max delays, false-path exceptions, or max skew assignments found ;
; out[52]     ; No output delay, min/max delays, false-path exceptions, or max skew assignments found ;
; out[53]     ; No output delay, min/max delays, false-path exceptions, or max skew assignments found ;
; out[54]     ; No output delay, min/max delays, false-path exceptions, or max skew assignments found ;
; out[55]     ; No output delay, min/max delays, false-path exceptions, or max skew assignments found ;
; out[56]     ; No output delay, min/max delays, false-path exceptions, or max skew assignments found ;
; out[57]     ; No output delay, min/max delays, false-path exceptions, or max skew assignments found ;
; out[58]     ; No output delay, min/max delays, false-path exceptions, or max skew assignments found ;
; out[59]     ; No output delay, min/max delays, false-path exceptions, or max skew assignments found ;
; out[60]     ; No output delay, min/max delays, false-path exceptions, or max skew assignments found ;
; out[61]     ; No output delay, min/max delays, false-path exceptions, or max skew assignments found ;
; out[62]     ; No output delay, min/max delays, false-path exceptions, or max skew assignments found ;
; out[63]     ; No output delay, min/max delays, false-path exceptions, or max skew assignments found ;
; out[64]     ; No output delay, min/max delays, false-path exceptions, or max skew assignments found ;
; out[65]     ; No output delay, min/max delays, false-path exceptions, or max skew assignments found ;
; out[66]     ; No output delay, min/max delays, false-path exceptions, or max skew assignments found ;
; out[67]     ; No output delay, min/max delays, false-path exceptions, or max skew assignments found ;
; out[68]     ; No output delay, min/max delays, false-path exceptions, or max skew assignments found ;
; out[69]     ; No output delay, min/max delays, false-path exceptions, or max skew assignments found ;
; out[70]     ; No output delay, min/max delays, false-path exceptions, or max skew assignments found ;
; out[71]     ; No output delay, min/max delays, false-path exceptions, or max skew assignments found ;
; out[72]     ; No output delay, min/max delays, false-path exceptions, or max skew assignments found ;
; out[73]     ; No output delay, min/max delays, false-path exceptions, or max skew assignments found ;
; out[74]     ; No output delay, min/max delays, false-path exceptions, or max skew assignments found ;
; out[75]     ; No output delay, min/max delays, false-path exceptions, or max skew assignments found ;
; out[76]     ; No output delay, min/max delays, false-path exceptions, or max skew assignments found ;
; out[77]     ; No output delay, min/max delays, false-path exceptions, or max skew assignments found ;
; out[78]     ; No output delay, min/max delays, false-path exceptions, or max skew assignments found ;
; out[79]     ; No output delay, min/max delays, false-path exceptions, or max skew assignments found ;
; out[80]     ; No output delay, min/max delays, false-path exceptions, or max skew assignments found ;
; out[81]     ; No output delay, min/max delays, false-path exceptions, or max skew assignments found ;
; out[82]     ; No output delay, min/max delays, false-path exceptions, or max skew assignments found ;
; out[83]     ; No output delay, min/max delays, false-path exceptions, or max skew assignments found ;
; out[84]     ; No output delay, min/max delays, false-path exceptions, or max skew assignments found ;
; out[85]     ; No output delay, min/max delays, false-path exceptions, or max skew assignments found ;
; out[86]     ; No output delay, min/max delays, false-path exceptions, or max skew assignments found ;
; out[87]     ; No output delay, min/max delays, false-path exceptions, or max skew assignments found ;
; out[88]     ; No output delay, min/max delays, false-path exceptions, or max skew assignments found ;
; out[89]     ; No output delay, min/max delays, false-path exceptions, or max skew assignments found ;
; out[90]     ; No output delay, min/max delays, false-path exceptions, or max skew assignments found ;
; out[91]     ; No output delay, min/max delays, false-path exceptions, or max skew assignments found ;
; out[92]     ; No output delay, min/max delays, false-path exceptions, or max skew assignments found ;
; out[93]     ; No output delay, min/max delays, false-path exceptions, or max skew assignments found ;
; out[94]     ; No output delay, min/max delays, false-path exceptions, or max skew assignments found ;
; out[95]     ; No output delay, min/max delays, false-path exceptions, or max skew assignments found ;
; out[96]     ; No output delay, min/max delays, false-path exceptions, or max skew assignments found ;
; out[97]     ; No output delay, min/max delays, false-path exceptions, or max skew assignments found ;
; out[98]     ; No output delay, min/max delays, false-path exceptions, or max skew assignments found ;
; out[99]     ; No output delay, min/max delays, false-path exceptions, or max skew assignments found ;
; out[100]    ; No output delay, min/max delays, false-path exceptions, or max skew assignments found ;
; out[101]    ; No output delay, min/max delays, false-path exceptions, or max skew assignments found ;
; out[102]    ; No output delay, min/max delays, false-path exceptions, or max skew assignments found ;
; out[103]    ; No output delay, min/max delays, false-path exceptions, or max skew assignments found ;
; out[104]    ; No output delay, min/max delays, false-path exceptions, or max skew assignments found ;
; out[105]    ; No output delay, min/max delays, false-path exceptions, or max skew assignments found ;
; out[106]    ; No output delay, min/max delays, false-path exceptions, or max skew assignments found ;
; out[107]    ; No output delay, min/max delays, false-path exceptions, or max skew assignments found ;
; out[108]    ; No output delay, min/max delays, false-path exceptions, or max skew assignments found ;
; out[109]    ; No output delay, min/max delays, false-path exceptions, or max skew assignments found ;
; out[110]    ; No output delay, min/max delays, false-path exceptions, or max skew assignments found ;
; out[111]    ; No output delay, min/max delays, false-path exceptions, or max skew assignments found ;
; out[112]    ; No output delay, min/max delays, false-path exceptions, or max skew assignments found ;
; out[113]    ; No output delay, min/max delays, false-path exceptions, or max skew assignments found ;
; out[114]    ; No output delay, min/max delays, false-path exceptions, or max skew assignments found ;
; out[115]    ; No output delay, min/max delays, false-path exceptions, or max skew assignments found ;
; out[116]    ; No output delay, min/max delays, false-path exceptions, or max skew assignments found ;
; out[117]    ; No output delay, min/max delays, false-path exceptions, or max skew assignments found ;
; out[118]    ; No output delay, min/max delays, false-path exceptions, or max skew assignments found ;
; out[119]    ; No output delay, min/max delays, false-path exceptions, or max skew assignments found ;
; out[120]    ; No output delay, min/max delays, false-path exceptions, or max skew assignments found ;
; out[121]    ; No output delay, min/max delays, false-path exceptions, or max skew assignments found ;
; out[122]    ; No output delay, min/max delays, false-path exceptions, or max skew assignments found ;
; out[123]    ; No output delay, min/max delays, false-path exceptions, or max skew assignments found ;
; out[124]    ; No output delay, min/max delays, false-path exceptions, or max skew assignments found ;
; out[125]    ; No output delay, min/max delays, false-path exceptions, or max skew assignments found ;
; out[126]    ; No output delay, min/max delays, false-path exceptions, or max skew assignments found ;
; out[127]    ; No output delay, min/max delays, false-path exceptions, or max skew assignments found ;
; out[128]    ; No output delay, min/max delays, false-path exceptions, or max skew assignments found ;
; out[129]    ; No output delay, min/max delays, false-path exceptions, or max skew assignments found ;
; out[130]    ; No output delay, min/max delays, false-path exceptions, or max skew assignments found ;
; out[131]    ; No output delay, min/max delays, false-path exceptions, or max skew assignments found ;
; out[132]    ; No output delay, min/max delays, false-path exceptions, or max skew assignments found ;
; out[133]    ; No output delay, min/max delays, false-path exceptions, or max skew assignments found ;
; out[134]    ; No output delay, min/max delays, false-path exceptions, or max skew assignments found ;
; out[135]    ; No output delay, min/max delays, false-path exceptions, or max skew assignments found ;
; out[136]    ; No output delay, min/max delays, false-path exceptions, or max skew assignments found ;
; out[137]    ; No output delay, min/max delays, false-path exceptions, or max skew assignments found ;
; out[138]    ; No output delay, min/max delays, false-path exceptions, or max skew assignments found ;
; out[139]    ; No output delay, min/max delays, false-path exceptions, or max skew assignments found ;
; out[140]    ; No output delay, min/max delays, false-path exceptions, or max skew assignments found ;
; out[141]    ; No output delay, min/max delays, false-path exceptions, or max skew assignments found ;
; out[142]    ; No output delay, min/max delays, false-path exceptions, or max skew assignments found ;
; out[143]    ; No output delay, min/max delays, false-path exceptions, or max skew assignments found ;
; out[144]    ; No output delay, min/max delays, false-path exceptions, or max skew assignments found ;
; out[145]    ; No output delay, min/max delays, false-path exceptions, or max skew assignments found ;
; out[146]    ; No output delay, min/max delays, false-path exceptions, or max skew assignments found ;
; out[147]    ; No output delay, min/max delays, false-path exceptions, or max skew assignments found ;
; out[148]    ; No output delay, min/max delays, false-path exceptions, or max skew assignments found ;
; out[149]    ; No output delay, min/max delays, false-path exceptions, or max skew assignments found ;
; out[150]    ; No output delay, min/max delays, false-path exceptions, or max skew assignments found ;
; out[151]    ; No output delay, min/max delays, false-path exceptions, or max skew assignments found ;
; out[152]    ; No output delay, min/max delays, false-path exceptions, or max skew assignments found ;
; out[153]    ; No output delay, min/max delays, false-path exceptions, or max skew assignments found ;
; out[154]    ; No output delay, min/max delays, false-path exceptions, or max skew assignments found ;
; out[155]    ; No output delay, min/max delays, false-path exceptions, or max skew assignments found ;
; out[156]    ; No output delay, min/max delays, false-path exceptions, or max skew assignments found ;
; out[157]    ; No output delay, min/max delays, false-path exceptions, or max skew assignments found ;
; out[158]    ; No output delay, min/max delays, false-path exceptions, or max skew assignments found ;
; out[159]    ; No output delay, min/max delays, false-path exceptions, or max skew assignments found ;
; out[160]    ; No output delay, min/max delays, false-path exceptions, or max skew assignments found ;
; out[161]    ; No output delay, min/max delays, false-path exceptions, or max skew assignments found ;
; out[162]    ; No output delay, min/max delays, false-path exceptions, or max skew assignments found ;
; out[163]    ; No output delay, min/max delays, false-path exceptions, or max skew assignments found ;
; out[164]    ; No output delay, min/max delays, false-path exceptions, or max skew assignments found ;
; out[165]    ; No output delay, min/max delays, false-path exceptions, or max skew assignments found ;
; out[166]    ; No output delay, min/max delays, false-path exceptions, or max skew assignments found ;
; out[167]    ; No output delay, min/max delays, false-path exceptions, or max skew assignments found ;
; out[168]    ; No output delay, min/max delays, false-path exceptions, or max skew assignments found ;
; out[169]    ; No output delay, min/max delays, false-path exceptions, or max skew assignments found ;
; out[170]    ; No output delay, min/max delays, false-path exceptions, or max skew assignments found ;
; out[171]    ; No output delay, min/max delays, false-path exceptions, or max skew assignments found ;
; out[172]    ; No output delay, min/max delays, false-path exceptions, or max skew assignments found ;
; out[173]    ; No output delay, min/max delays, false-path exceptions, or max skew assignments found ;
; out[174]    ; No output delay, min/max delays, false-path exceptions, or max skew assignments found ;
; out[175]    ; No output delay, min/max delays, false-path exceptions, or max skew assignments found ;
; out[176]    ; No output delay, min/max delays, false-path exceptions, or max skew assignments found ;
; out[177]    ; No output delay, min/max delays, false-path exceptions, or max skew assignments found ;
; out[178]    ; No output delay, min/max delays, false-path exceptions, or max skew assignments found ;
; out[179]    ; No output delay, min/max delays, false-path exceptions, or max skew assignments found ;
; out[180]    ; No output delay, min/max delays, false-path exceptions, or max skew assignments found ;
; out[181]    ; No output delay, min/max delays, false-path exceptions, or max skew assignments found ;
; out[182]    ; No output delay, min/max delays, false-path exceptions, or max skew assignments found ;
; out[183]    ; No output delay, min/max delays, false-path exceptions, or max skew assignments found ;
; out[184]    ; No output delay, min/max delays, false-path exceptions, or max skew assignments found ;
; out[185]    ; No output delay, min/max delays, false-path exceptions, or max skew assignments found ;
; out[186]    ; No output delay, min/max delays, false-path exceptions, or max skew assignments found ;
; out[187]    ; No output delay, min/max delays, false-path exceptions, or max skew assignments found ;
; out[188]    ; No output delay, min/max delays, false-path exceptions, or max skew assignments found ;
; out[189]    ; No output delay, min/max delays, false-path exceptions, or max skew assignments found ;
; out[190]    ; No output delay, min/max delays, false-path exceptions, or max skew assignments found ;
; out[191]    ; No output delay, min/max delays, false-path exceptions, or max skew assignments found ;
; out[192]    ; No output delay, min/max delays, false-path exceptions, or max skew assignments found ;
; out[193]    ; No output delay, min/max delays, false-path exceptions, or max skew assignments found ;
; out[194]    ; No output delay, min/max delays, false-path exceptions, or max skew assignments found ;
; out[195]    ; No output delay, min/max delays, false-path exceptions, or max skew assignments found ;
; out[196]    ; No output delay, min/max delays, false-path exceptions, or max skew assignments found ;
; out[197]    ; No output delay, min/max delays, false-path exceptions, or max skew assignments found ;
; out[198]    ; No output delay, min/max delays, false-path exceptions, or max skew assignments found ;
; out[199]    ; No output delay, min/max delays, false-path exceptions, or max skew assignments found ;
; out[200]    ; No output delay, min/max delays, false-path exceptions, or max skew assignments found ;
; out[201]    ; No output delay, min/max delays, false-path exceptions, or max skew assignments found ;
; out[202]    ; No output delay, min/max delays, false-path exceptions, or max skew assignments found ;
; out[203]    ; No output delay, min/max delays, false-path exceptions, or max skew assignments found ;
; out[204]    ; No output delay, min/max delays, false-path exceptions, or max skew assignments found ;
; out[205]    ; No output delay, min/max delays, false-path exceptions, or max skew assignments found ;
; out[206]    ; No output delay, min/max delays, false-path exceptions, or max skew assignments found ;
; out[207]    ; No output delay, min/max delays, false-path exceptions, or max skew assignments found ;
; out[208]    ; No output delay, min/max delays, false-path exceptions, or max skew assignments found ;
; out[209]    ; No output delay, min/max delays, false-path exceptions, or max skew assignments found ;
; out[210]    ; No output delay, min/max delays, false-path exceptions, or max skew assignments found ;
; out[211]    ; No output delay, min/max delays, false-path exceptions, or max skew assignments found ;
; out[212]    ; No output delay, min/max delays, false-path exceptions, or max skew assignments found ;
; out[213]    ; No output delay, min/max delays, false-path exceptions, or max skew assignments found ;
; out[214]    ; No output delay, min/max delays, false-path exceptions, or max skew assignments found ;
; out[215]    ; No output delay, min/max delays, false-path exceptions, or max skew assignments found ;
; out[216]    ; No output delay, min/max delays, false-path exceptions, or max skew assignments found ;
; out[217]    ; No output delay, min/max delays, false-path exceptions, or max skew assignments found ;
; out[218]    ; No output delay, min/max delays, false-path exceptions, or max skew assignments found ;
; out[219]    ; No output delay, min/max delays, false-path exceptions, or max skew assignments found ;
; out[220]    ; No output delay, min/max delays, false-path exceptions, or max skew assignments found ;
; out[221]    ; No output delay, min/max delays, false-path exceptions, or max skew assignments found ;
; out[222]    ; No output delay, min/max delays, false-path exceptions, or max skew assignments found ;
; out[223]    ; No output delay, min/max delays, false-path exceptions, or max skew assignments found ;
; out[224]    ; No output delay, min/max delays, false-path exceptions, or max skew assignments found ;
; out[225]    ; No output delay, min/max delays, false-path exceptions, or max skew assignments found ;
; out[226]    ; No output delay, min/max delays, false-path exceptions, or max skew assignments found ;
; out[227]    ; No output delay, min/max delays, false-path exceptions, or max skew assignments found ;
; out[228]    ; No output delay, min/max delays, false-path exceptions, or max skew assignments found ;
; out[229]    ; No output delay, min/max delays, false-path exceptions, or max skew assignments found ;
; out[230]    ; No output delay, min/max delays, false-path exceptions, or max skew assignments found ;
; out[231]    ; No output delay, min/max delays, false-path exceptions, or max skew assignments found ;
; out[232]    ; No output delay, min/max delays, false-path exceptions, or max skew assignments found ;
; out[233]    ; No output delay, min/max delays, false-path exceptions, or max skew assignments found ;
; out[234]    ; No output delay, min/max delays, false-path exceptions, or max skew assignments found ;
; out[235]    ; No output delay, min/max delays, false-path exceptions, or max skew assignments found ;
; out[236]    ; No output delay, min/max delays, false-path exceptions, or max skew assignments found ;
; out[237]    ; No output delay, min/max delays, false-path exceptions, or max skew assignments found ;
; out[238]    ; No output delay, min/max delays, false-path exceptions, or max skew assignments found ;
; out[239]    ; No output delay, min/max delays, false-path exceptions, or max skew assignments found ;
; out[240]    ; No output delay, min/max delays, false-path exceptions, or max skew assignments found ;
; out[241]    ; No output delay, min/max delays, false-path exceptions, or max skew assignments found ;
; out[242]    ; No output delay, min/max delays, false-path exceptions, or max skew assignments found ;
; out[243]    ; No output delay, min/max delays, false-path exceptions, or max skew assignments found ;
; out[244]    ; No output delay, min/max delays, false-path exceptions, or max skew assignments found ;
; out[245]    ; No output delay, min/max delays, false-path exceptions, or max skew assignments found ;
; out[246]    ; No output delay, min/max delays, false-path exceptions, or max skew assignments found ;
; out[247]    ; No output delay, min/max delays, false-path exceptions, or max skew assignments found ;
; out[248]    ; No output delay, min/max delays, false-path exceptions, or max skew assignments found ;
; out[249]    ; No output delay, min/max delays, false-path exceptions, or max skew assignments found ;
; out[250]    ; No output delay, min/max delays, false-path exceptions, or max skew assignments found ;
; out[251]    ; No output delay, min/max delays, false-path exceptions, or max skew assignments found ;
; out[252]    ; No output delay, min/max delays, false-path exceptions, or max skew assignments found ;
; out[253]    ; No output delay, min/max delays, false-path exceptions, or max skew assignments found ;
; out[254]    ; No output delay, min/max delays, false-path exceptions, or max skew assignments found ;
; out[255]    ; No output delay, min/max delays, false-path exceptions, or max skew assignments found ;
; out_ready   ; No output delay, min/max delays, false-path exceptions, or max skew assignments found ;
+-------------+---------------------------------------------------------------------------------------+


+--------------------------+
; Timing Analyzer Messages ;
+--------------------------+
Info: *******************************************************************
Info: Running Quartus Prime Timing Analyzer
    Info: Version 24.1std.0 Build 1077 03/04/2025 SC Lite Edition
    Info: Processing started: Sun Dec  7 21:45:02 2025
Info: Command: quartus_sta version1 -c version1
Info: qsta_default_script.tcl version: #1
Warning (18236): Number of processors has not been specified which may cause overloading on shared machines.  Set the global assignment NUM_PARALLEL_PROCESSORS in your QSF to an appropriate value for best performance.
Info (20030): Parallel compilation is enabled and will use 6 of the 6 processors detected
Info (21077): Low junction temperature is 0 degrees C
Info (21077): High junction temperature is 85 degrees C
Info (332104): Reading SDC File: 'version1.sdc'
Info (332143): No user constrained clock uncertainty found in the design. Calling "derive_clock_uncertainty"
Info (332123): Deriving Clock Uncertainty. Please refer to report_sdc in the Timing Analyzer to see clock uncertainties.
Info: Found TIMING_ANALYZER_REPORT_SCRIPT_INCLUDE_DEFAULT_ANALYSIS = ON
Info: Analyzing Slow 1100mV 85C Model
Info (332146): Worst-case setup slack is 7.304
    Info (332119):     Slack       End Point TNS Clock 
    Info (332119): ========= =================== =====================
    Info (332119):     7.304               0.000 clk 
Info (332146): Worst-case hold slack is 0.404
    Info (332119):     Slack       End Point TNS Clock 
    Info (332119): ========= =================== =====================
    Info (332119):     0.404               0.000 clk 
Info (332140): No Recovery paths to report
Info (332140): No Removal paths to report
Info (332146): Worst-case minimum pulse width slack is 9.164
    Info (332119):     Slack       End Point TNS Clock 
    Info (332119): ========= =================== =====================
    Info (332119):     9.164               0.000 clk 
Info: Analyzing Slow 1100mV 0C Model
Info (334003): Started post-fitting delay annotation
Info (334004): Delay annotation completed successfully
Info (332123): Deriving Clock Uncertainty. Please refer to report_sdc in the Timing Analyzer to see clock uncertainties.
Info (332146): Worst-case setup slack is 7.452
    Info (332119):     Slack       End Point TNS Clock 
    Info (332119): ========= =================== =====================
    Info (332119):     7.452               0.000 clk 
Info (332146): Worst-case hold slack is 0.389
    Info (332119):     Slack       End Point TNS Clock 
    Info (332119): ========= =================== =====================
    Info (332119):     0.389               0.000 clk 
Info (332140): No Recovery paths to report
Info (332140): No Removal paths to report
Info (332146): Worst-case minimum pulse width slack is 9.006
    Info (332119):     Slack       End Point TNS Clock 
    Info (332119): ========= =================== =====================
    Info (332119):     9.006               0.000 clk 
Info: Analyzing Fast 1100mV 85C Model
Info (334003): Started post-fitting delay annotation
Info (334004): Delay annotation completed successfully
Info (332123): Deriving Clock Uncertainty. Please refer to report_sdc in the Timing Analyzer to see clock uncertainties.
Info (332146): Worst-case setup slack is 13.364
    Info (332119):     Slack       End Point TNS Clock 
    Info (332119): ========= =================== =====================
    Info (332119):    13.364               0.000 clk 
Info (332146): Worst-case hold slack is 0.181
    Info (332119):     Slack       End Point TNS Clock 
    Info (332119): ========= =================== =====================
    Info (332119):     0.181               0.000 clk 
Info (332140): No Recovery paths to report
Info (332140): No Removal paths to report
Info (332146): Worst-case minimum pulse width slack is 9.438
    Info (332119):     Slack       End Point TNS Clock 
    Info (332119): ========= =================== =====================
    Info (332119):     9.438               0.000 clk 
Info: Analyzing Fast 1100mV 0C Model
Info (332123): Deriving Clock Uncertainty. Please refer to report_sdc in the Timing Analyzer to see clock uncertainties.
Info (332146): Worst-case setup slack is 14.180
    Info (332119):     Slack       End Point TNS Clock 
    Info (332119): ========= =================== =====================
    Info (332119):    14.180               0.000 clk 
Info (332146): Worst-case hold slack is 0.167
    Info (332119):     Slack       End Point TNS Clock 
    Info (332119): ========= =================== =====================
    Info (332119):     0.167               0.000 clk 
Info (332140): No Recovery paths to report
Info (332140): No Removal paths to report
Info (332146): Worst-case minimum pulse width slack is 9.437
    Info (332119):     Slack       End Point TNS Clock 
    Info (332119): ========= =================== =====================
    Info (332119):     9.437               0.000 clk 
Info (332102): Design is not fully constrained for setup requirements
Info (332102): Design is not fully constrained for hold requirements
Info: Quartus Prime Timing Analyzer was successful. 0 errors, 1 warning
    Info: Peak virtual memory: 5655 megabytes
    Info: Processing ended: Sun Dec  7 21:45:21 2025
    Info: Elapsed time: 00:00:19
    Info: Total CPU time (on all processors): 00:00:47


